img_id,pais,clase_pred,tipo_via,barrio,confianza,area_rel,aspecto,cy_rel,cx_rel,n_det_imagen,lat,lon,prioridad
demo_0,demo,D00,colectora,Centro,0.78808,0.17209,0.28715,0.56058,0.17246,5,-25.28161,-57.63403,media
demo_1,demo,D10,local,San Vicente,0.31308,0.02199,12.51785,0.43493,0.45046,5,-25.3099,-57.60726,media
demo_2,demo,D10,colectora,Trinidad,0.24156,0.02971,12.86757,0.43086,0.39231,5,-25.25252,-57.59563,media
demo_3,demo,D10,colectora,Centro,0.14891,0.03226,12.64145,0.41646,0.32685,5,-25.28511,-57.64104,media
demo_4,demo,D10,colectora,Las Mercedes,0.13789,0.0063,5.75072,0.39718,0.09721,5,-25.29802,-57.62008,baja
demo_5,demo,D20,local,Recoleta,0.29304,0.02609,0.77211,0.79865,0.34803,2,-25.29543,-57.60754,media
demo_6,demo,D00,local,Recoleta,0.15745,0.02642,0.74841,0.80204,0.34511,2,-25.29376,-57.60993,media
demo_7,demo,D40,local,Sajonia,0.26151,0.02352,0.47555,0.35789,0.84006,1,-25.28686,-57.64723,alta
demo_8,demo,D10,arterial,Villa Morra,0.51189,0.01306,5.48363,0.75598,0.78689,6,-25.29579,-57.57489,media
demo_9,demo,D00,colectora,Sajonia,0.45168,0.04561,0.67402,0.69705,0.56638,6,-25.29035,-57.64769,media
demo_10,demo,D00,colectora,Villa Morra,0.36502,0.02182,0.71155,0.91216,0.83044,6,-25.29231,-57.57602,media
demo_11,demo,D00,arterial,Mburucuyá,0.20994,0.00342,0.65452,0.57031,0.34906,6,-25.28285,-57.58004,media
demo_12,demo,D00,local,Carmelitas,0.15199,0.05705,0.51129,0.8319,0.3463,6,-25.28339,-57.57196,media
demo_13,demo,D10,local,Las Mercedes,0.10585,0.00506,4.02463,0.69609,0.2983,6,-25.29389,-57.61411,baja
demo_14,demo,D00,local,Carmelitas,0.19798,0.00066,0.38072,0.65649,0.39751,2,-25.28774,-57.57457,baja
demo_15,demo,D00,arterial,Recoleta,0.14734,0.0011,0.4436,0.65561,0.39972,2,-25.28679,-57.60567,baja
demo_16,demo,D40,local,Barrio Obrero,0.70259,0.01394,1.10606,0.40598,0.44814,3,-25.31881,-57.62035,media
demo_17,demo,D40,local,Mburucuyá,0.31528,0.02907,3.23414,0.47604,0.81843,3,-25.2799,-57.58291,alta
demo_18,demo,D40,colectora,Mburucuyá,0.20094,0.00927,1.06551,0.14012,0.45049,3,-25.27701,-57.57783,baja
demo_19,demo,D20,local,Mburucuyá,0.71025,0.33976,1.89713,0.7884,0.40636,1,-25.28121,-57.58041,alta
demo_20,demo,D20,local,Centro,0.80942,0.2536,1.23705,0.77302,0.28005,5,-25.2806,-57.63692,alta
demo_21,demo,D00,local,Trinidad,0.64464,0.14004,2.29609,0.12348,0.28352,5,-25.25858,-57.59265,media
demo_22,demo,D00,colectora,Recoleta,0.17969,0.07073,0.9492,0.47416,0.67745,5,-25.29439,-57.60658,media
demo_23,demo,D00,arterial,Recoleta,0.16583,0.03185,0.96392,0.43104,0.71871,5,-25.28618,-57.6041,media
demo_24,demo,D00,local,Recoleta,0.12336,0.01577,1.65756,0.37322,0.6101,5,-25.28912,-57.60715,baja
demo_25,demo,D00,colectora,Mburucuyá,0.61111,0.03031,1.12302,0.79913,0.65279,1,-25.27507,-57.57732,media
demo_26,demo,D10,colectora,Barrio Obrero,0.36057,0.00288,4.63178,0.74777,0.55223,4,-25.31311,-57.62416,baja
demo_27,demo,D20,local,Recoleta,0.29516,0.01967,1.40289,0.94079,0.78912,4,-25.29143,-57.61077,media
demo_28,demo,D10,local,Carmelitas,0.2273,0.014,10.36982,0.74691,0.41411,4,-25.28552,-57.57503,baja
demo_29,demo,D10,local,Barrio Obrero,0.18565,0.0052,6.24689,0.74804,0.30966,4,-25.32044,-57.62399,baja
demo_30,demo,D40,local,Sajonia,0.34217,0.01242,2.91665,0.51131,0.55948,7,-25.29512,-57.6535,media
demo_31,demo,D40,local,San Vicente,0.2829,0.02745,4.67863,0.52691,0.4848,7,-25.30999,-57.60461,alta
demo_32,demo,D40,colectora,Carmelitas,0.28047,0.01273,2.14549,0.69033,0.08262,7,-25.28662,-57.57387,media
demo_33,demo,D40,colectora,Las Mercedes,0.22872,0.00295,1.8421,0.56586,0.28585,7,-25.29439,-57.624,media
demo_34,demo,D40,colectora,Barrio Obrero,0.21535,0.01879,1.45631,0.68119,0.08272,7,-25.31422,-57.62589,media
demo_35,demo,D40,colectora,Recoleta,0.18007,0.0229,4.08116,0.51804,0.50009,7,-25.29025,-57.60679,alta
demo_36,demo,D40,colectora,Mburucuyá,0.107,0.0078,3.19953,0.63771,0.08007,7,-25.2844,-57.58668,media
demo_37,demo,D40,local,Barrio Obrero,0.80966,0.01169,2.00419,0.84175,0.58127,4,-25.3188,-57.62429,media
demo_38,demo,D40,arterial,Recoleta,0.30413,0.00322,1.7323,0.69458,0.62303,4,-25.2949,-57.60878,alta
demo_39,demo,D40,colectora,Trinidad,0.26452,0.00373,2.30077,0.76171,0.62004,4,-25.26268,-57.59985,media
demo_40,demo,D40,colectora,Barrio Obrero,0.11444,0.00295,2.31643,0.76004,0.60935,4,-25.31347,-57.62556,media
demo_41,demo,D00,local,Recoleta,0.16343,0.00742,0.40262,0.76485,0.435,1,-25.29024,-57.6116,baja
demo_42,demo,D00,colectora,Recoleta,0.20958,0.00646,0.26812,0.76998,0.56555,4,-25.28844,-57.61149,baja
demo_43,demo,D00,colectora,Sajonia,0.19339,0.06366,0.92932,0.81027,0.18517,4,-25.29645,-57.64571,media
demo_44,demo,D00,colectora,Centro,0.15827,0.00443,0.27491,0.78733,0.56887,4,-25.28516,-57.64128,baja
demo_45,demo,D00,local,Carmelitas,0.10764,0.00306,0.27384,0.79323,0.57047,4,-25.28923,-57.57771,baja
demo_46,demo,D40,local,Centro,0.39393,0.00762,3.28865,0.58488,0.57273,3,-25.27648,-57.6321,media
demo_47,demo,D40,colectora,Trinidad,0.26651,0.01489,2.32963,0.59945,0.58551,3,-25.25909,-57.60114,media
demo_48,demo,D40,arterial,Carmelitas,0.2198,0.04164,1.08317,0.65404,0.59885,3,-25.28857,-57.57472,alta
demo_49,demo,D00,local,Sajonia,0.63315,0.10182,0.10314,0.50322,0.4624,3,-25.29883,-57.64401,media
demo_50,demo,D00,colectora,Villa Morra,0.27306,0.07419,0.10484,0.57941,0.47307,3,-25.29616,-57.57696,media
demo_51,demo,D00,colectora,Centro,0.15618,0.06166,0.07777,0.44522,0.44416,3,-25.28503,-57.63584,media
demo_52,demo,D00,colectora,Sajonia,0.5929,0.10886,0.10907,0.49958,0.61778,2,-25.2929,-57.64432,media
demo_53,demo,D00,arterial,Carmelitas,0.1409,0.09979,0.14045,0.57854,0.63297,2,-25.28103,-57.57094,alta
demo_54,demo,D20,colectora,Centro,0.79618,0.18889,0.46314,0.5231,0.85211,3,-25.28272,-57.63303,alta
demo_55,demo,D20,arterial,Barrio Obrero,0.5637,0.16958,0.90027,0.50075,0.23068,3,-25.31512,-57.62779,alta
demo_56,demo,D00,arterial,Recoleta,0.17428,0.00496,0.51857,0.34582,0.3384,3,-25.29298,-57.61169,media
demo_57,demo,D40,local,Las Mercedes,0.16724,0.00482,1.61731,0.70744,0.08498,2,-25.28919,-57.62297,baja
demo_58,demo,D00,arterial,Sajonia,0.13069,0.00769,0.61098,0.72935,0.35661,2,-25.29328,-57.6409,media
demo_59,demo,D40,arterial,San Vicente,0.22663,0.00428,0.71694,0.22326,0.02768,3,-25.3128,-57.60891,alta
demo_60,demo,D10,local,Trinidad,0.18408,0.18877,5.24957,0.90421,0.49965,3,-25.25108,-57.59534,media
demo_61,demo,D40,arterial,Las Mercedes,0.10254,0.01199,0.35277,0.17036,0.03252,3,-25.29531,-57.62205,alta
demo_62,demo,D10,arterial,San Vicente,0.59702,0.01036,8.13708,0.71334,0.38488,2,-25.31008,-57.6057,media
demo_63,demo,D00,colectora,Mburucuyá,0.26124,0.02879,0.44873,0.74077,0.54923,2,-25.28236,-57.58077,media
demo_64,demo,D20,colectora,Carmelitas,0.76671,0.26683,3.26477,0.83103,0.46667,1,-25.28498,-57.57191,alta
demo_65,demo,D00,arterial,Recoleta,0.14783,0.02058,0.64074,0.76515,0.36039,1,-25.29455,-57.61078,media
demo_66,demo,D10,arterial,Sajonia,0.48321,0.0673,4.01558,0.20791,0.26065,5,-25.29054,-57.6472,media
demo_67,demo,D00,local,Mburucuyá,0.17944,0.0095,0.95166,0.22091,0.56077,5,-25.28069,-57.58209,baja
demo_68,demo,D10,local,Recoleta,0.17417,0.00671,2.96197,0.28776,0.92928,5,-25.29135,-57.60964,baja
demo_69,demo,D10,arterial,Barrio Obrero,0.11072,0.07549,3.44109,0.18413,0.25483,5,-25.31213,-57.62481,media
demo_70,demo,D00,arterial,Trinidad,0.10396,0.02229,0.17542,0.45221,0.51769,5,-25.25495,-57.59992,media
demo_71,demo,D00,local,Recoleta,0.12121,0.01314,0.6633,0.91601,0.82193,1,-25.29065,-57.61164,baja
demo_72,demo,D00,local,Carmelitas,0.14333,0.04503,0.38573,0.82264,0.41404,1,-25.28794,-57.56763,media
demo_73,demo,D00,colectora,Barrio Obrero,0.54666,0.07006,0.50584,0.80095,0.11985,2,-25.32157,-57.62514,media
demo_74,demo,D00,arterial,Carmelitas,0.12606,0.04172,0.35325,0.81893,0.4155,2,-25.28567,-57.57164,media
demo_75,demo,D00,arterial,Mburucuyá,0.80554,0.01796,0.39233,0.89008,0.25573,1,-25.2823,-57.5755,media
demo_76,demo,D10,arterial,Las Mercedes,0.1037,0.01509,2.38021,0.55512,0.90525,1,-25.29127,-57.62116,baja
demo_77,demo,D00,local,Recoleta,0.33136,0.04091,0.39868,0.83881,0.52673,1,-25.29643,-57.61093,media
demo_78,demo,D20,local,Trinidad,0.64057,0.22602,4.23408,0.72153,0.49756,2,-25.25696,-57.59367,alta
demo_79,demo,D20,arterial,Trinidad,0.12471,0.16637,3.22695,0.73103,0.6216,2,-25.26489,-57.59251,alta
demo_80,demo,D20,colectora,Trinidad,0.75217,0.20618,1.79793,0.83055,0.5382,3,-25.25911,-57.5933,alta
demo_81,demo,D00,arterial,Centro,0.51128,0.02,1.08661,0.87705,0.1425,3,-25.2791,-57.6391,media
demo_82,demo,D10,arterial,Villa Morra,0.20112,0.01652,7.263,0.72375,0.26003,3,-25.29414,-57.5788,media
demo_83,demo,D00,arterial,Trinidad,0.56591,0.01376,0.56493,0.78318,0.35328,14,-25.25915,-57.59831,media
demo_84,demo,D00,colectora,Las Mercedes,0.40307,0.00166,0.39543,0.66725,0.3252,14,-25.2884,-57.62502,baja
demo_85,demo,D10,local,Recoleta,0.17927,0.00348,6.45066,0.6987,0.40394,14,-25.2979,-57.61365,baja
demo_86,demo,D20,arterial,San Vicente,0.15386,0.03281,0.61078,0.7951,0.15979,14,-25.31169,-57.60757,alta
demo_87,demo,D10,colectora,Barrio Obrero,0.1508,0.0021,5.12976,0.70051,0.27944,14,-25.31112,-57.61788,baja
demo_88,demo,D00,colectora,Las Mercedes,0.14078,0.00326,0.57006,0.87974,0.10989,14,-25.29561,-57.62209,baja
demo_89,demo,D00,colectora,Sajonia,0.13884,0.03145,0.60365,0.79714,0.16046,14,-25.29313,-57.64574,media
demo_90,demo,D10,arterial,San Vicente,0.12915,0.00186,3.79698,0.70384,0.26972,14,-25.31037,-57.60732,baja
demo_91,demo,D00,colectora,Villa Morra,0.11722,0.00652,0.65701,0.94168,0.03272,14,-25.29284,-57.58058,baja
demo_92,demo,D00,local,Carmelitas,0.11009,0.02421,1.17481,0.70063,0.08974,14,-25.28378,-57.57297,media
demo_93,demo,D10,arterial,Centro,0.10662,0.00722,10.42162,0.69889,0.35534,14,-25.27829,-57.64305,media
demo_94,demo,D00,local,Barrio Obrero,0.10451,0.0163,1.03904,0.72401,0.0662,14,-25.32052,-57.62635,baja
demo_95,demo,D20,colectora,Centro,0.10104,0.01576,0.64673,0.73409,0.19409,14,-25.2804,-57.63508,baja
demo_96,demo,D10,local,Villa Morra,0.10016,0.00411,6.46732,0.70278,0.40521,14,-25.28976,-57.5718,baja
demo_97,demo,D00,colectora,Carmelitas,0.16403,0.00634,0.19972,0.28693,0.28653,1,-25.28115,-57.57418,baja
demo_98,demo,D10,arterial,San Vicente,0.52296,0.01278,6.45153,0.53569,0.30979,6,-25.31216,-57.6001,media
demo_99,demo,D00,local,Carmelitas,0.27024,0.00159,0.47516,0.39504,0.74371,6,-25.28484,-57.5753,baja
demo_100,demo,D00,local,Mburucuyá,0.23259,0.00971,0.32164,0.76706,0.60208,6,-25.28185,-57.5753,baja
demo_101,demo,D10,arterial,Sajonia,0.18388,0.0354,7.85645,0.5801,0.73632,6,-25.29245,-57.65106,media
demo_102,demo,D10,colectora,Recoleta,0.16895,0.00573,6.11532,0.46647,0.33888,6,-25.29192,-57.60969,baja
demo_103,demo,D20,arterial,Recoleta,0.11821,0.37773,1.4874,0.62173,0.62522,6,-25.29295,-57.60961,alta
demo_104,demo,D10,colectora,Villa Morra,0.44308,0.00693,7.37876,0.67921,0.29543,6,-25.29635,-57.5774,baja
demo_105,demo,D00,colectora,Centro,0.26735,0.0047,0.23381,0.69711,0.42589,6,-25.28354,-57.63881,baja
demo_106,demo,D10,colectora,Carmelitas,0.23014,0.01017,9.18715,0.68052,0.25749,6,-25.27824,-57.5726,baja
demo_107,demo,D10,local,Villa Morra,0.13114,0.02982,12.49178,0.67156,0.45797,6,-25.29655,-57.5803,media
demo_108,demo,D00,local,Trinidad,0.12515,0.00702,0.27367,0.70464,0.42876,6,-25.26306,-57.59511,baja
demo_109,demo,D10,arterial,Trinidad,0.11347,0.01113,5.49531,0.66813,0.6368,6,-25.2591,-57.59436,media
demo_110,demo,D40,arterial,Recoleta,0.35037,0.00462,1.44127,0.7527,0.80154,2,-25.29549,-57.60572,alta
demo_111,demo,D40,local,Carmelitas,0.14634,0.00185,1.45215,0.67196,0.75049,2,-25.29188,-57.57465,media
demo_112,demo,D00,local,Trinidad,0.64,0.14265,1.13957,0.81867,0.72121,4,-25.26055,-57.59492,media
demo_113,demo,D00,arterial,Mburucuyá,0.56751,0.02961,0.52516,0.72945,0.43086,4,-25.28281,-57.58303,media
demo_114,demo,D00,local,Centro,0.16857,0.06399,0.51274,0.79836,0.46489,4,-25.28343,-57.63256,media
demo_115,demo,D00,arterial,San Vicente,0.12984,0.0018,0.40418,0.64085,0.38299,4,-25.31266,-57.60212,baja
demo_116,demo,D00,local,Centro,0.5317,0.01216,0.59593,0.92855,0.34047,2,-25.28123,-57.6376,baja
demo_117,demo,D00,arterial,Recoleta,0.20844,0.01737,0.83938,0.92808,0.3239,2,-25.29637,-57.60547,media
demo_118,demo,D00,arterial,Carmelitas,0.71715,0.01285,0.47791,0.75325,0.50028,1,-25.28627,-57.57119,media
demo_119,demo,D00,arterial,Mburucuyá,0.3826,0.05973,0.7943,0.8221,0.16144,6,-25.28164,-57.57795,media
demo_120,demo,D00,arterial,Villa Morra,0.2952,0.03744,0.82178,0.88459,0.70596,6,-25.2954,-57.57186,media
demo_121,demo,D00,local,Carmelitas,0.23592,0.04045,0.99453,0.79142,0.17182,6,-25.28075,-57.5784,media
demo_122,demo,D00,arterial,Trinidad,0.13812,0.0082,0.79783,0.65282,0.53507,6,-25.25441,-57.59675,media
demo_123,demo,D00,colectora,Barrio Obrero,0.13382,0.00545,0.72933,0.65679,0.53749,6,-25.31573,-57.62397,baja
demo_124,demo,D00,colectora,Villa Morra,0.10385,0.06339,0.83894,0.78976,0.1764,6,-25.29296,-57.57507,baja
demo_125,demo,D10,local,Trinidad,0.54705,0.01131,5.81677,0.81209,0.28834,8,-25.25718,-57.59454,baja
demo_126,demo,D00,local,Mburucuyá,0.22365,0.00765,2.35552,0.97121,0.06761,8,-25.27785,-57.57808,baja
demo_127,demo,D20,local,Carmelitas,0.17844,0.15688,1.874,0.84988,0.7281,8,-25.28251,-57.57284,alta
demo_128,demo,D00,colectora,Las Mercedes,0.17528,0.00532,1.52571,0.97046,0.09035,8,-25.29651,-57.61904,baja
demo_129,demo,D00,local,Villa Morra,0.13364,0.00357,1.04477,0.97075,0.10361,8,-25.2925,-57.57593,baja
demo_130,demo,D20,arterial,Carmelitas,0.13134,0.08657,1.09371,0.85802,0.61524,8,-25.28234,-57.57115,alta
demo_131,demo,D10,colectora,Centro,0.12749,0.00219,3.55767,0.8586,0.21956,8,-25.28767,-57.63609,baja
demo_132,demo,D10,arterial,Trinidad,0.10463,0.01878,3.06026,0.91299,0.88013,8,-25.2594,-57.59421,media
demo_133,demo,D20,arterial,Carmelitas,0.70726,0.13962,1.52627,0.84877,0.33624,4,-25.2906,-57.57475,alta
demo_134,demo,D20,arterial,Carmelitas,0.37432,0.09616,1.06846,0.84872,0.83873,4,-25.29119,-57.5709,alta
demo_135,demo,D20,local,San Vicente,0.17007,0.03501,1.20867,0.91351,0.896,4,-25.31317,-57.60578,media
demo_136,demo,D20,colectora,Trinidad,0.1156,0.02424,1.79751,0.76016,0.79031,4,-25.2565,-57.60204,media
demo_137,demo,D00,local,Las Mercedes,0.76723,0.067,0.82764,0.85774,0.79302,2,-25.28949,-57.62351,media
demo_138,demo,D00,local,Carmelitas,0.14691,0.00216,0.51077,0.71127,0.5757,2,-25.28458,-57.57117,baja
demo_139,demo,D00,local,Carmelitas,0.77507,0.19129,0.42494,0.4076,0.85745,5,-25.28859,-57.57285,media
demo_140,demo,D00,colectora,Mburucuyá,0.58571,0.00123,0.18879,0.29478,0.59056,5,-25.27742,-57.57529,baja
demo_141,demo,D10,colectora,Carmelitas,0.56769,0.11178,7.74615,0.66847,0.52684,5,-25.28693,-57.57461,media
demo_142,demo,D10,local,Recoleta,0.2452,0.08145,11.3494,0.65149,0.51877,5,-25.29226,-57.61599,media
demo_143,demo,D00,colectora,Trinidad,0.12177,0.00177,0.18331,0.6141,0.24315,5,-25.25954,-57.5892,baja
demo_144,demo,D20,local,Trinidad,0.33423,0.11188,0.94522,0.82489,0.72979,3,-25.25541,-57.59181,alta
demo_145,demo,D00,colectora,Carmelitas,0.23739,0.01568,0.8799,0.93283,0.22096,3,-25.28068,-57.56901,baja
demo_146,demo,D00,local,Trinidad,0.13279,0.01903,1.1371,0.7017,0.074,3,-25.25746,-57.59749,baja
demo_147,demo,D20,colectora,Trinidad,0.66295,0.23847,2.91746,0.83468,0.57481,1,-25.25626,-57.59301,alta
demo_148,demo,D10,local,Las Mercedes,0.49415,0.00996,4.23141,0.84121,0.72133,2,-25.29317,-57.6217,baja
demo_149,demo,D10,local,Centro,0.16698,0.00662,4.90355,0.64411,0.5897,2,-25.2863,-57.64203,baja
demo_150,demo,D40,local,Las Mercedes,0.33568,0.00417,0.65256,0.66349,0.63199,1,-25.2934,-57.62548,media
demo_151,demo,D00,colectora,Carmelitas,0.60033,0.03772,0.32354,0.81457,0.28902,1,-25.28164,-57.57533,media
demo_152,demo,D00,colectora,Villa Morra,0.16307,0.04656,0.95677,0.6132,0.71091,1,-25.29456,-57.58158,media
demo_153,demo,D00,colectora,San Vicente,0.63164,0.26942,0.30347,0.52801,0.30047,3,-25.3135,-57.60303,media
demo_154,demo,D00,arterial,Sajonia,0.46219,0.11771,0.54288,0.7659,0.8671,3,-25.295,-57.64333,alta
demo_155,demo,D00,arterial,Barrio Obrero,0.11341,0.13171,0.44023,0.72313,0.84096,3,-25.31898,-57.62878,alta
demo_156,demo,D00,local,Centro,0.33857,0.01585,0.70751,0.72241,0.06793,1,-25.28054,-57.63378,baja
demo_157,demo,D20,local,Carmelitas,0.2862,0.03165,0.94452,0.78344,0.91355,4,-25.28044,-57.57189,media
demo_158,demo,D20,local,Recoleta,0.21887,0.04717,0.66617,0.80952,0.91136,4,-25.29446,-57.61281,media
demo_159,demo,D20,colectora,Villa Morra,0.19804,0.10891,1.08188,0.84136,0.49693,4,-25.29237,-57.58193,alta
demo_160,demo,D20,colectora,Carmelitas,0.12692,0.07735,0.88866,0.85221,0.44234,4,-25.28932,-57.57669,media
demo_161,demo,D10,arterial,Centro,0.1371,0.0051,2.36157,0.71922,0.31812,1,-25.28015,-57.64205,baja
demo_162,demo,D40,arterial,Mburucuyá,0.71664,0.01171,2.28528,0.89957,0.74888,6,-25.28048,-57.58403,alta
demo_163,demo,D40,arterial,Barrio Obrero,0.42835,0.00373,1.45937,0.93678,0.82593,6,-25.31855,-57.62603,alta
demo_164,demo,D40,local,Las Mercedes,0.17814,0.01097,1.43926,0.89565,0.63793,6,-25.29477,-57.62476,media
demo_165,demo,D40,arterial,Centro,0.17096,0.00387,1.23532,0.94255,0.83332,6,-25.284,-57.63538,alta
demo_166,demo,D20,arterial,Sajonia,0.12142,0.00873,0.92104,0.79244,0.72044,6,-25.2931,-57.64436,media
demo_167,demo,D40,local,Carmelitas,0.11311,0.0064,1.26631,0.94445,0.8321,6,-25.28813,-57.5753,media
demo_168,demo,D40,arterial,Mburucuyá,0.14755,0.03278,1.40185,0.14262,0.89201,1,-25.28152,-57.58187,alta
demo_169,demo,D40,arterial,Villa Morra,0.85712,0.0097,2.36142,0.8103,0.51708,9,-25.29752,-57.57791,alta
demo_170,demo,D40,local,Recoleta,0.40744,0.00239,1.8638,0.62997,0.52103,9,-25.28949,-57.60676,media
demo_171,demo,D40,local,Mburucuyá,0.38525,0.00827,3.1821,0.66347,0.40495,9,-25.27914,-57.58177,media
demo_172,demo,D40,local,Centro,0.30475,0.01645,3.03812,0.66432,0.43304,9,-25.28136,-57.63649,media
demo_173,demo,D40,colectora,Las Mercedes,0.28564,0.02937,3.4429,0.60014,0.23903,9,-25.29438,-57.62768,alta
demo_174,demo,D40,arterial,Sajonia,0.19831,0.00228,1.45072,0.6814,0.51892,9,-25.28871,-57.65178,alta
demo_175,demo,D00,arterial,Villa Morra,0.18121,0.01955,0.94143,0.75229,0.75732,9,-25.29614,-57.57696,media
demo_176,demo,D40,arterial,Villa Morra,0.15181,0.01029,3.05175,0.66247,0.42646,9,-25.29678,-57.57904,alta
demo_177,demo,D20,local,Mburucuyá,0.14042,0.13093,1.45647,0.84898,0.22134,9,-25.27795,-57.58223,alta
demo_178,demo,D00,colectora,Mburucuyá,0.35539,0.01125,0.35928,0.78296,0.51954,2,-25.28369,-57.58504,baja
demo_179,demo,D00,local,Villa Morra,0.26989,0.01432,0.58681,0.78197,0.39009,2,-25.29081,-57.58378,baja
demo_180,demo,D00,local,Villa Morra,0.66677,0.05856,1.49852,0.86081,0.85113,1,-25.29296,-57.57771,media
demo_181,demo,D10,arterial,Mburucuyá,0.32927,0.06735,9.09876,0.38336,0.60638,2,-25.27892,-57.58093,media
demo_182,demo,D10,local,Recoleta,0.11058,0.09112,10.39676,0.3703,0.51335,2,-25.28884,-57.61124,media
demo_183,demo,D10,arterial,Barrio Obrero,0.33995,0.04107,2.32387,0.6792,0.15465,8,-25.31238,-57.62305,media
demo_184,demo,D00,arterial,Mburucuyá,0.26752,0.01959,0.27652,0.70893,0.62681,8,-25.27933,-57.57896,media
demo_185,demo,D10,local,San Vicente,0.24435,0.01214,4.15284,0.77994,0.50453,8,-25.31108,-57.60364,baja
demo_186,demo,D10,colectora,Barrio Obrero,0.20797,0.03058,3.29263,0.6595,0.1594,8,-25.31787,-57.62887,media
demo_187,demo,D10,colectora,Recoleta,0.19102,0.02018,5.95267,0.52277,0.40897,8,-25.29862,-57.60642,media
demo_188,demo,D10,colectora,Trinidad,0.15352,0.02175,4.01598,0.55495,0.63244,8,-25.26026,-57.59315,media
demo_189,demo,D10,local,Sajonia,0.12856,0.01447,4.60703,0.56146,0.63483,8,-25.29911,-57.65189,baja
demo_190,demo,D10,local,Centro,0.10109,0.0269,4.24316,0.54587,0.65423,8,-25.28369,-57.63543,media
demo_191,demo,D00,local,Carmelitas,0.338,0.01162,0.28051,0.75096,0.33254,1,-25.28104,-57.57105,baja
demo_192,demo,D10,arterial,Recoleta,0.80284,0.12641,2.57508,0.88922,0.28875,5,-25.29252,-57.61188,alta
demo_193,demo,D00,colectora,Sajonia,0.46852,0.00515,0.49169,0.65112,0.31464,5,-25.29242,-57.65161,baja
demo_194,demo,D00,local,Trinidad,0.38196,0.02349,0.21022,0.83133,0.35309,5,-25.25991,-57.59237,media
demo_195,demo,D10,colectora,Mburucuyá,0.27512,0.05166,4.36958,0.84455,0.33096,5,-25.27931,-57.5807,media
demo_196,demo,D00,arterial,Recoleta,0.21288,0.00492,0.18725,0.75504,0.36836,5,-25.29254,-57.60882,media
demo_197,demo,D10,local,Sajonia,0.34469,0.11076,5.13288,0.10434,0.37876,6,-25.29078,-57.64941,media
demo_198,demo,D00,arterial,Mburucuyá,0.23964,0.01317,1.22481,0.49742,0.40147,6,-25.27971,-57.58864,media
demo_199,demo,D00,local,Centro,0.23157,0.02466,0.25716,0.29603,0.31554,6,-25.28868,-57.63853,media
demo_200,demo,D00,local,Trinidad,0.14952,0.03484,0.52115,0.86942,0.3864,6,-25.26178,-57.59652,media
demo_201,demo,D00,arterial,Trinidad,0.13098,0.05716,0.37905,0.34114,0.35501,6,-25.25991,-57.59712,media
demo_202,demo,D00,arterial,Carmelitas,0.10678,0.03121,0.24523,0.32367,0.3248,6,-25.28804,-57.57392,media
demo_203,demo,D20,arterial,Carmelitas,0.84543,0.27032,1.68391,0.79967,0.62088,1,-25.28454,-57.57659,alta
demo_204,demo,D10,local,Centro,0.51276,0.03831,4.58398,0.84095,0.79047,1,-25.28434,-57.63114,media
demo_205,demo,D10,local,Mburucuyá,0.15985,0.00895,10.27356,0.68458,0.26025,2,-25.28552,-57.58117,baja
demo_206,demo,D20,local,Centro,0.13656,0.0095,0.39182,0.69906,0.41897,2,-25.28093,-57.6345,baja
demo_207,demo,D00,local,Sajonia,0.72705,0.01304,0.62313,0.79367,0.16304,3,-25.29483,-57.64086,baja
demo_208,demo,D10,arterial,Mburucuyá,0.30866,0.00429,4.88723,0.73667,0.07284,3,-25.28204,-57.57548,media
demo_209,demo,D00,arterial,Villa Morra,0.28918,0.04554,1.21232,0.85119,0.88252,3,-25.29383,-57.57875,media
demo_210,demo,D00,local,Carmelitas,0.15702,0.00496,0.3675,0.70323,0.4585,2,-25.2854,-57.57093,baja
demo_211,demo,D00,arterial,San Vicente,0.15255,0.0138,0.80398,0.72038,0.56406,2,-25.31549,-57.60841,media
demo_212,demo,D40,local,Trinidad,0.34698,0.00279,1.74243,0.68716,0.5373,11,-25.25978,-57.59068,media
demo_213,demo,D40,colectora,Las Mercedes,0.27636,0.00488,2.32121,0.62401,0.15642,11,-25.2967,-57.62053,media
demo_214,demo,D40,colectora,Las Mercedes,0.24241,0.00528,1.64704,0.64205,0.55317,11,-25.28702,-57.62333,media
demo_215,demo,D40,local,Recoleta,0.23319,0.00173,1.46185,0.68753,0.5298,11,-25.29226,-57.60839,media
demo_216,demo,D40,colectora,Barrio Obrero,0.16397,0.00744,2.90752,0.58084,0.4829,11,-25.31512,-57.62815,media
demo_217,demo,D40,local,San Vicente,0.13558,0.00466,1.87679,0.57725,0.51736,11,-25.30874,-57.60774,media
demo_218,demo,D40,local,Recoleta,0.12135,0.01235,3.59668,0.626,0.21488,11,-25.28766,-57.60516,media
demo_219,demo,D40,arterial,Sajonia,0.11376,0.0053,2.42325,0.72443,0.18498,11,-25.29505,-57.64669,alta
demo_220,demo,D40,local,Mburucuyá,0.10885,0.0014,1.26223,0.65352,0.41821,11,-25.27551,-57.57203,baja
demo_221,demo,D40,colectora,Barrio Obrero,0.10585,0.00447,2.34698,0.62184,0.27703,11,-25.32261,-57.62523,media
demo_222,demo,D40,colectora,Villa Morra,0.10075,0.00766,1.3667,0.64352,0.55293,11,-25.29057,-57.57142,media
demo_223,demo,D10,local,Recoleta,0.16764,0.00485,3.86627,0.62855,0.93154,1,-25.28629,-57.61472,baja
demo_224,demo,D20,colectora,San Vicente,0.58621,0.23861,1.29018,0.78497,0.50169,1,-25.31061,-57.60646,alta
demo_225,demo,D20,arterial,Recoleta,0.49538,0.02316,0.79839,0.86364,0.5364,3,-25.29042,-57.607,alta
demo_226,demo,D10,local,Carmelitas,0.22515,0.02044,9.48533,0.90757,0.73931,3,-25.2834,-57.56758,media
demo_227,demo,D10,local,Recoleta,0.10994,0.005,6.33654,0.9042,0.41908,3,-25.29486,-57.6101,baja
demo_228,demo,D10,arterial,San Vicente,0.26141,0.01819,5.71101,0.54689,0.83863,1,-25.31361,-57.61214,media
demo_229,demo,D00,arterial,Villa Morra,0.7386,0.13251,0.63888,0.76428,0.29624,3,-25.29439,-57.57499,alta
demo_230,demo,D00,colectora,San Vicente,0.66248,0.04865,1.13452,0.88953,0.84297,3,-25.30831,-57.60938,media
demo_231,demo,D10,local,Villa Morra,0.20332,0.00937,4.49886,0.54305,0.72061,3,-25.29144,-57.58279,baja
demo_232,demo,D00,arterial,San Vicente,0.13165,0.01827,0.74017,0.87157,0.79563,1,-25.30954,-57.59903,media
demo_233,demo,D10,arterial,San Vicente,0.50958,0.00783,6.65506,0.71604,0.68452,8,-25.3102,-57.60911,media
demo_234,demo,D00,arterial,Carmelitas,0.50656,0.03172,1.27293,0.92081,0.79626,8,-25.28422,-57.56844,media
demo_235,demo,D00,local,Trinidad,0.41254,0.02044,0.42808,0.80432,0.29994,8,-25.25864,-57.59775,media
demo_236,demo,D00,arterial,Sajonia,0.30117,0.11752,1.11469,0.83613,0.70554,8,-25.29563,-57.64288,alta
demo_237,demo,D10,arterial,Barrio Obrero,0.23592,0.02224,8.72963,0.71694,0.77969,8,-25.31777,-57.62498,media
demo_238,demo,D20,colectora,Barrio Obrero,0.22278,0.02232,0.46769,0.80339,0.30286,8,-25.31461,-57.62416,media
demo_239,demo,D00,local,Recoleta,0.19051,0.0345,0.74594,0.78807,0.61754,8,-25.28739,-57.61153,media
demo_240,demo,D10,local,Carmelitas,0.11506,0.01419,8.6454,0.71391,0.74504,8,-25.2851,-57.57254,baja
demo_241,demo,D40,local,Las Mercedes,0.66545,0.04403,2.18304,0.72341,0.15604,3,-25.28899,-57.62477,alta
demo_242,demo,D40,local,Sajonia,0.14805,0.00222,1.47973,0.61445,0.57569,3,-25.29279,-57.64809,media
demo_243,demo,D40,local,Trinidad,0.12816,0.00549,2.05116,0.60035,0.46209,3,-25.26205,-57.59561,media
demo_244,demo,D00,colectora,Trinidad,0.25247,0.01593,0.82301,0.92905,0.26052,1,-25.26004,-57.59143,baja
demo_245,demo,D00,local,San Vicente,0.23057,0.01724,0.34448,0.35953,0.17175,1,-25.30915,-57.60764,baja
demo_246,demo,D00,arterial,Carmelitas,0.50645,0.00576,0.50478,0.81223,0.36687,1,-25.28506,-57.57114,media
demo_247,demo,D00,arterial,San Vicente,0.65009,0.00652,0.42019,0.8772,0.17812,4,-25.31333,-57.6027,media
demo_248,demo,D10,colectora,Sajonia,0.45021,0.06138,3.93766,0.79066,0.24582,4,-25.29336,-57.64737,media
demo_249,demo,D00,arterial,Sajonia,0.4393,0.17416,1.20407,0.80984,0.62031,4,-25.29415,-57.65024,alta
demo_250,demo,D00,arterial,Trinidad,0.27285,0.11324,1.36354,0.85591,0.65599,4,-25.25974,-57.59702,alta
demo_251,demo,D00,local,Sajonia,0.71476,0.03257,0.5756,0.38672,0.16403,13,-25.29861,-57.64679,media
demo_252,demo,D00,arterial,Centro,0.54131,0.29047,1.19094,0.72422,0.62565,13,-25.28365,-57.63932,alta
demo_253,demo,D00,colectora,Carmelitas,0.52113,0.0109,0.13642,0.14137,0.22615,13,-25.28624,-57.57266,baja
demo_254,demo,D00,colectora,Barrio Obrero,0.36508,0.00889,2.09701,0.96744,0.93162,13,-25.3145,-57.62843,baja
demo_255,demo,D00,arterial,Trinidad,0.26032,0.00445,2.63715,0.25726,0.30553,13,-25.25779,-57.59547,media
demo_256,demo,D00,arterial,Mburucuyá,0.22824,0.19259,1.27788,0.67007,0.58072,13,-25.28024,-57.57714,alta
demo_257,demo,D00,arterial,Recoleta,0.22407,0.00321,0.13266,0.56105,0.51903,13,-25.2856,-57.60796,media
demo_258,demo,D00,colectora,Carmelitas,0.20176,0.01428,0.9626,0.41708,0.4412,13,-25.28309,-57.57435,baja
demo_259,demo,D10,colectora,Sajonia,0.19029,0.00801,2.34088,0.97014,0.93152,13,-25.29251,-57.64744,baja
demo_260,demo,D00,local,Recoleta,0.15002,0.00325,3.22888,0.25191,0.29759,13,-25.29793,-57.60367,baja
demo_261,demo,D00,local,Trinidad,0.11947,0.00365,0.14221,0.56815,0.52202,13,-25.26481,-57.59011,baja
demo_262,demo,D00,local,San Vicente,0.10553,0.01588,0.91086,0.43068,0.45312,13,-25.30947,-57.60121,baja
demo_263,demo,D00,arterial,San Vicente,0.10522,0.01113,1.83436,0.27539,0.32531,13,-25.31571,-57.60547,media
demo_264,demo,D00,local,Recoleta,0.10295,0.01096,1.28656,0.79203,0.72275,1,-25.29466,-57.60182,baja
demo_265,demo,D20,colectora,Recoleta,0.27205,0.3782,0.47734,0.55084,0.55209,4,-25.2946,-57.61345,alta
demo_266,demo,D00,arterial,Carmelitas,0.15056,0.00458,0.59036,0.04419,0.52118,4,-25.28289,-57.5756,media
demo_267,demo,D20,colectora,Recoleta,0.1172,0.2319,0.45316,0.45366,0.51646,4,-25.29023,-57.60579,alta
demo_268,demo,D20,local,Recoleta,0.10233,0.13711,0.58248,0.33988,0.498,4,-25.29088,-57.60984,alta
demo_269,demo,D10,arterial,Las Mercedes,0.31078,0.0059,5.89928,0.65553,0.3283,1,-25.29156,-57.62184,media
demo_270,demo,D20,colectora,Villa Morra,0.30357,0.00847,0.35315,0.65297,0.48601,2,-25.29726,-57.57475,baja
demo_271,demo,D20,colectora,Barrio Obrero,0.22641,0.00451,0.42183,0.67595,0.48537,2,-25.31614,-57.62586,media
demo_272,demo,D20,colectora,Villa Morra,0.56132,0.30464,2.58834,0.64104,0.55601,1,-25.28724,-57.57462,alta
demo_273,demo,D00,local,Centro,0.5712,0.05257,0.34967,0.80568,0.31981,5,-25.28558,-57.63474,media
demo_274,demo,D10,arterial,Centro,0.50923,0.01787,6.36251,0.94736,0.57851,5,-25.28824,-57.63341,media
demo_275,demo,D00,colectora,Las Mercedes,0.45763,0.00193,0.51114,0.76268,0.51391,5,-25.29634,-57.62761,baja
demo_276,demo,D10,arterial,Villa Morra,0.32089,0.00603,5.59425,0.68243,0.48002,5,-25.29637,-57.57865,media
demo_277,demo,D00,arterial,Centro,0.20262,0.08553,0.74483,0.80482,0.17227,5,-25.28416,-57.64183,alta
demo_278,demo,D20,local,Villa Morra,0.58031,0.54131,1.83088,0.27216,0.50224,2,-25.29313,-57.57743,alta
demo_279,demo,D20,arterial,Recoleta,0.13525,0.64276,1.55169,0.67819,0.49962,2,-25.29093,-57.60521,alta
demo_280,demo,D00,local,San Vicente,0.20752,0.00034,0.30734,0.58697,0.31668,2,-25.31272,-57.60664,baja
demo_281,demo,D00,colectora,Las Mercedes,0.14074,0.0005,0.44612,0.58577,0.31361,2,-25.29275,-57.62201,baja
demo_282,demo,D10,arterial,Mburucuyá,0.49659,0.01179,6.91402,0.75374,0.84098,1,-25.28074,-57.58074,media
demo_283,demo,D00,local,Centro,0.30389,0.0034,0.47249,0.61929,0.20529,1,-25.28619,-57.6355,baja
demo_284,demo,D20,local,Centro,0.56558,0.18891,1.96854,0.84511,0.69509,5,-25.28267,-57.63605,alta
demo_285,demo,D40,arterial,Mburucuyá,0.56385,0.01997,0.76973,0.77892,0.4491,5,-25.27706,-57.57435,alta
demo_286,demo,D20,local,Sajonia,0.25418,0.11347,1.36415,0.85534,0.80328,5,-25.29006,-57.64736,alta
demo_287,demo,D40,arterial,Sajonia,0.18958,0.00312,1.76414,0.71896,0.4501,5,-25.29761,-57.64558,alta
demo_288,demo,D10,local,Las Mercedes,0.18121,0.00474,5.32041,0.80399,0.29717,5,-25.29154,-57.62633,baja
demo_289,demo,D00,arterial,Sajonia,0.46694,0.02128,1.40129,0.29947,0.75462,3,-25.29488,-57.65178,media
demo_290,demo,D00,arterial,Mburucuyá,0.28884,0.02924,1.36995,0.31388,0.77165,3,-25.2814,-57.5773,media
demo_291,demo,D10,colectora,Barrio Obrero,0.20708,0.00452,2.85312,0.50377,0.94323,3,-25.31789,-57.62395,baja
demo_292,demo,D00,local,Recoleta,0.37285,0.03821,0.68512,0.87829,0.57078,3,-25.29026,-57.6071,media
demo_293,demo,D00,local,Mburucuyá,0.18562,0.0073,0.59305,0.81355,0.52232,3,-25.28273,-57.57862,baja
demo_294,demo,D00,colectora,San Vicente,0.11025,0.00987,0.69307,0.93917,0.61385,3,-25.31749,-57.60971,baja
demo_295,demo,D00,local,Carmelitas,0.70184,0.00617,0.26439,0.77425,0.4298,5,-25.28695,-57.57275,baja
demo_296,demo,D10,colectora,Carmelitas,0.59236,0.10852,5.49592,0.83245,0.40419,5,-25.28133,-57.57582,media
demo_297,demo,D10,arterial,Centro,0.25976,0.05138,4.28735,0.81722,0.54893,5,-25.28422,-57.63636,media
demo_298,demo,D10,arterial,Mburucuyá,0.17918,0.00502,2.7934,0.77912,0.0592,5,-25.2796,-57.58314,media
demo_299,demo,D10,colectora,Villa Morra,0.1359,0.02082,4.26131,0.85875,0.15526,5,-25.29497,-57.57785,baja
demo_300,demo,D20,colectora,Recoleta,0.21812,0.06928,1.84269,0.85825,0.81998,1,-25.28875,-57.60516,media
demo_301,demo,D20,local,Centro,0.54519,0.10157,1.43815,0.86712,0.3029,3,-25.28159,-57.63584,alta
demo_302,demo,D40,local,Recoleta,0.36513,0.00168,1.70722,0.79977,0.53746,3,-25.28474,-57.60833,media
demo_303,demo,D40,local,Villa Morra,0.18521,0.0012,1.82224,0.73628,0.43849,3,-25.29197,-57.57811,media
demo_304,demo,D10,local,Centro,0.39867,0.0557,16.95847,0.08884,0.49193,4,-25.28716,-57.63254,media
demo_305,demo,D10,arterial,San Vicente,0.28276,0.05271,17.22332,0.46552,0.52318,4,-25.31209,-57.60917,media
demo_306,demo,D10,arterial,Sajonia,0.16415,0.04663,14.33365,0.09498,0.41203,4,-25.28948,-57.64774,media
demo_307,demo,D10,arterial,Recoleta,0.14446,0.02813,13.5555,0.09209,0.34563,4,-25.2974,-57.60957,media
demo_308,demo,D00,local,Carmelitas,0.6239,0.07248,0.91653,0.85923,0.65178,6,-25.27955,-57.57183,media
demo_309,demo,D00,local,San Vicente,0.49041,0.01232,0.44049,0.9152,0.14199,6,-25.31233,-57.60721,baja
demo_310,demo,D00,arterial,Sajonia,0.38424,0.00622,0.38716,0.66352,0.25701,6,-25.29609,-57.64213,media
demo_311,demo,D10,colectora,Las Mercedes,0.37953,0.02219,2.63119,0.95078,0.87919,6,-25.29556,-57.62552,media
demo_312,demo,D10,local,Trinidad,0.15209,0.00717,5.8298,0.74721,0.77797,6,-25.25983,-57.60196,baja
demo_313,demo,D00,arterial,Carmelitas,0.14431,0.04912,0.94874,0.88589,0.66736,6,-25.28509,-57.57185,media
demo_314,demo,D00,colectora,Barrio Obrero,0.14643,0.0592,0.70802,0.85542,0.73727,1,-25.3185,-57.62571,media
demo_315,demo,D00,colectora,Recoleta,0.79953,0.01036,0.47396,0.68699,0.52282,2,-25.29326,-57.60813,baja
demo_316,demo,D10,local,Recoleta,0.18014,0.00228,1.86232,0.87139,0.96742,2,-25.28764,-57.61046,baja
demo_317,demo,D40,local,Las Mercedes,0.55811,0.00765,1.13534,0.87681,0.36793,2,-25.29578,-57.62717,media
demo_318,demo,D20,local,Barrio Obrero,0.16955,0.05409,1.49365,0.81107,0.85756,2,-25.31626,-57.62637,media
demo_319,demo,D10,local,Las Mercedes,0.5526,0.09511,5.64797,0.06996,0.37789,10,-25.29076,-57.62259,media
demo_320,demo,D00,arterial,San Vicente,0.23136,0.01134,1.27799,0.40194,0.42274,10,-25.30731,-57.60775,media
demo_321,demo,D00,arterial,Sajonia,0.20953,0.00671,0.54904,0.15785,0.32782,10,-25.29499,-57.64805,media
demo_322,demo,D00,local,Barrio Obrero,0.1954,0.03566,0.67404,0.32302,0.39631,10,-25.31549,-57.62475,media
demo_323,demo,D10,local,Mburucuyá,0.12804,0.12638,7.9126,0.06436,0.5,10,-25.28346,-57.57752,media
demo_324,demo,D10,local,Sajonia,0.12679,0.0339,4.05766,0.05113,0.52349,10,-25.29348,-57.64394,media
demo_325,demo,D00,local,Recoleta,0.12444,0.05099,0.55303,0.29415,0.39211,10,-25.29095,-57.60776,media
demo_326,demo,D00,colectora,Barrio Obrero,0.10476,0.00745,0.32902,0.27755,0.34658,10,-25.31528,-57.62763,baja
demo_327,demo,D00,arterial,Sajonia,0.10244,0.05181,0.28564,0.78306,0.41917,10,-25.29513,-57.64742,media
demo_328,demo,D00,local,Las Mercedes,0.10025,0.02074,0.31145,0.23053,0.33572,10,-25.29241,-57.62384,media
demo_329,demo,D00,colectora,Sajonia,0.5062,0.01929,0.72102,0.91573,0.76176,5,-25.29904,-57.64479,baja
demo_330,demo,D00,local,Centro,0.36828,0.09624,1.18599,0.79557,0.82958,5,-25.28014,-57.6323,media
demo_331,demo,D00,arterial,Barrio Obrero,0.17771,0.03852,1.32266,0.73431,0.76678,5,-25.32029,-57.62234,media
demo_332,demo,D00,colectora,Centro,0.1685,0.02141,0.86289,0.8903,0.93203,5,-25.28635,-57.63314,media
demo_333,demo,D00,local,Centro,0.12924,0.02461,0.968,0.92027,0.784,5,-25.28784,-57.63874,media
demo_334,demo,D00,arterial,San Vicente,0.7169,0.00413,0.45439,0.33636,0.24583,5,-25.31424,-57.60928,media
demo_335,demo,D00,local,Barrio Obrero,0.68365,0.15859,0.30256,0.63801,0.28496,5,-25.31564,-57.62934,media
demo_336,demo,D00,local,Mburucuyá,0.60497,0.11118,0.5353,0.77213,0.72971,5,-25.27663,-57.58086,media
demo_337,demo,D00,colectora,Recoleta,0.56732,0.05261,1.15411,0.36154,0.8768,5,-25.28693,-57.60819,media
demo_338,demo,D00,arterial,Mburucuyá,0.1629,0.00538,0.46944,0.46071,0.71028,5,-25.27587,-57.5764,media
demo_339,demo,D00,local,Carmelitas,0.21181,0.00462,0.49612,0.79235,0.47495,2,-25.28479,-57.57647,baja
demo_340,demo,D00,local,Barrio Obrero,0.10569,0.00695,0.55368,0.79799,0.4739,2,-25.3183,-57.63208,baja
demo_341,demo,D00,arterial,Sajonia,0.42231,0.01341,0.39199,0.66563,0.26917,1,-25.29516,-57.64538,media
demo_342,demo,D20,local,Barrio Obrero,0.70166,0.11891,1.60813,0.86401,0.77768,1,-25.31637,-57.62152,alta
demo_343,demo,D00,colectora,San Vicente,0.28483,0.01829,0.32185,0.70905,0.41953,6,-25.31059,-57.61095,baja
demo_344,demo,D10,colectora,Carmelitas,0.21649,0.02476,11.23792,0.70254,0.43854,6,-25.28548,-57.57748,media
demo_345,demo,D20,local,Carmelitas,0.18625,0.0302,2.46368,0.6759,0.1365,6,-25.28317,-57.57054,media
demo_346,demo,D00,arterial,Sajonia,0.17089,0.01285,0.3275,0.68731,0.42285,6,-25.29839,-57.6522,media
demo_347,demo,D20,arterial,Villa Morra,0.10761,0.01993,3.3749,0.67487,0.1458,6,-25.29507,-57.58163,baja
demo_348,demo,D00,colectora,San Vicente,0.10308,0.00237,0.68832,0.8419,0.24027,6,-25.31369,-57.59976,baja
demo_349,demo,D40,colectora,Mburucuyá,0.49788,0.00521,1.16736,0.65866,0.59984,1,-25.28145,-57.58307,media
demo_350,demo,D10,colectora,Trinidad,0.408,0.02695,4.0913,0.58242,0.78497,4,-25.25889,-57.59664,media
demo_351,demo,D10,colectora,Carmelitas,0.16425,0.03401,3.47464,0.59213,0.81189,4,-25.28468,-57.57724,media
demo_352,demo,D10,colectora,Barrio Obrero,0.15439,0.0056,4.06556,0.62442,0.73804,4,-25.31526,-57.6272,baja
demo_353,demo,D20,arterial,San Vicente,0.12864,0.03758,3.36364,0.59126,0.79169,4,-25.31244,-57.6055,alta
demo_354,demo,D40,arterial,Las Mercedes,0.21555,0.00237,1.11549,0.75767,0.53391,1,-25.29116,-57.62667,alta
demo_355,demo,D20,colectora,Barrio Obrero,0.45045,0.04014,1.42302,0.9159,0.31693,2,-25.31669,-57.62153,media
demo_356,demo,D20,colectora,Centro,0.11817,0.01927,1.37681,0.94084,0.91855,2,-25.28622,-57.63903,baja
demo_357,demo,D00,local,San Vicente,0.28214,0.00966,0.77486,0.83278,0.74081,3,-25.3097,-57.60331,baja
demo_358,demo,D10,arterial,Barrio Obrero,0.15608,0.02098,10.80656,0.78017,0.41328,3,-25.3189,-57.62448,media
demo_359,demo,D10,arterial,Las Mercedes,0.10964,0.03224,7.58008,0.78244,0.45651,3,-25.28866,-57.62265,media
demo_360,demo,D00,arterial,Barrio Obrero,0.6949,0.01441,0.25671,0.71184,0.34921,7,-25.3195,-57.61946,media
demo_361,demo,D00,local,Trinidad,0.64,0.00485,1.26289,0.58874,0.08821,7,-25.2617,-57.5963,baja
demo_362,demo,D00,colectora,Centro,0.49128,0.00124,0.46164,0.53597,0.2747,7,-25.28158,-57.63837,baja
demo_363,demo,D00,local,Recoleta,0.20995,0.00129,0.39363,0.64472,0.14029,7,-25.29022,-57.60798,baja
demo_364,demo,D10,colectora,Barrio Obrero,0.14428,0.00151,3.03396,0.67487,0.3843,7,-25.31627,-57.62442,baja
demo_365,demo,D20,local,Trinidad,0.1334,0.02783,0.87936,0.65144,0.07822,7,-25.25798,-57.59534,media
demo_366,demo,D00,local,San Vicente,0.12072,0.0017,0.60672,0.63544,0.46047,7,-25.30822,-57.60468,baja
demo_367,demo,D20,local,Recoleta,0.31799,0.03656,2.91679,0.84478,0.83473,5,-25.28806,-57.60824,media
demo_368,demo,D20,arterial,Barrio Obrero,0.20658,0.0237,1.97297,0.7499,0.7238,5,-25.32,-57.62394,alta
demo_369,demo,D20,local,Centro,0.14876,0.03362,2.46518,0.82835,0.80617,5,-25.27958,-57.63543,media
demo_370,demo,D20,arterial,Las Mercedes,0.13807,0.0542,2.14591,0.8278,0.82109,5,-25.29552,-57.62027,alta
demo_371,demo,D20,local,Barrio Obrero,0.13486,0.01563,2.0321,0.73761,0.70809,5,-25.31455,-57.62293,baja
demo_372,demo,D00,arterial,San Vicente,0.38844,0.00747,0.15566,0.66544,0.44559,4,-25.30682,-57.60437,media
demo_373,demo,D00,arterial,Recoleta,0.19913,0.01548,0.62853,0.90898,0.14961,4,-25.29228,-57.60712,media
demo_374,demo,D00,local,Barrio Obrero,0.12918,0.05168,0.53528,0.73427,0.29315,4,-25.31839,-57.63008,media
demo_375,demo,D00,local,Villa Morra,0.11228,0.00121,0.3092,0.75201,0.44936,4,-25.29517,-57.57744,baja
demo_376,demo,D00,arterial,Mburucuyá,0.61554,0.07156,0.66236,0.83309,0.78061,3,-25.28293,-57.57639,media
demo_377,demo,D00,local,Las Mercedes,0.48665,0.01166,0.50462,0.92248,0.96156,3,-25.29132,-57.62981,baja
demo_378,demo,D00,colectora,Mburucuyá,0.24719,0.01289,0.38802,0.75932,0.59906,3,-25.28136,-57.58385,baja
demo_379,demo,D00,arterial,Carmelitas,0.22502,0.00367,0.40439,0.88545,0.52158,1,-25.28985,-57.57004,media
demo_380,demo,D20,local,Las Mercedes,0.82341,0.39025,2.56217,0.66287,0.50003,1,-25.29499,-57.62106,alta
demo_381,demo,D00,colectora,Carmelitas,0.66678,0.00439,0.64318,0.90767,0.04164,3,-25.28694,-57.57128,baja
demo_382,demo,D20,local,Mburucuyá,0.51007,0.0422,0.56628,0.74145,0.19643,3,-25.27821,-57.57848,media
demo_383,demo,D00,local,Las Mercedes,0.35952,0.04163,0.57224,0.73994,0.19252,3,-25.29114,-57.62057,media
demo_384,demo,D00,colectora,Villa Morra,0.64567,0.00418,0.30519,0.8101,0.28328,1,-25.29333,-57.57615,baja
demo_385,demo,D20,arterial,Barrio Obrero,0.22842,0.02267,0.86296,0.73237,0.56821,1,-25.31444,-57.62635,alta
demo_386,demo,D10,colectora,Las Mercedes,0.21263,0.00818,5.22413,0.51899,0.77129,4,-25.29286,-57.62016,baja
demo_387,demo,D00,local,Mburucuyá,0.20062,0.00688,0.60394,0.68404,0.65452,4,-25.27729,-57.5806,baja
demo_388,demo,D20,arterial,Recoleta,0.19941,0.184,0.87991,0.74368,0.79881,4,-25.29492,-57.60379,alta
demo_389,demo,D10,arterial,Carmelitas,0.15285,0.00966,4.74723,0.60728,0.89214,4,-25.28046,-57.57096,media
demo_390,demo,D00,local,Carmelitas,0.40028,0.01484,0.27801,0.75087,0.51718,6,-25.28958,-57.57124,baja
demo_391,demo,D10,local,Recoleta,0.37946,0.00998,5.33434,0.73862,0.64294,6,-25.29562,-57.6038,baja
demo_392,demo,D00,local,Recoleta,0.35954,0.00963,0.24711,0.8058,0.39043,6,-25.28977,-57.60675,baja
demo_393,demo,D00,local,Centro,0.28242,0.01195,1.70818,0.67997,0.75078,6,-25.28262,-57.63511,baja
demo_394,demo,D00,arterial,San Vicente,0.14789,0.02776,0.30556,0.8467,0.37145,6,-25.31274,-57.6039,media
demo_395,demo,D00,arterial,Centro,0.10029,0.01422,0.20882,0.83212,0.38625,6,-25.27989,-57.63559,media
demo_396,demo,D00,colectora,Sajonia,0.331,0.0057,1.58831,0.89402,0.81184,2,-25.28922,-57.64765,baja
demo_397,demo,D00,arterial,Sajonia,0.13297,0.00429,1.39717,0.88884,0.80376,2,-25.29474,-57.64835,media
demo_398,demo,D10,arterial,Trinidad,0.4782,0.00778,5.56117,0.56791,0.65288,9,-25.25638,-57.5951,media
demo_399,demo,D10,colectora,Recoleta,0.42241,0.00546,4.83538,0.66877,0.8351,9,-25.29125,-57.60592,baja
demo_400,demo,D00,local,Carmelitas,0.31642,0.04185,1.11386,0.64989,0.55847,9,-25.28955,-57.5776,media
demo_401,demo,D10,arterial,Barrio Obrero,0.29214,0.01778,4.56286,0.81269,0.15185,9,-25.31559,-57.62883,media
demo_402,demo,D10,arterial,Villa Morra,0.20907,0.00296,4.875,0.5193,0.59442,9,-25.29115,-57.58303,media
demo_403,demo,D00,colectora,Recoleta,0.13899,0.00186,0.56964,0.56174,0.36153,9,-25.29344,-57.60652,baja
demo_404,demo,D00,local,Centro,0.13638,0.01069,1.4342,0.92774,0.46843,9,-25.27879,-57.63506,baja
demo_405,demo,D00,local,Carmelitas,0.11634,0.01337,1.23559,0.72705,0.87853,9,-25.2845,-57.56764,baja
demo_406,demo,D10,arterial,Mburucuyá,0.10604,0.01792,7.04887,0.95819,0.44018,9,-25.27706,-57.57462,media
demo_407,demo,D00,local,Carmelitas,0.60609,0.09205,0.14558,0.39765,0.08693,4,-25.2848,-57.57152,media
demo_408,demo,D00,colectora,Recoleta,0.26165,0.09801,0.10072,0.49323,0.07984,4,-25.29179,-57.60492,media
demo_409,demo,D10,colectora,Villa Morra,0.19882,0.02214,4.45825,0.69452,0.21402,4,-25.2923,-57.57741,media
demo_410,demo,D10,colectora,Centro,0.115,0.01163,3.78169,0.68796,0.1704,4,-25.2872,-57.63753,baja
demo_411,demo,D20,local,Sajonia,0.54401,0.20673,1.26565,0.79792,0.74369,3,-25.29564,-57.64745,alta
demo_412,demo,D40,local,Sajonia,0.2413,0.00618,1.25151,0.90734,0.67781,3,-25.29086,-57.64941,media
demo_413,demo,D40,arterial,Recoleta,0.17334,0.01707,1.7649,0.90833,0.64302,3,-25.29175,-57.60881,alta
demo_414,demo,D00,arterial,Las Mercedes,0.1407,0.0049,0.2361,0.70204,0.44271,2,-25.29438,-57.6228,baja
demo_415,demo,D00,local,Mburucuyá,0.10344,0.00328,0.2397,0.71383,0.44425,2,-25.27908,-57.58302,baja
demo_416,demo,D00,arterial,Barrio Obrero,0.26184,0.04862,0.41919,0.82278,0.12981,1,-25.31045,-57.61891,media
demo_417,demo,D20,local,Las Mercedes,0.63913,0.31744,2.29002,0.81352,0.54103,3,-25.2988,-57.62386,alta
demo_418,demo,D10,colectora,Villa Morra,0.3889,0.00672,4.74463,0.63408,0.64824,3,-25.29391,-57.58341,baja
demo_419,demo,D10,colectora,Villa Morra,0.17971,0.01807,5.04871,0.77799,0.84786,3,-25.29513,-57.57682,baja
demo_420,demo,D00,local,Centro,0.22387,0.00632,0.38983,0.7904,0.41984,3,-25.28592,-57.6354,baja
demo_421,demo,D00,colectora,Carmelitas,0.2144,0.01498,0.38377,0.75165,0.43274,3,-25.27925,-57.57414,baja
demo_422,demo,D00,arterial,Trinidad,0.10189,0.01056,0.40806,0.77305,0.42757,3,-25.25989,-57.59081,media
demo_423,demo,D00,local,Villa Morra,0.15588,0.0025,0.59684,0.67987,0.25953,2,-25.29083,-57.57946,baja
demo_424,demo,D00,local,San Vicente,0.13349,0.00018,0.41962,0.59632,0.36634,2,-25.31576,-57.60258,baja
demo_425,demo,D00,local,Villa Morra,0.39554,0.00601,0.66962,0.70596,0.5554,2,-25.29833,-57.57795,baja
demo_426,demo,D00,arterial,Carmelitas,0.26761,0.02848,1.02646,0.91557,0.741,2,-25.29165,-57.57104,media
demo_427,demo,D00,local,San Vicente,0.62894,0.00246,0.62992,0.70185,0.276,1,-25.30928,-57.60538,baja
demo_428,demo,D20,local,San Vicente,0.35912,0.13888,1.12667,0.75818,0.76431,4,-25.30512,-57.60357,alta
demo_429,demo,D20,colectora,Barrio Obrero,0.32876,0.33716,1.67871,0.72256,0.57927,4,-25.31301,-57.62621,alta
demo_430,demo,D10,local,San Vicente,0.22055,0.00679,5.14661,0.57708,0.20403,4,-25.31305,-57.60407,baja
demo_431,demo,D20,local,Villa Morra,0.12264,0.11146,0.58439,0.72618,0.35105,4,-25.29593,-57.57338,alta
demo_432,demo,D20,arterial,Recoleta,0.2323,0.08369,2.13128,0.90092,0.23238,4,-25.29155,-57.6104,alta
demo_433,demo,D20,colectora,Sajonia,0.16279,0.07834,1.52272,0.88659,0.7332,4,-25.29311,-57.65155,media
demo_434,demo,D20,colectora,Villa Morra,0.14295,0.05436,1.09192,0.88844,0.683,4,-25.29884,-57.57826,media
demo_435,demo,D20,arterial,Barrio Obrero,0.114,0.05501,1.33597,0.89854,0.31015,4,-25.31106,-57.622,alta
demo_436,demo,D00,arterial,Mburucuyá,0.17054,0.0061,1.06628,0.70239,0.55194,1,-25.28034,-57.57871,media
demo_437,demo,D40,colectora,Carmelitas,0.72918,0.01929,2.3892,0.68293,0.74851,10,-25.28226,-57.58149,media
demo_438,demo,D40,local,Centro,0.49144,0.00709,1.9398,0.82911,0.72834,10,-25.27695,-57.63508,media
demo_439,demo,D00,local,Las Mercedes,0.38306,0.11851,1.17782,0.83599,0.19382,10,-25.28783,-57.6178,media
demo_440,demo,D40,arterial,Mburucuyá,0.22194,0.00163,1.10422,0.75553,0.5981,10,-25.28302,-57.58128,alta
demo_441,demo,D40,local,Carmelitas,0.20867,0.00724,1.49341,0.76317,0.94766,10,-25.28791,-57.57002,media
demo_442,demo,D40,arterial,San Vicente,0.19549,0.00554,1.52172,0.80518,0.84136,10,-25.31681,-57.61113,alta
demo_443,demo,D20,local,Centro,0.16565,0.08419,2.29089,0.79525,0.55939,10,-25.27937,-57.62997,alta
demo_444,demo,D40,local,Carmelitas,0.16441,0.01047,1.48754,0.7631,0.9374,10,-25.28983,-57.57542,media
demo_445,demo,D20,colectora,Barrio Obrero,0.11599,0.09013,3.49699,0.81127,0.63638,10,-25.31449,-57.6316,alta
demo_446,demo,D20,local,Barrio Obrero,0.10788,0.1106,2.20443,0.7979,0.488,10,-25.31818,-57.62505,alta
demo_447,demo,D00,colectora,Las Mercedes,0.40205,0.0039,0.20826,0.22486,0.66829,1,-25.29289,-57.62197,baja
demo_448,demo,D00,colectora,Trinidad,0.6382,0.11703,0.11703,0.5,0.47655,3,-25.26124,-57.59536,media
demo_449,demo,D00,colectora,Carmelitas,0.43716,0.09979,0.10102,0.49694,0.45641,3,-25.28706,-57.57458,media
demo_450,demo,D00,colectora,Trinidad,0.30683,0.0874,0.10773,0.54963,0.49042,3,-25.25619,-57.59747,media
demo_451,demo,D10,colectora,Las Mercedes,0.14429,0.00492,9.39615,0.64586,0.28783,1,-25.2921,-57.62313,baja
demo_452,demo,D20,arterial,Sajonia,0.62299,0.25182,3.26217,0.86074,0.54536,2,-25.2945,-57.64799,alta
demo_453,demo,D20,local,Sajonia,0.20718,0.13577,2.22477,0.87648,0.7252,2,-25.29187,-57.64924,alta
demo_454,demo,D10,local,Mburucuyá,0.43445,0.09743,3.64313,0.85594,0.69707,3,-25.2837,-57.57782,media
demo_455,demo,D10,arterial,Recoleta,0.12413,0.06517,5.20572,0.82983,0.69095,3,-25.29087,-57.60779,media
demo_456,demo,D00,colectora,San Vicente,0.12376,0.19744,0.20277,0.49339,0.59644,3,-25.3146,-57.59849,media
demo_457,demo,D20,arterial,Villa Morra,0.70106,0.16917,1.78792,0.83945,0.55343,1,-25.29391,-57.57982,alta
demo_458,demo,D20,local,Barrio Obrero,0.59616,0.24215,2.41808,0.83107,0.51079,5,-25.31534,-57.62242,alta
demo_459,demo,D40,colectora,Carmelitas,0.44868,0.00186,1.51497,0.6473,0.57412,5,-25.28217,-57.5691,media
demo_460,demo,D40,arterial,Sajonia,0.10791,0.00253,1.48835,0.69633,0.53072,5,-25.29635,-57.64658,alta
demo_461,demo,D40,colectora,Mburucuyá,0.10514,0.0039,1.18203,0.70357,0.53086,5,-25.28045,-57.57554,media
demo_462,demo,D40,colectora,Centro,0.10255,0.00134,1.27387,0.69214,0.61068,5,-25.28792,-57.6311,baja
demo_463,demo,D00,arterial,Las Mercedes,0.50736,0.00356,0.5206,0.70664,0.44358,1,-25.29303,-57.62384,media
demo_464,demo,D00,arterial,Centro,0.3387,0.03313,0.82465,0.89199,0.72829,1,-25.27954,-57.63494,media
demo_465,demo,D10,arterial,Trinidad,0.31079,0.02067,7.53526,0.8941,0.80265,4,-25.25255,-57.59147,media
demo_466,demo,D00,local,Las Mercedes,0.24921,0.00095,0.58322,0.71698,0.32481,4,-25.2928,-57.62386,baja
demo_467,demo,D00,arterial,San Vicente,0.21684,0.00435,0.6156,0.8445,0.45158,4,-25.31585,-57.60246,media
demo_468,demo,D20,colectora,Recoleta,0.10716,0.02179,0.96818,0.80631,0.48216,4,-25.28899,-57.60993,media
demo_469,demo,D10,colectora,San Vicente,0.12023,0.00445,3.51622,0.71087,0.37748,1,-25.31248,-57.60674,baja
demo_470,demo,D00,local,Recoleta,0.28974,0.01225,0.79045,0.81387,0.65069,1,-25.29077,-57.6116,baja
demo_471,demo,D10,local,Mburucuyá,0.11888,0.00173,4.415,0.66873,0.35645,2,-25.27784,-57.57377,baja
demo_472,demo,D00,colectora,Centro,0.11883,0.00052,0.55859,0.64716,0.32973,2,-25.2811,-57.63513,baja
demo_473,demo,D20,local,Sajonia,0.18537,0.03562,0.99431,0.63459,0.16899,2,-25.29845,-57.64767,media
demo_474,demo,D00,arterial,Barrio Obrero,0.18437,0.00275,0.48006,0.58567,0.3775,2,-25.31496,-57.62517,media
demo_475,demo,D00,arterial,Trinidad,0.62407,0.07376,0.74708,0.80198,0.12287,2,-25.26244,-57.59816,media
demo_476,demo,D00,arterial,Barrio Obrero,0.56906,0.03053,0.22263,0.81483,0.396,2,-25.31357,-57.62338,media
demo_477,demo,D00,colectora,Mburucuyá,0.34075,0.01964,0.60425,0.90901,0.71262,1,-25.27493,-57.57935,baja
demo_478,demo,D00,local,Centro,0.79739,0.04357,1.12834,0.86457,0.12321,5,-25.28145,-57.63439,media
demo_479,demo,D00,colectora,Barrio Obrero,0.46088,0.02811,0.28524,0.84304,0.47232,5,-25.32283,-57.62514,media
demo_480,demo,D10,local,Villa Morra,0.26845,0.0039,4.19637,0.68657,0.51165,5,-25.29142,-57.57693,baja
demo_481,demo,D00,colectora,Barrio Obrero,0.15613,0.01943,0.19625,0.84266,0.46171,5,-25.31716,-57.62752,baja
demo_482,demo,D10,local,Recoleta,0.10544,0.00634,3.53908,0.6917,0.5195,5,-25.28876,-57.60448,baja
demo_483,demo,D20,colectora,Las Mercedes,0.55691,0.26836,1.1383,0.75688,0.71776,4,-25.28687,-57.626,alta
demo_484,demo,D10,arterial,Carmelitas,0.30903,0.01454,5.5191,0.63843,0.32626,4,-25.28125,-57.57166,media
demo_485,demo,D10,colectora,Centro,0.30247,0.0394,5.3963,0.95715,0.2899,4,-25.28468,-57.63228,media
demo_486,demo,D20,colectora,Barrio Obrero,0.22811,0.42674,1.94229,0.76563,0.46704,4,-25.32026,-57.62618,alta
demo_487,demo,D00,arterial,Sajonia,0.20531,0.058,0.4404,0.81178,0.43432,3,-25.29377,-57.63971,media
demo_488,demo,D00,local,Trinidad,0.17278,0.0403,0.47529,0.83141,0.12347,3,-25.2614,-57.59223,media
demo_489,demo,D00,local,Sajonia,0.14976,0.03946,0.44644,0.84699,0.44693,3,-25.28899,-57.65015,media
demo_490,demo,D00,arterial,Recoleta,0.16974,0.03973,0.43447,0.84439,0.45731,1,-25.28902,-57.61482,media
demo_491,demo,D00,local,Trinidad,0.52793,0.00585,0.90531,0.6538,0.18916,2,-25.26132,-57.59429,baja
demo_492,demo,D00,local,Trinidad,0.3431,0.01023,0.52997,0.67177,0.39207,2,-25.25609,-57.59487,baja
demo_493,demo,D00,local,Carmelitas,0.1954,0.00065,0.74816,0.64378,0.24425,2,-25.28667,-57.57192,baja
demo_494,demo,D00,local,Recoleta,0.10267,0.00753,0.33819,0.91822,0.02531,2,-25.28878,-57.60883,baja
demo_495,demo,D10,local,Centro,0.33426,0.02332,9.19895,0.86234,0.27093,3,-25.28416,-57.63672,media
demo_496,demo,D10,colectora,Villa Morra,0.17595,0.01087,8.98744,0.68243,0.68901,3,-25.29128,-57.5738,baja
demo_497,demo,D00,arterial,Recoleta,0.11718,0.08289,0.96386,0.77463,0.14993,3,-25.2942,-57.61095,alta
demo_498,demo,D00,local,Las Mercedes,0.57217,0.15222,0.22377,0.58761,0.39884,4,-25.29783,-57.62063,media
demo_499,demo,D00,local,Villa Morra,0.54175,0.08707,0.13982,0.60544,0.36618,4,-25.29792,-57.57261,media
demo_500,demo,D00,arterial,Trinidad,0.1655,0.02359,1.50845,0.18733,0.49656,4,-25.26026,-57.5971,media
demo_501,demo,D00,local,Trinidad,0.10017,0.01898,1.35645,0.19624,0.47382,4,-25.25917,-57.59661,baja
demo_502,demo,D20,colectora,Las Mercedes,0.51553,0.18179,2.39602,0.85922,0.58092,3,-25.29803,-57.62661,alta
demo_503,demo,D40,local,Barrio Obrero,0.36342,0.0028,2.17417,0.87352,0.72351,3,-25.31628,-57.62337,media
demo_504,demo,D20,local,Trinidad,0.11919,0.11482,1.73166,0.85169,0.47042,3,-25.25663,-57.59713,alta
demo_505,demo,D20,arterial,Carmelitas,0.79724,0.58211,1.69145,0.44077,0.50295,1,-25.28233,-57.5725,alta
demo_506,demo,D20,arterial,Mburucuyá,0.31861,0.06458,1.37218,0.73757,0.63288,3,-25.28159,-57.58222,alta
demo_507,demo,D20,colectora,Mburucuyá,0.16951,0.03222,1.11772,0.75558,0.59376,3,-25.28482,-57.58,media
demo_508,demo,D10,colectora,San Vicente,0.12626,0.0104,5.62421,0.90787,0.30224,3,-25.30434,-57.61368,baja
demo_509,demo,D00,arterial,Trinidad,0.58198,0.01813,0.72917,0.88269,0.6534,2,-25.26356,-57.59648,media
demo_510,demo,D10,colectora,Sajonia,0.10189,0.00784,7.95616,0.71472,0.35983,2,-25.29393,-57.64747,baja
demo_511,demo,D00,arterial,Villa Morra,0.30568,0.0061,0.59033,0.77401,0.68814,3,-25.28909,-57.57757,media
demo_512,demo,D00,local,Barrio Obrero,0.11389,0.00447,0.48052,0.77969,0.69251,3,-25.31712,-57.62298,baja
demo_513,demo,D00,local,Mburucuyá,0.10584,0.01557,0.68619,0.92283,0.82703,3,-25.27991,-57.57846,baja
demo_514,demo,D00,arterial,San Vicente,0.41647,0.00723,0.39665,0.87061,0.40059,8,-25.3134,-57.60754,media
demo_515,demo,D00,colectora,Sajonia,0.29471,0.00869,1.64917,0.9637,0.77171,8,-25.29386,-57.65263,baja
demo_516,demo,D00,colectora,Recoleta,0.23391,0.01217,2.4189,0.96453,0.79738,8,-25.29036,-57.60966,baja
demo_517,demo,D00,arterial,Mburucuyá,0.2312,0.02391,1.17291,0.92861,0.56682,8,-25.27926,-57.57715,media
demo_518,demo,D00,local,Villa Morra,0.17909,0.00319,1.11137,0.85797,0.62686,8,-25.29692,-57.5789,baja
demo_519,demo,D00,arterial,San Vicente,0.14956,0.00641,1.1308,0.96235,0.75231,8,-25.30946,-57.60079,media
demo_520,demo,D00,local,Sajonia,0.11323,0.03409,1.3555,0.92054,0.5872,8,-25.29022,-57.64865,media
demo_521,demo,D00,colectora,Las Mercedes,0.10562,0.0042,0.30175,0.88393,0.40774,8,-25.29741,-57.62408,baja
demo_522,demo,D40,local,Recoleta,0.51614,0.01231,2.6241,0.96483,0.60055,6,-25.29552,-57.61434,media
demo_523,demo,D20,arterial,Recoleta,0.20033,0.24545,2.00847,0.82521,0.37018,6,-25.29186,-57.61003,alta
demo_524,demo,D40,arterial,Recoleta,0.16205,0.01721,1.98044,0.95338,0.60822,6,-25.29106,-57.6093,alta
demo_525,demo,D20,local,Recoleta,0.16071,0.02182,0.89694,0.72487,0.60615,6,-25.28856,-57.60796,media
demo_526,demo,D40,arterial,Centro,0.15755,0.00194,1.88285,0.98375,0.71239,6,-25.28182,-57.63278,alta
demo_527,demo,D40,colectora,Carmelitas,0.1414,0.00459,1.4479,0.96789,0.55689,6,-25.28644,-57.57431,media
demo_528,demo,D40,local,Trinidad,0.18708,0.32026,1.74763,0.78596,0.40165,1,-25.25484,-57.59681,alta
demo_529,demo,D20,local,Sajonia,0.44787,0.05599,2.32077,0.59132,0.81952,2,-25.29357,-57.64451,media
demo_530,demo,D20,arterial,Carmelitas,0.20706,0.03672,2.60229,0.60781,0.84544,2,-25.28236,-57.57373,alta
demo_531,demo,D40,arterial,Centro,0.54682,0.00246,2.27857,0.66265,0.51397,14,-25.28534,-57.63524,alta
demo_532,demo,D40,colectora,Trinidad,0.47512,0.00249,2.2179,0.63173,0.22545,14,-25.2577,-57.59526,media
demo_533,demo,D40,local,Villa Morra,0.43774,0.00334,1.09098,0.80288,0.75751,14,-25.29194,-57.57738,media
demo_534,demo,D40,local,San Vicente,0.34627,0.0034,2.56495,0.70127,0.50829,14,-25.30436,-57.60577,media
demo_535,demo,D40,arterial,Barrio Obrero,0.34281,0.01683,2.62244,0.72692,0.28303,14,-25.31824,-57.62094,alta
demo_536,demo,D40,colectora,Sajonia,0.27963,0.01081,1.83291,0.83971,0.07359,14,-25.29191,-57.64835,media
demo_537,demo,D40,local,Mburucuyá,0.22604,0.00481,0.89453,0.79522,0.75482,14,-25.27723,-57.57747,media
demo_538,demo,D40,local,Barrio Obrero,0.15179,0.00213,1.97826,0.65002,0.33737,14,-25.31418,-57.6246,media
demo_539,demo,D40,arterial,Recoleta,0.14048,0.00579,2.06176,0.67242,0.51862,14,-25.29306,-57.61325,alta
demo_540,demo,D20,colectora,Carmelitas,0.13695,0.12918,3.03154,0.75778,0.34692,14,-25.28544,-57.57381,alta
demo_541,demo,D40,colectora,Las Mercedes,0.13224,0.00727,2.10053,0.83253,0.07912,14,-25.29234,-57.62014,media
demo_542,demo,D40,local,Mburucuyá,0.12555,0.00223,1.95518,0.5247,0.57339,14,-25.27843,-57.57871,baja
demo_543,demo,D40,colectora,Centro,0.10968,0.00695,2.93107,0.67977,0.30741,14,-25.2784,-57.6409,media
demo_544,demo,D40,colectora,Mburucuyá,0.10714,0.01714,1.92961,0.70125,0.30012,14,-25.27789,-57.58199,media
demo_545,demo,D20,colectora,Centro,0.74064,0.29158,2.13566,0.81486,0.59687,1,-25.28639,-57.63414,alta
demo_546,demo,D20,arterial,Villa Morra,0.81925,0.35783,0.37083,0.50884,0.54839,2,-25.29921,-57.5766,alta
demo_547,demo,D10,colectora,Barrio Obrero,0.32382,0.02001,7.30358,0.18601,0.19112,2,-25.31581,-57.62339,baja
demo_548,demo,D20,local,Mburucuyá,0.32007,0.05101,0.63323,0.64193,0.90979,3,-25.27996,-57.58401,media
demo_549,demo,D20,colectora,Centro,0.25334,0.00295,1.03084,0.48356,0.52618,3,-25.28097,-57.64091,baja
demo_550,demo,D20,arterial,Las Mercedes,0.2427,0.08275,0.37708,0.73761,0.9115,3,-25.29297,-57.62729,alta
demo_551,demo,D00,arterial,Las Mercedes,0.41051,0.01346,0.62629,0.82835,0.51373,3,-25.29608,-57.61922,media
demo_552,demo,D00,colectora,Villa Morra,0.24886,0.00376,0.43163,0.80417,0.5324,3,-25.29598,-57.57523,baja
demo_553,demo,D00,colectora,Recoleta,0.14524,0.00549,0.4983,0.809,0.52921,3,-25.29324,-57.61221,baja
demo_554,demo,D00,colectora,Sajonia,0.12932,0.00656,1.46495,0.72069,0.1474,2,-25.29745,-57.65064,baja
demo_555,demo,D00,arterial,Sajonia,0.10715,0.01364,1.29331,0.70634,0.16344,2,-25.29609,-57.64775,media
demo_556,demo,D20,colectora,Centro,0.75687,0.02728,1.90922,0.89127,0.44276,5,-25.28296,-57.63625,media
demo_557,demo,D10,local,Barrio Obrero,0.15736,0.03441,7.5316,0.9639,0.74497,5,-25.31764,-57.62919,media
demo_558,demo,D10,arterial,Carmelitas,0.12712,0.01728,7.28388,0.90969,0.82158,5,-25.28402,-57.57525,media
demo_559,demo,D10,local,Carmelitas,0.11583,0.01661,6.06069,0.95688,0.83945,5,-25.28339,-57.57414,baja
demo_560,demo,D10,local,Recoleta,0.1081,0.01107,7.17978,0.94974,0.85644,5,-25.29047,-57.61106,baja
demo_561,demo,D00,colectora,Las Mercedes,0.61126,0.07296,0.36387,0.22453,0.45683,3,-25.29269,-57.62526,media
demo_562,demo,D00,local,Trinidad,0.43294,0.02979,0.22175,0.81674,0.45676,3,-25.26068,-57.59677,media
demo_563,demo,D00,local,Carmelitas,0.43022,0.02552,0.1589,0.2004,0.41015,3,-25.28838,-57.5703,media
demo_564,demo,D20,arterial,Villa Morra,0.80601,0.27368,2.01888,0.81578,0.48898,1,-25.29139,-57.57667,alta
demo_565,demo,D00,colectora,Centro,0.60497,0.029,0.46402,0.87244,0.26658,5,-25.2822,-57.63355,media
demo_566,demo,D00,arterial,Sajonia,0.52331,0.00147,0.35805,0.63442,0.39795,5,-25.29159,-57.64277,media
demo_567,demo,D10,arterial,Sajonia,0.36388,0.03774,5.03232,0.72571,0.38182,5,-25.29615,-57.64872,media
demo_568,demo,D10,arterial,Carmelitas,0.15653,0.02143,7.65434,0.737,0.36417,5,-25.28487,-57.57757,media
demo_569,demo,D00,colectora,Centro,0.15537,0.00776,0.4756,0.80895,0.29654,5,-25.28759,-57.63925,baja
demo_570,demo,D00,colectora,Las Mercedes,0.63616,0.03111,1.11311,0.73804,0.1001,2,-25.29232,-57.62521,media
demo_571,demo,D00,arterial,Sajonia,0.10753,0.04498,1.21196,0.729,0.11978,2,-25.29698,-57.64709,media
demo_572,demo,D00,colectora,Trinidad,0.62685,0.06875,0.35061,0.77647,0.61577,8,-25.26217,-57.59132,media
demo_573,demo,D00,arterial,Recoleta,0.49854,0.55424,1.03161,0.48006,0.57718,8,-25.2923,-57.61164,alta
demo_574,demo,D00,arterial,Centro,0.27064,0.58438,0.63398,0.5106,0.65654,8,-25.28436,-57.63314,alta
demo_575,demo,D00,colectora,Centro,0.19567,0.38271,1.36872,0.40462,0.56486,8,-25.28378,-57.64101,media
demo_576,demo,D00,arterial,Carmelitas,0.1514,0.36278,0.88462,0.48707,0.63687,8,-25.28709,-57.56867,alta
demo_577,demo,D00,local,Mburucuyá,0.14909,0.02313,0.95102,0.07797,0.12737,8,-25.27797,-57.57376,media
demo_578,demo,D00,local,Barrio Obrero,0.126,0.01524,0.61752,0.07855,0.15438,8,-25.31406,-57.62897,baja
demo_579,demo,D00,local,San Vicente,0.10753,0.2475,1.31368,0.21703,0.32195,8,-25.31098,-57.60366,media
demo_580,demo,D10,local,San Vicente,0.52159,0.01212,2.5132,0.67695,0.85539,9,-25.31079,-57.60544,baja
demo_581,demo,D00,arterial,Carmelitas,0.50352,0.00364,0.21482,0.4626,0.47212,9,-25.28623,-57.57406,media
demo_582,demo,D00,local,San Vicente,0.46913,0.02209,0.83786,0.28962,0.73171,9,-25.30601,-57.60879,media
demo_583,demo,D10,colectora,Mburucuyá,0.34717,0.00753,3.20535,0.81481,0.07784,9,-25.27629,-57.58497,baja
demo_584,demo,D10,colectora,Trinidad,0.25212,0.0098,2.2276,0.68555,0.83956,9,-25.25938,-57.59843,baja
demo_585,demo,D00,local,San Vicente,0.15801,0.00257,0.17147,0.45554,0.47578,9,-25.31089,-57.61234,baja
demo_586,demo,D10,local,Sajonia,0.11965,0.01192,2.08689,0.82633,0.07886,9,-25.29849,-57.64662,baja
demo_587,demo,D00,local,San Vicente,0.11937,0.00125,1.21854,0.35749,0.67506,9,-25.31513,-57.60648,baja
demo_588,demo,D10,local,Sajonia,0.11159,0.00671,2.55368,0.6868,0.83471,9,-25.2917,-57.64271,baja
demo_589,demo,D20,colectora,Barrio Obrero,0.7942,0.17274,1.57022,0.83416,0.26046,3,-25.31091,-57.62804,alta
demo_590,demo,D40,colectora,Las Mercedes,0.15669,0.00376,1.84104,0.7606,0.69425,3,-25.2887,-57.61915,media
demo_591,demo,D40,colectora,Carmelitas,0.13,0.00159,1.21883,0.79426,0.41442,3,-25.28602,-57.5735,baja
demo_592,demo,D20,arterial,Trinidad,0.15207,0.01661,1.62942,0.54374,0.40226,1,-25.2586,-57.59214,media
demo_593,demo,D00,local,Recoleta,0.55971,0.01526,0.84365,0.74313,0.28843,6,-25.29467,-57.6108,baja
demo_594,demo,D00,local,Barrio Obrero,0.41309,0.00447,0.76448,0.92971,0.91513,6,-25.31709,-57.62969,baja
demo_595,demo,D10,colectora,Mburucuyá,0.41025,0.00249,4.36763,0.75348,0.52742,6,-25.2759,-57.58448,baja
demo_596,demo,D00,local,Sajonia,0.3139,0.00641,0.80351,0.92842,0.91188,6,-25.29423,-57.64631,baja
demo_597,demo,D00,colectora,Villa Morra,0.18018,0.01808,2.01218,0.67228,0.90372,6,-25.29623,-57.57766,baja
demo_598,demo,D00,arterial,Villa Morra,0.13807,0.02667,1.73371,0.67098,0.8921,6,-25.29466,-57.57679,media
demo_599,demo,D20,local,Carmelitas,0.69783,0.23603,3.63817,0.86843,0.47777,1,-25.28878,-57.57422,alta
demo_600,demo,D20,local,Centro,0.25442,0.04779,3.94113,0.94494,0.78051,1,-25.27917,-57.63872,media
demo_601,demo,D00,colectora,Recoleta,0.12799,0.00276,0.20683,0.91844,0.35264,1,-25.28897,-57.61421,baja
demo_602,demo,D20,local,Carmelitas,0.37173,0.16635,1.08043,0.77325,0.32068,2,-25.28143,-57.56977,alta
demo_603,demo,D20,colectora,Trinidad,0.26221,0.11494,0.79856,0.77197,0.35127,2,-25.26503,-57.58949,alta
demo_604,demo,D20,colectora,Barrio Obrero,0.468,0.0888,0.60582,0.80843,0.52583,1,-25.31655,-57.62926,alta
demo_605,demo,D10,local,Trinidad,0.57836,0.13955,3.84597,0.79752,0.36672,5,-25.25945,-57.59708,media
demo_606,demo,D00,arterial,Centro,0.25103,0.03669,1.43265,0.78638,0.88442,5,-25.27645,-57.6341,media
demo_607,demo,D00,arterial,Carmelitas,0.23534,0.01284,1.34086,0.92617,0.93413,5,-25.28883,-57.57649,media
demo_608,demo,D00,local,Carmelitas,0.17459,0.05199,0.95828,0.82448,0.88777,5,-25.28408,-57.57143,media
demo_609,demo,D00,local,Villa Morra,0.1672,0.00877,1.30853,0.93238,0.94644,5,-25.29474,-57.57207,baja
demo_610,demo,D00,arterial,Recoleta,0.10565,0.00071,0.22036,0.72603,0.42759,1,-25.29017,-57.60946,baja
demo_611,demo,D20,local,Trinidad,0.19248,0.01516,0.76738,0.89868,0.94607,2,-25.26054,-57.59516,media
demo_612,demo,D20,local,Carmelitas,0.14556,0.02076,0.89213,0.87945,0.93195,2,-25.28772,-57.57418,media
demo_613,demo,D20,arterial,Villa Morra,0.55011,0.12863,0.92888,0.81253,0.29409,3,-25.29298,-57.5761,alta
demo_614,demo,D00,colectora,Las Mercedes,0.33846,0.11153,0.81615,0.81197,0.25998,3,-25.29158,-57.62404,media
demo_615,demo,D00,arterial,Barrio Obrero,0.11453,0.02796,0.1777,0.80166,0.42591,3,-25.31719,-57.62437,media
demo_616,demo,D00,colectora,Sajonia,0.60807,0.07218,0.07218,0.5,0.47522,5,-25.29171,-57.64737,media
demo_617,demo,D10,local,Sajonia,0.44886,0.03462,6.30873,0.26576,0.76578,5,-25.29154,-57.65145,media
demo_618,demo,D00,colectora,Recoleta,0.33948,0.06142,0.08764,0.58142,0.48212,5,-25.28977,-57.61029,media
demo_619,demo,D00,arterial,Barrio Obrero,0.26629,0.05748,0.06298,0.47768,0.46471,5,-25.31569,-57.62032,media
demo_620,demo,D10,colectora,Recoleta,0.19532,0.02235,5.79007,0.27112,0.70375,5,-25.28903,-57.61073,media
demo_621,demo,D10,colectora,Recoleta,0.13665,0.00794,7.56624,0.69555,0.24766,2,-25.28759,-57.60869,baja
demo_622,demo,D00,colectora,Las Mercedes,0.1251,0.01367,0.65667,0.81116,0.60173,2,-25.29646,-57.62385,baja
demo_623,demo,D00,colectora,Las Mercedes,0.12239,0.21793,0.21975,0.49792,0.3525,2,-25.29407,-57.61923,media
demo_624,demo,D40,colectora,Barrio Obrero,0.10002,0.00942,0.81445,0.94609,0.11554,2,-25.31608,-57.62605,baja
demo_625,demo,D20,colectora,Villa Morra,0.62478,0.30982,3.03572,0.84012,0.48621,1,-25.2948,-57.58088,alta
demo_626,demo,D00,colectora,San Vicente,0.48634,0.00814,0.51454,0.80444,0.58163,9,-25.31203,-57.60586,baja
demo_627,demo,D10,arterial,Villa Morra,0.47605,0.00639,5.27546,0.96413,0.2905,9,-25.29524,-57.57514,media
demo_628,demo,D10,arterial,Centro,0.45345,0.00738,5.91855,0.92775,0.74067,9,-25.28918,-57.63675,media
demo_629,demo,D00,local,Las Mercedes,0.34991,0.01514,0.38139,0.89987,0.40984,9,-25.29535,-57.62263,baja
demo_630,demo,D00,local,Las Mercedes,0.24227,0.03077,0.61443,0.88811,0.38582,9,-25.29986,-57.62003,media
demo_631,demo,D10,colectora,Centro,0.23121,0.01114,5.748,0.9269,0.7194,9,-25.27779,-57.63373,baja
demo_632,demo,D00,arterial,Trinidad,0.19784,0.02112,0.54956,0.90168,0.38901,9,-25.26025,-57.59294,media
demo_633,demo,D00,arterial,Las Mercedes,0.18591,0.00768,0.40085,0.93078,0.58819,9,-25.29692,-57.61676,media
demo_634,demo,D00,arterial,Mburucuyá,0.12934,0.02145,0.37888,0.87972,0.41719,9,-25.2871,-57.57478,media
demo_635,demo,D00,arterial,Las Mercedes,0.47577,0.00543,0.26601,0.82556,0.49336,14,-25.29026,-57.62458,media
demo_636,demo,D00,local,Barrio Obrero,0.31116,0.00253,0.18824,0.94092,0.45433,14,-25.31509,-57.62868,baja
demo_637,demo,D00,colectora,San Vicente,0.29917,0.01202,0.47481,0.91707,0.22502,14,-25.31805,-57.60023,baja
demo_638,demo,D00,arterial,Trinidad,0.21551,0.00652,0.187,0.67855,0.40531,14,-25.26046,-57.59233,media
demo_639,demo,D00,local,Trinidad,0.179,0.01085,0.60311,0.92686,0.09629,14,-25.25891,-57.59322,baja
demo_640,demo,D00,arterial,Centro,0.16556,0.00455,0.18039,0.67132,0.40563,14,-25.28352,-57.63543,media
demo_641,demo,D00,arterial,Trinidad,0.16394,0.01627,0.24054,0.86524,0.4241,14,-25.25853,-57.59751,media
demo_642,demo,D00,arterial,Centro,0.16017,0.00516,0.40154,0.94155,0.5877,14,-25.28197,-57.63675,media
demo_643,demo,D00,local,Centro,0.12878,0.01964,0.4154,0.88936,0.57631,14,-25.28304,-57.64046,baja
demo_644,demo,D20,arterial,Mburucuyá,0.12745,0.01992,0.52066,0.89813,0.593,14,-25.28428,-57.57901,alta
demo_645,demo,D00,local,Centro,0.12155,0.01052,0.347,0.91207,0.58677,14,-25.27946,-57.63949,baja
demo_646,demo,D20,colectora,Trinidad,0.11584,0.01625,0.67683,0.6761,0.29721,14,-25.25906,-57.59417,media
demo_647,demo,D00,local,San Vicente,0.11526,0.0203,0.44184,0.8902,0.23457,14,-25.31309,-57.60672,media
demo_648,demo,D00,colectora,Centro,0.10965,0.00663,0.16497,0.87015,0.41922,14,-25.28296,-57.63878,baja
demo_649,demo,D00,local,Las Mercedes,0.19918,0.04068,0.3498,0.8228,0.41085,1,-25.29201,-57.62644,media
demo_650,demo,D00,arterial,Carmelitas,0.71628,0.0057,0.47579,0.80919,0.23177,24,-25.28891,-57.5808,media
demo_651,demo,D00,colectora,Trinidad,0.58163,0.00611,0.15212,0.89722,0.43819,24,-25.26003,-57.59539,baja
demo_652,demo,D00,arterial,Las Mercedes,0.56196,0.00166,0.33378,0.95608,0.24047,24,-25.29324,-57.62647,media
demo_653,demo,D00,local,Centro,0.29261,0.00033,0.37858,0.68173,0.32872,24,-25.282,-57.63343,baja
demo_654,demo,D00,arterial,Sajonia,0.2899,0.00082,0.23215,0.62942,0.43139,24,-25.28858,-57.6498,media
demo_655,demo,D10,local,Mburucuyá,0.26222,0.0037,3.92839,0.89859,0.51438,24,-25.28042,-57.57643,baja
demo_656,demo,D10,arterial,Villa Morra,0.25266,0.04092,8.28022,0.91805,0.29103,24,-25.29307,-57.57367,media
demo_657,demo,D10,colectora,Mburucuyá,0.23623,0.02324,8.65056,0.93876,0.22419,24,-25.2789,-57.57812,media
demo_658,demo,D00,colectora,Las Mercedes,0.21616,0.00418,0.46252,0.60867,0.41565,24,-25.29434,-57.62272,baja
demo_659,demo,D00,local,Villa Morra,0.19412,0.00061,0.45297,0.61289,0.34846,24,-25.29304,-57.57831,baja
demo_660,demo,D00,local,Centro,0.1933,0.00061,0.25661,0.56696,0.39432,24,-25.28479,-57.63815,baja
demo_661,demo,D10,arterial,San Vicente,0.18232,0.02127,11.9691,0.91625,0.33079,24,-25.30639,-57.60449,media
demo_662,demo,D00,local,Barrio Obrero,0.16546,0.00147,0.33228,0.62756,0.42714,24,-25.31162,-57.62292,baja
demo_663,demo,D00,local,Sajonia,0.14898,0.00194,0.46815,0.57078,0.40321,24,-25.29369,-57.64209,baja
demo_664,demo,D10,arterial,Recoleta,0.14646,0.0072,6.76086,0.89614,0.46571,24,-25.29222,-57.60663,baja
demo_665,demo,D00,local,Sajonia,0.13692,0.00362,0.50533,0.58464,0.41113,24,-25.29492,-57.64645,baja
demo_666,demo,D10,colectora,San Vicente,0.1321,0.01864,12.97464,0.9226,0.24588,24,-25.31061,-57.60998,baja
demo_667,demo,D00,colectora,Barrio Obrero,0.12814,0.00242,0.45801,0.62455,0.42116,24,-25.32154,-57.62463,baja
demo_668,demo,D00,local,Centro,0.12088,0.00058,0.4705,0.68242,0.3269,24,-25.28392,-57.63464,baja
demo_669,demo,D10,arterial,Trinidad,0.11687,0.01666,18.38272,0.91774,0.2767,24,-25.26008,-57.5948,media
demo_670,demo,D00,arterial,Barrio Obrero,0.11679,0.00364,0.19994,0.86282,0.43749,24,-25.3159,-57.62579,media
demo_671,demo,D00,local,Trinidad,0.1121,0.0013,0.2971,0.56908,0.39789,24,-25.2588,-57.59746,baja
demo_672,demo,D10,local,Las Mercedes,0.10678,0.01091,9.49779,0.91745,0.31962,24,-25.29516,-57.62715,baja
demo_673,demo,D10,local,Trinidad,0.10218,0.01523,8.23836,0.93644,0.17766,24,-25.25734,-57.5951,baja
demo_674,demo,D40,colectora,Las Mercedes,0.41041,0.00577,2.2433,0.73062,0.09638,4,-25.28825,-57.62614,media
demo_675,demo,D40,local,Las Mercedes,0.33047,0.00164,1.6248,0.57058,0.35376,4,-25.29185,-57.62245,media
demo_676,demo,D40,arterial,Sajonia,0.314,0.00291,1.46385,0.62392,0.65,4,-25.29335,-57.64749,alta
demo_677,demo,D20,local,Barrio Obrero,0.15798,0.28906,1.51295,0.77002,0.37689,4,-25.31539,-57.62402,alta
demo_678,demo,D10,colectora,San Vicente,0.17823,0.00263,2.2781,0.97224,0.30345,3,-25.31094,-57.60522,baja
demo_679,demo,D10,local,Mburucuyá,0.17004,0.00576,6.18422,0.90146,0.47932,3,-25.28333,-57.57661,baja
demo_680,demo,D10,local,Recoleta,0.10303,0.00366,2.35489,0.97503,0.31236,3,-25.29432,-57.60957,baja
demo_681,demo,D20,arterial,Recoleta,0.64068,0.19373,3.44034,0.74386,0.44036,1,-25.29186,-57.60671,alta
demo_682,demo,D00,arterial,Carmelitas,0.40707,0.01041,0.59977,0.74626,0.22034,11,-25.28304,-57.57239,media
demo_683,demo,D10,local,Las Mercedes,0.37763,0.05021,6.69808,0.91948,0.29528,11,-25.2917,-57.62283,media
demo_684,demo,D10,arterial,Las Mercedes,0.36467,0.02404,7.97641,0.9302,0.21893,11,-25.29277,-57.62494,media
demo_685,demo,D10,colectora,Mburucuyá,0.30415,0.00735,2.14703,0.91088,0.51819,11,-25.28862,-57.57651,baja
demo_686,demo,D00,colectora,Centro,0.19749,0.00301,0.20311,0.87217,0.44821,11,-25.2817,-57.63735,baja
demo_687,demo,D00,arterial,Centro,0.16811,0.00481,0.19485,0.88427,0.44584,11,-25.28198,-57.63304,media
demo_688,demo,D00,local,San Vicente,0.15231,0.01573,0.54014,0.74935,0.21627,11,-25.30823,-57.60594,baja
demo_689,demo,D10,local,Centro,0.15091,0.0226,5.16617,0.91856,0.4113,11,-25.27844,-57.63387,media
demo_690,demo,D10,colectora,Las Mercedes,0.13584,0.03327,8.0795,0.92548,0.32755,11,-25.29567,-57.62034,media
demo_691,demo,D00,local,Sajonia,0.12657,0.00195,0.18151,0.86266,0.44894,11,-25.29401,-57.64362,baja
demo_692,demo,D00,colectora,Las Mercedes,0.10227,0.00723,0.73582,0.76119,0.21714,11,-25.29565,-57.6245,baja
demo_693,demo,D00,local,Villa Morra,0.46076,0.01127,0.56764,0.81341,0.18266,2,-25.2966,-57.58012,baja
demo_694,demo,D00,arterial,Recoleta,0.17457,0.00743,0.44314,0.80882,0.19146,2,-25.28962,-57.60732,media
demo_695,demo,D00,local,Recoleta,0.31829,0.05896,0.46284,0.8162,0.45681,2,-25.2916,-57.61054,media
demo_696,demo,D00,local,Barrio Obrero,0.11818,0.03484,0.44435,0.85432,0.47525,2,-25.3133,-57.63175,media
demo_697,demo,D10,arterial,Centro,0.11778,0.06502,6.49064,0.16239,0.3259,1,-25.28675,-57.63534,media
demo_698,demo,D20,local,Trinidad,0.41995,0.01629,0.85514,0.74873,0.30778,3,-25.25932,-57.59848,media
demo_699,demo,D00,arterial,Carmelitas,0.23212,0.01663,0.84121,0.749,0.30657,3,-25.28655,-57.57221,media
demo_700,demo,D20,colectora,Trinidad,0.13335,0.00766,1.58892,0.82996,0.94454,3,-25.26279,-57.59136,baja
demo_701,demo,D00,colectora,Recoleta,0.27293,0.00216,0.52602,0.57194,0.46806,3,-25.29755,-57.60965,baja
demo_702,demo,D20,colectora,Centro,0.22346,0.03443,0.96632,0.5694,0.23097,3,-25.28,-57.63113,media
demo_703,demo,D20,local,Carmelitas,0.20859,0.12568,0.79608,0.67035,0.16016,3,-25.28777,-57.57988,alta
demo_704,demo,D40,arterial,Villa Morra,0.24675,0.00534,1.73644,0.87794,0.62063,1,-25.29696,-57.574,alta
demo_705,demo,D00,colectora,Barrio Obrero,0.52719,0.03339,0.06559,0.64324,0.43642,1,-25.3148,-57.62448,media
demo_706,demo,D20,colectora,Villa Morra,0.43012,0.18047,3.4644,0.87574,0.60465,4,-25.29327,-57.57812,alta
demo_707,demo,D20,colectora,Villa Morra,0.39796,0.07365,1.26525,0.87527,0.84737,4,-25.29383,-57.5805,media
demo_708,demo,D00,colectora,Villa Morra,0.13319,0.01619,1.05997,0.93623,0.78716,4,-25.29711,-57.57639,baja
demo_709,demo,D40,colectora,Centro,0.11826,0.00217,0.8718,0.86523,0.97826,4,-25.27676,-57.63807,media
demo_710,demo,D20,local,Carmelitas,0.39463,0.02486,1.20876,0.8323,0.51642,3,-25.28203,-57.56861,media
demo_711,demo,D20,local,Mburucuyá,0.17949,0.03422,1.8431,0.82974,0.55474,3,-25.27445,-57.58049,media
demo_712,demo,D00,local,Trinidad,0.11334,0.04855,1.22035,0.89966,0.73724,3,-25.26341,-57.59428,media
demo_713,demo,D00,colectora,Carmelitas,0.60328,0.02681,0.38069,0.84782,0.4651,2,-25.28573,-57.57105,media
demo_714,demo,D00,arterial,Carmelitas,0.17839,0.0182,1.44667,0.83306,0.91887,2,-25.28797,-57.57355,media
demo_715,demo,D00,local,Recoleta,0.4329,0.0826,0.34788,0.24512,0.17248,4,-25.29547,-57.61206,media
demo_716,demo,D10,colectora,Sajonia,0.43249,0.01768,5.89173,0.70963,0.75273,4,-25.29256,-57.6478,baja
demo_717,demo,D10,colectora,Las Mercedes,0.31786,0.01475,7.14865,0.37197,0.38244,4,-25.29127,-57.62613,baja
demo_718,demo,D10,arterial,Barrio Obrero,0.12418,0.02543,5.77017,0.71504,0.77279,4,-25.31474,-57.62743,media
demo_719,demo,D10,local,Barrio Obrero,0.44672,0.08648,11.23261,0.51289,0.49768,2,-25.30955,-57.62701,media
demo_720,demo,D00,arterial,Centro,0.10662,0.023,0.20232,0.83041,0.17306,2,-25.2789,-57.63564,media
demo_721,demo,D20,local,Carmelitas,0.37025,0.08365,1.5566,0.82347,0.56582,1,-25.28793,-57.57179,alta
demo_722,demo,D20,arterial,Centro,0.71057,0.16125,3.80612,0.83766,0.39171,2,-25.28173,-57.63084,alta
demo_723,demo,D20,arterial,Villa Morra,0.10867,0.1016,1.66064,0.79781,0.57147,2,-25.29272,-57.57825,alta
demo_724,demo,D00,arterial,Centro,0.87105,0.05772,0.78068,0.33672,0.223,3,-25.28058,-57.63466,media
demo_725,demo,D00,colectora,Centro,0.79614,0.14541,0.43481,0.70512,0.12749,3,-25.28044,-57.63891,media
demo_726,demo,D00,colectora,Carmelitas,0.75814,0.23482,0.51629,0.56708,0.6071,3,-25.2799,-57.57918,media
demo_727,demo,D20,local,Recoleta,0.30069,0.00719,0.77099,0.66864,0.40611,6,-25.28869,-57.60964,media
demo_728,demo,D00,colectora,Las Mercedes,0.21862,0.00457,0.17531,0.9089,0.41648,6,-25.28859,-57.61919,baja
demo_729,demo,D00,local,Barrio Obrero,0.20103,0.00336,0.22083,0.92989,0.41742,6,-25.31489,-57.62661,baja
demo_730,demo,D20,local,Villa Morra,0.15983,0.03447,0.26333,0.79928,0.4195,6,-25.2989,-57.57847,media
demo_731,demo,D20,colectora,Centro,0.1327,0.05031,0.84385,0.87387,0.13829,6,-25.28009,-57.6355,media
demo_732,demo,D20,local,San Vicente,0.11618,0.02131,0.39969,0.73654,0.41766,6,-25.31451,-57.60491,media
demo_733,demo,D40,colectora,Villa Morra,0.17155,0.10779,2.82712,0.64969,0.45628,3,-25.29591,-57.57048,alta
demo_734,demo,D40,arterial,Villa Morra,0.14338,0.06928,2.46411,0.64422,0.53514,3,-25.2954,-57.57977,alta
demo_735,demo,D40,arterial,Trinidad,0.10644,0.05068,2.42211,0.64757,0.57757,3,-25.25996,-57.59526,alta
demo_736,demo,D10,arterial,Carmelitas,0.25695,0.01074,5.11659,0.66609,0.23864,1,-25.28404,-57.57065,media
demo_737,demo,D00,local,Barrio Obrero,0.19067,0.05459,0.514,0.83124,0.53917,2,-25.3127,-57.62379,media
demo_738,demo,D00,colectora,Mburucuyá,0.16509,0.00083,0.35533,0.80214,0.43514,2,-25.27709,-57.58271,baja
demo_739,demo,D00,colectora,Barrio Obrero,0.13837,0.03566,0.37609,0.83951,0.4249,1,-25.31366,-57.629,media
demo_740,demo,D00,local,Las Mercedes,0.4325,0.08577,0.79133,0.83334,0.72771,3,-25.29316,-57.62315,media
demo_741,demo,D10,arterial,Recoleta,0.18107,0.00651,5.68818,0.80953,0.79609,3,-25.2877,-57.60573,baja
demo_742,demo,D00,colectora,Villa Morra,0.10877,0.03581,0.86267,0.89652,0.7619,3,-25.29442,-57.58417,media
demo_743,demo,D20,arterial,Villa Morra,0.78755,0.3102,3.18993,0.84306,0.49737,1,-25.29242,-57.57254,alta
demo_744,demo,D10,arterial,Sajonia,0.24799,0.01089,4.03178,0.81932,0.55096,9,-25.2984,-57.64571,media
demo_745,demo,D10,arterial,Sajonia,0.19802,0.01065,5.48015,0.77975,0.12131,9,-25.29862,-57.64965,media
demo_746,demo,D00,local,Sajonia,0.18685,0.01768,1.14279,0.78658,0.17795,9,-25.29459,-57.64394,baja
demo_747,demo,D00,colectora,Barrio Obrero,0.18307,0.00907,0.37453,0.76913,0.43662,9,-25.3141,-57.61901,baja
demo_748,demo,D00,local,Trinidad,0.14768,0.01005,0.63828,0.78932,0.32509,9,-25.25701,-57.59739,baja
demo_749,demo,D10,colectora,Recoleta,0.12623,0.00699,4.50032,0.81916,0.53582,9,-25.30166,-57.61056,baja
demo_750,demo,D10,local,San Vicente,0.1138,0.00827,2.62005,0.81868,0.07362,9,-25.3093,-57.60984,baja
demo_751,demo,D10,local,Carmelitas,0.11291,0.00514,4.84403,0.71584,0.17747,9,-25.28765,-57.57018,baja
demo_752,demo,D00,colectora,Centro,0.10027,0.01357,1.37015,0.79994,0.16787,9,-25.27866,-57.63747,baja
demo_753,demo,D00,colectora,Mburucuyá,0.22642,0.00186,0.6238,0.60089,0.45374,3,-25.2764,-57.58112,baja
demo_754,demo,D20,colectora,Villa Morra,0.19661,0.04789,0.66635,0.86369,0.54187,3,-25.29677,-57.58049,media
demo_755,demo,D10,local,Centro,0.14248,0.00131,3.14764,0.75994,0.47973,3,-25.28106,-57.63054,baja
demo_756,demo,D10,colectora,Sajonia,0.38915,0.01929,3.29775,0.82833,0.2944,4,-25.2929,-57.64937,baja
demo_757,demo,D10,local,Mburucuyá,0.25932,0.01071,4.87537,0.97656,0.30515,4,-25.28564,-57.57975,baja
demo_758,demo,D10,local,San Vicente,0.13626,0.01058,4.19505,0.74611,0.49004,4,-25.31293,-57.60601,baja
demo_759,demo,D10,colectora,Barrio Obrero,0.13053,0.00319,4.22695,0.80491,0.22062,4,-25.31949,-57.62368,baja
demo_760,demo,D10,local,Villa Morra,0.42023,0.07809,5.85414,0.68867,0.38891,1,-25.2942,-57.57303,media
demo_761,demo,D00,local,San Vicente,0.79183,0.16045,0.32493,0.64761,0.27978,5,-25.31061,-57.60379,media
demo_762,demo,D00,arterial,Villa Morra,0.64929,0.00557,0.45217,0.35147,0.22966,5,-25.2942,-57.57845,media
demo_763,demo,D00,local,Carmelitas,0.54229,0.06312,0.46034,0.8148,0.72077,5,-25.28176,-57.57427,media
demo_764,demo,D00,local,Sajonia,0.4223,0.03899,1.05693,0.37469,0.89829,5,-25.29167,-57.64779,media
demo_765,demo,D00,arterial,San Vicente,0.37643,0.00674,0.4845,0.50641,0.74271,5,-25.31025,-57.60483,media
demo_766,demo,D00,arterial,San Vicente,0.6706,0.00635,0.38329,0.83006,0.19221,8,-25.314,-57.60285,media
demo_767,demo,D00,arterial,Las Mercedes,0.52043,0.00234,0.40854,0.66513,0.26186,8,-25.29471,-57.62595,media
demo_768,demo,D00,local,San Vicente,0.51182,0.01548,0.69071,0.79285,0.52696,8,-25.31229,-57.60779,baja
demo_769,demo,D00,local,Centro,0.39476,0.00203,0.70702,0.81994,0.45182,8,-25.28946,-57.64145,baja
demo_770,demo,D00,local,Recoleta,0.19644,0.00402,0.41417,0.65301,0.26672,8,-25.28785,-57.60939,baja
demo_771,demo,D10,arterial,Centro,0.19563,0.01039,7.64273,0.71843,0.14092,8,-25.28867,-57.64026,media
demo_772,demo,D10,local,Recoleta,0.17772,0.0235,8.62773,0.71093,0.22513,8,-25.28855,-57.60743,media
demo_773,demo,D10,colectora,Villa Morra,0.16602,0.03814,8.2256,0.70629,0.28007,8,-25.29725,-57.58199,media
demo_774,demo,D10,local,Las Mercedes,0.58238,0.01562,5.46514,0.74559,0.58175,1,-25.29742,-57.62469,baja
demo_775,demo,D00,colectora,Sajonia,0.74299,0.07196,1.02969,0.86742,0.86298,2,-25.29266,-57.64629,media
demo_776,demo,D10,arterial,Trinidad,0.43393,0.01484,3.87097,0.91666,0.35409,2,-25.25636,-57.59622,media
demo_777,demo,D40,arterial,Las Mercedes,0.18001,0.00208,1.24815,0.71275,0.28192,3,-25.2932,-57.62171,alta
demo_778,demo,D00,local,Villa Morra,0.16284,0.01263,1.13575,0.79266,0.19405,3,-25.29411,-57.5763,baja
demo_779,demo,D00,local,Barrio Obrero,0.11199,0.01306,0.96441,0.78411,0.20834,3,-25.31966,-57.62526,baja
demo_780,demo,D00,colectora,Villa Morra,0.72793,0.00243,0.57056,0.24729,0.09699,5,-25.29369,-57.57956,baja
demo_781,demo,D00,local,Sajonia,0.67354,0.10508,0.11768,0.52752,0.30959,5,-25.29643,-57.64671,media
demo_782,demo,D10,arterial,Trinidad,0.4595,0.01269,8.12567,0.51458,0.16053,5,-25.25945,-57.5985,media
demo_783,demo,D00,colectora,Villa Morra,0.17369,0.06738,0.0748,0.52097,0.32943,5,-25.29411,-57.57312,media
demo_784,demo,D10,arterial,Centro,0.13,0.02063,4.96559,0.5266,0.16036,5,-25.28016,-57.63911,media
demo_785,demo,D00,colectora,Carmelitas,0.57438,0.05041,0.35232,0.49232,0.61055,3,-25.28174,-57.57369,media
demo_786,demo,D10,local,Villa Morra,0.11563,0.00927,4.75104,0.39969,0.18841,3,-25.29185,-57.57664,baja
demo_787,demo,D00,arterial,Las Mercedes,0.10483,0.03574,0.41336,0.45187,0.60347,3,-25.29288,-57.62244,media
demo_788,demo,D20,colectora,Mburucuyá,0.65287,0.05059,0.80689,0.76063,0.56009,6,-25.28523,-57.58042,media
demo_789,demo,D10,colectora,Villa Morra,0.64691,0.00905,3.52334,0.87441,0.31909,6,-25.2899,-57.5759,baja
demo_790,demo,D00,local,Barrio Obrero,0.37765,0.02867,0.96945,0.8232,0.11933,6,-25.31798,-57.62389,media
demo_791,demo,D00,local,Carmelitas,0.26307,0.0226,0.65379,0.83124,0.14106,6,-25.28753,-57.57869,media
demo_792,demo,D10,colectora,Las Mercedes,0.18109,0.00266,4.29443,0.75528,0.05429,6,-25.29448,-57.62386,baja
demo_793,demo,D10,arterial,Trinidad,0.17688,0.00827,3.49977,0.93907,0.80385,6,-25.26151,-57.59651,media
demo_794,demo,D00,colectora,Centro,0.67841,0.00935,0.81773,0.85763,0.24309,1,-25.2827,-57.63219,baja
demo_795,demo,D40,colectora,Barrio Obrero,0.19585,0.00221,1.84737,0.63167,0.42634,3,-25.31767,-57.62104,media
demo_796,demo,D20,colectora,San Vicente,0.10575,0.11076,1.75428,0.81755,0.39827,3,-25.30851,-57.60456,alta
demo_797,demo,D40,arterial,Mburucuyá,0.10485,0.00328,1.90588,0.62854,0.43186,3,-25.28421,-57.57619,alta
demo_798,demo,D00,arterial,Barrio Obrero,0.19701,0.03376,0.73528,0.7687,0.59305,1,-25.31794,-57.62242,media
demo_799,demo,D00,local,San Vicente,0.16392,0.01672,0.79169,0.74152,0.76475,1,-25.31987,-57.60159,baja
demo_800,demo,D10,colectora,Villa Morra,0.26094,0.01903,5.47893,0.85039,0.16145,1,-25.29364,-57.5743,baja
demo_801,demo,D00,arterial,Villa Morra,0.35203,0.01089,1.21268,0.63079,0.14877,5,-25.2891,-57.57315,media
demo_802,demo,D00,local,Villa Morra,0.25767,0.03124,0.28924,0.83569,0.23169,5,-25.29587,-57.58012,media
demo_803,demo,D00,arterial,Recoleta,0.16743,0.00634,0.71832,0.72378,0.24273,5,-25.29361,-57.60616,media
demo_804,demo,D00,colectora,Barrio Obrero,0.16291,0.01644,0.31126,0.78781,0.24471,5,-25.31762,-57.62783,baja
demo_805,demo,D00,local,Villa Morra,0.11019,0.0169,0.34696,0.88966,0.22553,5,-25.29127,-57.57381,baja
demo_806,demo,D00,colectora,Las Mercedes,0.53042,0.03844,0.40991,0.6748,0.64985,9,-25.29001,-57.62208,media
demo_807,demo,D00,local,Trinidad,0.47966,0.00629,0.3916,0.3562,0.53997,9,-25.26408,-57.58895,baja
demo_808,demo,D00,local,Villa Morra,0.21181,0.02347,0.30122,0.66033,0.63197,9,-25.29301,-57.57778,media
demo_809,demo,D00,arterial,Barrio Obrero,0.19015,0.06318,0.92769,0.36494,0.87895,9,-25.31101,-57.62197,media
demo_810,demo,D10,arterial,Carmelitas,0.17386,0.00881,3.08841,0.50188,0.51711,9,-25.28741,-57.56959,media
demo_811,demo,D00,colectora,Las Mercedes,0.13041,0.00873,0.53155,0.28405,0.66781,9,-25.2947,-57.6226,baja
demo_812,demo,D00,colectora,Mburucuyá,0.11719,0.04358,1.30488,0.33575,0.87985,9,-25.28336,-57.57819,media
demo_813,demo,D00,local,Mburucuyá,0.11194,0.04148,0.92767,0.37743,0.90162,9,-25.28195,-57.58281,media
demo_814,demo,D00,arterial,Las Mercedes,0.1107,0.07931,0.60091,0.43515,0.89075,9,-25.29786,-57.62334,media
demo_815,demo,D10,arterial,Barrio Obrero,0.33232,0.05303,4.48146,0.12006,0.65957,2,-25.315,-57.62319,media
demo_816,demo,D10,local,Las Mercedes,0.24784,0.08433,3.86957,0.13797,0.69941,2,-25.29522,-57.62652,media
demo_817,demo,D00,local,Las Mercedes,0.1033,0.00649,0.85277,0.66975,0.94944,1,-25.29259,-57.62684,baja
demo_818,demo,D00,colectora,Sajonia,0.54387,0.01906,0.53508,0.81567,0.93429,4,-25.2956,-57.64433,baja
demo_819,demo,D00,local,San Vicente,0.45733,0.00673,0.40695,0.68659,0.83249,4,-25.3139,-57.60131,baja
demo_820,demo,D00,arterial,Trinidad,0.44472,0.00608,0.56876,0.51727,0.73392,4,-25.25337,-57.5929,media
demo_821,demo,D10,local,Las Mercedes,0.16001,0.02042,9.23391,0.69492,0.57691,4,-25.29539,-57.6262,media
demo_822,demo,D00,colectora,Barrio Obrero,0.30593,0.00549,0.16368,0.67035,0.4122,3,-25.31736,-57.62968,baja
demo_823,demo,D00,arterial,Trinidad,0.2926,0.01818,0.41189,0.82635,0.5146,3,-25.2604,-57.59371,media
demo_824,demo,D00,local,San Vicente,0.12464,0.00283,0.17777,0.69668,0.41392,3,-25.31056,-57.6032,baja
demo_825,demo,D40,local,Centro,0.29629,0.03308,1.88324,0.78737,0.64607,3,-25.28573,-57.63968,alta
demo_826,demo,D40,arterial,Villa Morra,0.15232,0.05151,1.86821,0.76651,0.62104,3,-25.29101,-57.57495,alta
demo_827,demo,D40,local,Barrio Obrero,0.12523,0.12925,1.41241,0.84841,0.67691,3,-25.31341,-57.6253,alta
demo_828,demo,D40,arterial,Carmelitas,0.49132,0.00673,1.47778,0.69712,0.76028,2,-25.28402,-57.57248,alta
demo_829,demo,D40,arterial,Las Mercedes,0.15824,0.00332,1.24659,0.71274,0.71181,2,-25.29561,-57.61827,alta
demo_830,demo,D40,colectora,San Vicente,0.26995,0.00097,1.9054,0.60064,0.35973,5,-25.31415,-57.60533,media
demo_831,demo,D40,arterial,Centro,0.24401,0.0026,1.86968,0.79972,0.39311,5,-25.29109,-57.63693,alta
demo_832,demo,D20,arterial,Sajonia,0.15338,0.02793,0.90985,0.91212,0.19346,5,-25.29763,-57.64744,alta
demo_833,demo,D10,local,San Vicente,0.14654,0.00323,4.88745,0.66258,0.57379,5,-25.30789,-57.5998,baja
demo_834,demo,D20,colectora,Barrio Obrero,0.10869,0.04145,1.25227,0.90892,0.17951,5,-25.31517,-57.6224,media
demo_835,demo,D20,local,Villa Morra,0.38082,0.04531,1.31092,0.67814,0.43282,3,-25.28879,-57.57744,media
demo_836,demo,D20,local,Villa Morra,0.27583,0.12695,3.62033,0.66838,0.65918,3,-25.29311,-57.57903,alta
demo_837,demo,D20,colectora,Carmelitas,0.20088,0.08903,4.88534,0.64521,0.66988,3,-25.28596,-57.57577,alta
demo_838,demo,D00,arterial,Recoleta,0.67426,0.01308,0.32758,0.71646,0.52363,1,-25.29234,-57.60806,media
demo_839,demo,D20,arterial,Las Mercedes,0.23645,0.16247,5.11172,0.91086,0.54252,1,-25.29288,-57.62247,alta
demo_840,demo,D10,local,Trinidad,0.34149,0.00583,5.16944,0.78829,0.71438,13,-25.26435,-57.59408,baja
demo_841,demo,D10,colectora,Villa Morra,0.33676,0.00605,5.68425,0.63855,0.61279,13,-25.29342,-57.57663,baja
demo_842,demo,D10,local,Las Mercedes,0.28787,0.02078,5.92424,0.73866,0.76575,13,-25.29029,-57.62302,baja
demo_843,demo,D10,arterial,San Vicente,0.2533,0.0217,7.92963,0.9253,0.53675,13,-25.30999,-57.61065,media
demo_844,demo,D10,local,Centro,0.24586,0.00331,5.47114,0.56312,0.398,13,-25.28592,-57.6371,baja
demo_845,demo,D10,colectora,Carmelitas,0.17871,0.00993,5.05673,0.71989,0.46734,13,-25.2847,-57.57019,baja
demo_846,demo,D40,arterial,San Vicente,0.15828,0.00363,0.9554,0.74014,0.37754,13,-25.3123,-57.6077,alta
demo_847,demo,D20,local,Las Mercedes,0.13823,0.07275,1.53084,0.891,0.18469,13,-25.29041,-57.62206,media
demo_848,demo,D10,colectora,Trinidad,0.12097,0.00581,3.26884,0.929,0.06889,13,-25.26004,-57.5961,baja
demo_849,demo,D10,arterial,Villa Morra,0.11691,0.02751,4.65514,0.74918,0.77976,13,-25.29231,-57.57291,media
demo_850,demo,D10,arterial,Villa Morra,0.11656,0.00554,5.19411,0.89307,0.08607,13,-25.29999,-57.58117,media
demo_851,demo,D10,local,Centro,0.1009,0.00285,4.24112,0.62362,0.45387,13,-25.2847,-57.63703,baja
demo_852,demo,D10,colectora,Centro,0.10081,0.0176,6.63056,0.77876,0.7911,13,-25.27988,-57.63283,baja
demo_853,demo,D40,local,Carmelitas,0.26068,0.1698,1.58556,0.74434,0.50024,2,-25.28771,-57.56901,alta
demo_854,demo,D40,arterial,Barrio Obrero,0.18943,0.10671,1.79678,0.7044,0.54315,2,-25.31224,-57.62457,alta
demo_855,demo,D00,colectora,Carmelitas,0.60519,0.00366,0.34154,0.94827,0.31292,6,-25.2866,-57.57057,baja
demo_856,demo,D00,local,Sajonia,0.57862,0.11735,0.96767,0.78594,0.16849,6,-25.30322,-57.64505,media
demo_857,demo,D00,arterial,Mburucuyá,0.54061,0.02828,0.22008,0.81519,0.37537,6,-25.27793,-57.57685,media
demo_858,demo,D00,local,Mburucuyá,0.48382,0.082,0.84045,0.78978,0.13126,6,-25.28324,-57.57883,media
demo_859,demo,D00,arterial,Villa Morra,0.25199,0.04239,0.30967,0.81374,0.35747,6,-25.29287,-57.57581,media
demo_860,demo,D00,local,Villa Morra,0.11891,0.00209,0.76828,0.63677,0.33536,6,-25.29032,-57.57677,baja
demo_861,demo,D00,colectora,Recoleta,0.59852,0.02145,0.249,0.85324,0.5612,3,-25.29118,-57.60741,media
demo_862,demo,D00,colectora,Sajonia,0.48277,0.00185,0.42841,0.6363,0.53656,3,-25.29421,-57.6504,baja
demo_863,demo,D10,colectora,Carmelitas,0.41827,0.00482,4.09108,0.77209,0.38678,3,-25.2838,-57.57461,baja
demo_864,demo,D00,local,Carmelitas,0.61647,0.03567,0.5426,0.80498,0.06956,2,-25.28725,-57.57056,media
demo_865,demo,D10,colectora,San Vicente,0.13182,0.02646,9.4877,0.7574,0.55173,2,-25.30665,-57.60799,media
demo_866,demo,D20,arterial,Sajonia,0.78857,0.21426,4.09652,0.88565,0.46866,5,-25.28684,-57.65415,alta
demo_867,demo,D20,colectora,Carmelitas,0.51678,0.07001,2.85426,0.64031,0.29911,5,-25.28125,-57.5687,media
demo_868,demo,D40,colectora,Centro,0.32885,0.00515,2.40969,0.8157,0.05569,5,-25.28643,-57.6329,media
demo_869,demo,D20,colectora,Trinidad,0.31374,0.05287,2.22745,0.62857,0.26754,5,-25.2581,-57.59476,media
demo_870,demo,D40,colectora,Carmelitas,0.12855,0.00737,1.73379,0.82322,0.05652,5,-25.28897,-57.56961,media
demo_871,demo,D10,local,Barrio Obrero,0.16297,0.00445,3.8823,0.72791,0.15997,1,-25.31927,-57.62855,baja
demo_872,demo,D00,arterial,Trinidad,0.58903,0.0013,0.15145,0.15221,0.61932,3,-25.25984,-57.59426,media
demo_873,demo,D00,colectora,Centro,0.29925,0.03504,0.53318,0.4294,0.09162,3,-25.28236,-57.63687,media
demo_874,demo,D20,local,Sajonia,0.13466,0.05413,1.24751,0.89549,0.13003,3,-25.29449,-57.64963,media
demo_875,demo,D10,local,Sajonia,0.16629,0.02146,4.97374,0.53317,0.55178,1,-25.29258,-57.64959,baja
demo_876,demo,D20,arterial,Mburucuyá,0.5139,0.09244,0.73076,0.82216,0.38125,2,-25.27778,-57.5765,alta
demo_877,demo,D40,local,Barrio Obrero,0.14368,0.00153,1.94069,0.73532,0.09385,2,-25.31445,-57.62453,baja
demo_878,demo,D00,colectora,Sajonia,0.40819,0.01987,0.48928,0.74254,0.35683,1,-25.29322,-57.65123,baja
demo_879,demo,D20,local,Las Mercedes,0.11915,0.02536,1.05103,0.71664,0.32347,2,-25.29314,-57.62186,media
demo_880,demo,D10,arterial,Trinidad,0.1139,0.01904,8.26717,0.8039,0.21202,2,-25.25316,-57.59375,media
demo_881,demo,D10,local,Mburucuyá,0.28718,0.03584,8.96159,0.41851,0.57071,3,-25.27878,-57.58161,media
demo_882,demo,D00,local,Recoleta,0.20099,0.03938,0.63147,0.55484,0.21983,3,-25.28919,-57.60867,media
demo_883,demo,D00,arterial,Barrio Obrero,0.12644,0.05664,0.69898,0.53349,0.23941,3,-25.31843,-57.62761,media
demo_884,demo,D00,local,San Vicente,0.5965,0.00297,0.27603,0.71717,0.39552,5,-25.31524,-57.6056,baja
demo_885,demo,D10,arterial,Las Mercedes,0.53568,0.01445,6.73008,0.76896,0.39045,5,-25.29138,-57.62712,media
demo_886,demo,D10,colectora,Carmelitas,0.45902,0.00605,5.18682,0.9047,0.4737,5,-25.28401,-57.57222,baja
demo_887,demo,D00,colectora,Mburucuyá,0.18613,0.00677,0.56713,0.80073,0.57316,5,-25.27633,-57.58329,baja
demo_888,demo,D00,local,Centro,0.10308,0.08777,0.72483,0.82044,0.62046,5,-25.28437,-57.63205,media
demo_889,demo,D00,local,San Vicente,0.2171,0.03248,0.53503,0.79302,0.06592,1,-25.31412,-57.61084,media
demo_890,demo,D00,arterial,Trinidad,0.45985,0.00923,1.63771,0.90675,0.66964,2,-25.25654,-57.59606,media
demo_891,demo,D00,colectora,San Vicente,0.15191,0.02468,1.69493,0.88199,0.62424,2,-25.30804,-57.6085,media
demo_892,demo,D10,colectora,Barrio Obrero,0.54171,0.01036,5.02656,0.86527,0.26417,2,-25.32075,-57.62606,baja
demo_893,demo,D00,local,Mburucuyá,0.10287,0.00861,1.04566,0.92403,0.08723,2,-25.2752,-57.57809,baja
demo_894,demo,D00,colectora,Centro,0.44676,0.01188,0.89186,0.68859,0.37362,1,-25.28872,-57.63291,baja
demo_895,demo,D20,arterial,Mburucuyá,0.65508,0.20097,1.73107,0.82964,0.29491,2,-25.27593,-57.57515,alta
demo_896,demo,D10,local,Carmelitas,0.26333,0.00491,5.32397,0.62788,0.45232,2,-25.29004,-57.57119,baja
demo_897,demo,D40,colectora,Recoleta,0.87366,0.00388,1.03831,0.46757,0.50616,2,-25.29318,-57.61102,media
demo_898,demo,D40,arterial,Centro,0.47555,0.00048,0.83603,0.46827,0.45513,2,-25.28396,-57.63991,alta
demo_899,demo,D10,local,Mburucuyá,0.3451,0.04,9.32738,0.90357,0.3203,6,-25.27951,-57.57538,media
demo_900,demo,D10,colectora,Barrio Obrero,0.25232,0.02266,11.79337,0.91193,0.35492,6,-25.3195,-57.6187,media
demo_901,demo,D10,colectora,Trinidad,0.19761,0.01774,17.27491,0.91609,0.35646,6,-25.2653,-57.60325,baja
demo_902,demo,D10,arterial,Centro,0.18126,0.01188,15.82788,0.91602,0.32913,6,-25.2858,-57.63844,media
demo_903,demo,D10,colectora,Centro,0.14506,0.01793,16.53886,0.91737,0.27224,6,-25.28023,-57.63355,baja
demo_904,demo,D10,local,Recoleta,0.11727,0.02518,8.46474,0.90096,0.39122,6,-25.29195,-57.61306,media
demo_905,demo,D00,arterial,Sajonia,0.62337,0.0128,0.30619,0.89777,0.44544,8,-25.29367,-57.64837,media
demo_906,demo,D00,local,Barrio Obrero,0.50433,0.0043,0.31456,0.7802,0.37109,8,-25.31721,-57.62942,baja
demo_907,demo,D00,local,Barrio Obrero,0.29769,0.01257,0.58402,0.9266,0.2892,8,-25.31584,-57.62256,baja
demo_908,demo,D00,colectora,Recoleta,0.21066,0.04081,0.50802,0.85806,0.32079,8,-25.28971,-57.60993,media
demo_909,demo,D00,arterial,Villa Morra,0.19025,0.01274,1.05842,0.76844,0.21074,8,-25.2887,-57.57105,media
demo_910,demo,D00,arterial,Centro,0.19009,0.01803,0.82926,0.92626,0.27272,8,-25.28384,-57.63591,media
demo_911,demo,D00,arterial,Mburucuyá,0.15456,0.01647,0.56877,0.81564,0.67601,8,-25.28088,-57.57892,media
demo_912,demo,D00,local,Centro,0.13582,0.01861,0.45064,0.8982,0.42997,8,-25.28428,-57.63457,baja
demo_913,demo,D10,arterial,San Vicente,0.5397,0.08083,12.30532,0.61615,0.49865,5,-25.30851,-57.60464,alta
demo_914,demo,D00,arterial,San Vicente,0.48748,0.07146,0.96828,0.26557,0.13153,5,-25.30956,-57.60985,media
demo_915,demo,D10,local,Las Mercedes,0.45021,0.13301,7.51831,0.64525,0.5,5,-25.29598,-57.62628,media
demo_916,demo,D00,local,Carmelitas,0.2406,0.03398,2.54527,0.51802,0.85214,5,-25.2826,-57.57345,media
demo_917,demo,D10,colectora,Barrio Obrero,0.21469,0.06526,8.80143,0.62153,0.37895,5,-25.31682,-57.62492,media
demo_918,demo,D20,colectora,Recoleta,0.76233,0.13961,1.03325,0.81621,0.29482,2,-25.29383,-57.6158,alta
demo_919,demo,D40,arterial,Centro,0.17015,0.00276,2.62663,0.63937,0.40545,2,-25.28316,-57.63443,alta
demo_920,demo,D00,colectora,Mburucuyá,0.50543,0.15732,0.66516,0.75087,0.16176,2,-25.27907,-57.57692,media
demo_921,demo,D40,arterial,Mburucuyá,0.20854,0.00607,1.49374,0.74588,0.95236,2,-25.28189,-57.57902,alta
demo_922,demo,D20,local,Las Mercedes,0.13451,0.0061,1.04337,0.80456,0.63435,1,-25.29554,-57.62258,baja
demo_923,demo,D10,arterial,San Vicente,0.50894,0.03637,4.10824,0.80739,0.42913,4,-25.30617,-57.60768,media
demo_924,demo,D00,local,Sajonia,0.26132,0.03518,0.48625,0.86483,0.22429,4,-25.29347,-57.64916,media
demo_925,demo,D10,local,Recoleta,0.24265,0.05411,3.83842,0.79999,0.45611,4,-25.29065,-57.61311,media
demo_926,demo,D00,colectora,Trinidad,0.15695,0.00844,0.41504,0.80722,0.25918,4,-25.25759,-57.59684,baja
demo_927,demo,D00,local,Trinidad,0.3271,0.55353,0.59797,0.51591,0.64132,5,-25.25895,-57.59651,media
demo_928,demo,D00,colectora,Centro,0.31625,0.44322,0.47684,0.51523,0.7356,5,-25.28528,-57.63293,media
demo_929,demo,D10,local,Sajonia,0.16051,0.28078,2.80243,0.26225,0.44352,5,-25.29048,-57.6493,media
demo_930,demo,D10,local,San Vicente,0.12937,0.23546,2.42938,0.30303,0.37849,5,-25.30807,-57.60697,media
demo_931,demo,D00,arterial,Villa Morra,0.12522,0.32083,0.83352,0.68846,0.42805,5,-25.29125,-57.57356,alta
demo_932,demo,D00,local,Las Mercedes,0.43806,0.00863,1.20028,0.72422,0.86145,7,-25.29553,-57.625,baja
demo_933,demo,D40,colectora,Barrio Obrero,0.35498,0.00671,3.14253,0.97671,0.60141,7,-25.31413,-57.62715,media
demo_934,demo,D20,local,Carmelitas,0.19061,0.07858,2.44713,0.70752,0.45705,7,-25.28315,-57.57221,media
demo_935,demo,D40,arterial,Carmelitas,0.19009,0.00398,2.02624,0.97757,0.57592,7,-25.28381,-57.56994,alta
demo_936,demo,D40,colectora,Sajonia,0.15153,0.00567,2.18507,0.84528,0.10041,7,-25.29757,-57.64523,media
demo_937,demo,D40,arterial,San Vicente,0.11459,0.00384,3.75707,0.98401,0.76822,7,-25.30899,-57.60731,alta
demo_938,demo,D10,colectora,Mburucuyá,0.10253,0.00448,2.94366,0.7657,0.9426,7,-25.2763,-57.58143,baja
demo_939,demo,D00,arterial,Mburucuyá,0.16183,0.4195,0.42226,0.49836,0.34441,1,-25.2806,-57.5818,alta
demo_940,demo,D00,arterial,Recoleta,0.1111,0.00696,0.30665,0.73886,0.45469,1,-25.29056,-57.6095,baja
demo_941,demo,D00,arterial,Barrio Obrero,0.33708,0.06463,0.94176,0.83761,0.87665,1,-25.31644,-57.62413,media
demo_942,demo,D20,arterial,Villa Morra,0.29737,0.05156,1.24985,0.89845,0.47597,1,-25.29183,-57.56934,alta
demo_943,demo,D00,local,Centro,0.13731,0.0048,1.60863,0.82958,0.50128,1,-25.28518,-57.63616,baja
demo_944,demo,D00,local,Sajonia,0.34896,0.27797,2.50076,0.52267,0.41769,2,-25.29291,-57.64862,media
demo_945,demo,D00,colectora,Carmelitas,0.34368,0.26904,3.23853,0.45646,0.46672,2,-25.28048,-57.57561,media
demo_946,demo,D20,arterial,Centro,0.76175,0.30736,1.10465,0.51037,0.30735,2,-25.28372,-57.63302,alta
demo_947,demo,D00,arterial,Villa Morra,0.73474,0.08935,1.64756,0.12033,0.80816,2,-25.29242,-57.57962,alta
demo_948,demo,D40,colectora,Carmelitas,0.43605,0.00197,1.33628,0.75001,0.55398,11,-25.28575,-57.57042,media
demo_949,demo,D40,colectora,Carmelitas,0.37718,0.00866,2.49039,0.66472,0.28065,11,-25.28535,-57.576,media
demo_950,demo,D40,colectora,Mburucuyá,0.35154,0.01129,2.51658,0.65786,0.29235,11,-25.28129,-57.58047,media
demo_951,demo,D40,local,Mburucuyá,0.29297,0.00719,2.06441,0.65568,0.31072,11,-25.28345,-57.5764,media
demo_952,demo,D40,arterial,Villa Morra,0.1843,0.0014,1.83498,0.64418,0.54808,11,-25.30042,-57.5761,alta
demo_953,demo,D20,arterial,Villa Morra,0.16812,0.03031,0.80755,0.75963,0.56218,11,-25.29035,-57.57583,alta
demo_954,demo,D40,local,Las Mercedes,0.15547,0.00152,1.96647,0.57651,0.56777,11,-25.28998,-57.62688,media
demo_955,demo,D20,arterial,Barrio Obrero,0.13422,0.02508,0.50065,0.74355,0.57431,11,-25.31527,-57.62577,alta
demo_956,demo,D40,colectora,Sajonia,0.13376,0.00276,2.88354,0.67233,0.49997,11,-25.29232,-57.64593,media
demo_957,demo,D40,arterial,Carmelitas,0.1247,0.01228,0.96407,0.88629,0.06592,11,-25.28435,-57.57369,alta
demo_958,demo,D00,local,Trinidad,0.11317,0.01649,0.3309,0.74082,0.57779,11,-25.25902,-57.59664,baja
demo_959,demo,D00,arterial,Mburucuyá,0.47657,0.00923,0.2419,0.76694,0.39983,1,-25.28047,-57.57726,media
demo_960,demo,D40,local,Trinidad,0.36425,0.00123,1.4921,0.93726,0.20421,8,-25.25611,-57.59551,media
demo_961,demo,D10,colectora,Recoleta,0.30881,0.00357,5.62192,0.69332,0.58613,8,-25.2932,-57.6047,baja
demo_962,demo,D40,local,Las Mercedes,0.30333,0.00506,1.36329,0.89814,0.94548,8,-25.297,-57.62091,media
demo_963,demo,D40,arterial,Trinidad,0.20414,0.00116,0.99137,0.80054,0.39602,8,-25.25913,-57.59806,alta
demo_964,demo,D40,arterial,Trinidad,0.12616,0.00173,0.8979,0.80265,0.39495,8,-25.25221,-57.59485,alta
demo_965,demo,D40,colectora,San Vicente,0.12319,0.00486,1.09999,0.78959,0.41051,8,-25.30928,-57.60157,media
demo_966,demo,D20,arterial,Las Mercedes,0.12195,0.05639,0.93747,0.82174,0.12045,8,-25.29214,-57.62688,alta
demo_967,demo,D00,colectora,Villa Morra,0.12166,0.01779,0.61124,0.83428,0.38817,8,-25.29447,-57.57851,baja
demo_968,demo,D00,arterial,Mburucuyá,0.22059,0.00519,0.87139,0.73468,0.34914,2,-25.27995,-57.57884,media
demo_969,demo,D00,colectora,Trinidad,0.15876,0.0085,0.92929,0.7243,0.36065,2,-25.25683,-57.59753,baja
demo_970,demo,D00,local,Mburucuyá,0.43747,0.095,0.12076,0.55514,0.19422,1,-25.28141,-57.58192,media
demo_971,demo,D20,colectora,Recoleta,0.51942,0.16655,4.31831,0.90181,0.5747,2,-25.29145,-57.61071,alta
demo_972,demo,D10,local,Mburucuyá,0.11481,0.00718,4.41214,0.96192,0.17469,2,-25.28235,-57.58296,baja
demo_973,demo,D00,local,Las Mercedes,0.43563,0.00494,0.51594,0.59708,0.2897,7,-25.29318,-57.61806,baja
demo_974,demo,D10,colectora,Trinidad,0.42102,0.00882,5.49518,0.82367,0.88935,7,-25.25941,-57.59607,baja
demo_975,demo,D20,local,San Vicente,0.36494,0.05543,0.59429,0.84601,0.09087,7,-25.31322,-57.60801,media
demo_976,demo,D20,arterial,Mburucuyá,0.14618,0.05432,0.39166,0.81108,0.07315,7,-25.28203,-57.57617,alta
demo_977,demo,D00,local,San Vicente,0.12214,0.0069,0.565,0.58905,0.29389,7,-25.30697,-57.60469,baja
demo_978,demo,D00,arterial,Las Mercedes,0.11113,0.03379,0.60695,0.88202,0.07161,7,-25.29298,-57.62252,media
demo_979,demo,D00,colectora,Las Mercedes,0.10287,0.00548,0.69559,0.62381,0.51924,7,-25.30043,-57.62427,baja
demo_980,demo,D00,arterial,Sajonia,0.22881,0.00679,0.34038,0.92221,0.5071,2,-25.29294,-57.65322,media
demo_981,demo,D00,local,Carmelitas,0.1954,0.01011,0.39281,0.91383,0.50869,2,-25.28646,-57.57561,baja
demo_982,demo,D00,local,Mburucuyá,0.32587,0.01835,0.36803,0.77172,0.76796,3,-25.27974,-57.57743,baja
demo_983,demo,D20,local,Las Mercedes,0.32212,0.03566,0.48792,0.82685,0.52143,3,-25.28908,-57.62582,media
demo_984,demo,D00,colectora,Las Mercedes,0.23501,0.02695,0.32447,0.79856,0.77217,3,-25.29472,-57.62376,media
demo_985,demo,D20,local,Centro,0.57976,0.12585,1.00732,0.82327,0.77946,1,-25.28128,-57.63761,alta
demo_986,demo,D40,local,Mburucuyá,0.29794,0.02095,2.32282,0.70375,0.49246,2,-25.27805,-57.58227,alta
demo_987,demo,D20,colectora,Las Mercedes,0.222,0.19991,1.9234,0.83583,0.32144,2,-25.29589,-57.62467,alta
demo_988,demo,D10,arterial,Sajonia,0.51209,0.2281,4.38395,0.85688,0.5,6,-25.29089,-57.64585,alta
demo_989,demo,D00,local,Barrio Obrero,0.33755,0.05604,0.14111,0.33523,0.20658,6,-25.31616,-57.62634,media
demo_990,demo,D00,local,Carmelitas,0.26026,0.05838,0.225,0.26156,0.22188,6,-25.28115,-57.57006,media
demo_991,demo,D00,arterial,Trinidad,0.19905,0.08186,0.10285,0.46452,0.20381,6,-25.25921,-57.59045,alta
demo_992,demo,D10,colectora,Las Mercedes,0.15798,0.154,6.40255,0.88194,0.50186,6,-25.29084,-57.62644,media
demo_993,demo,D00,local,Villa Morra,0.12607,0.09361,0.28407,0.29202,0.24645,6,-25.29493,-57.57739,media
demo_994,demo,D00,local,Recoleta,0.47829,0.03426,0.32617,0.76041,0.43412,5,-25.28516,-57.60693,media
demo_995,demo,D10,local,Recoleta,0.20591,0.00715,5.9985,0.64427,0.51614,5,-25.29103,-57.61056,baja
demo_996,demo,D00,local,Sajonia,0.17286,0.00842,0.49079,0.93436,0.33816,5,-25.29133,-57.64613,baja
demo_997,demo,D00,arterial,Las Mercedes,0.15581,0.01322,0.72406,0.93214,0.33331,5,-25.29671,-57.62265,media
demo_998,demo,D00,colectora,Recoleta,0.1017,0.10308,0.63087,0.79789,0.37516,5,-25.29022,-57.61217,media
demo_999,demo,D20,local,Recoleta,0.79135,0.13719,1.13664,0.82618,0.80256,1,-25.28685,-57.60839,alta
demo_1000,demo,D20,arterial,Trinidad,0.40631,0.12338,0.97822,0.7077,0.17725,2,-25.2558,-57.59253,alta
demo_1001,demo,D20,arterial,Mburucuyá,0.14624,0.05496,1.17426,0.6475,0.22318,2,-25.28475,-57.58009,alta
demo_1002,demo,D20,arterial,Mburucuyá,0.75882,0.15981,1.62018,0.84297,0.74558,5,-25.28005,-57.58318,alta
demo_1003,demo,D40,local,Centro,0.34796,0.01018,2.63962,0.85375,0.8317,5,-25.28049,-57.63395,media
demo_1004,demo,D00,arterial,Sajonia,0.2302,0.01666,1.47967,0.68211,0.80711,5,-25.29394,-57.64523,media
demo_1005,demo,D40,local,Mburucuyá,0.22008,0.01069,1.00269,0.91021,0.58877,5,-25.28357,-57.58074,media
demo_1006,demo,D40,local,Barrio Obrero,0.12328,0.00484,1.26324,0.89316,0.58886,5,-25.31233,-57.62643,media
demo_1007,demo,D10,arterial,Mburucuyá,0.51636,0.26384,3.79023,0.62937,0.5,1,-25.27995,-57.57746,alta
demo_1008,demo,D20,local,Sajonia,0.82007,0.02338,1.81419,0.33344,0.80762,8,-25.29488,-57.64683,media
demo_1009,demo,D20,colectora,Recoleta,0.65799,0.03939,1.02338,0.55839,0.89913,8,-25.29721,-57.60402,media
demo_1010,demo,D40,arterial,Las Mercedes,0.60911,0.00121,0.80887,0.54533,0.77659,8,-25.29645,-57.62508,alta
demo_1011,demo,D00,local,Las Mercedes,0.30577,0.01767,0.40384,0.8954,0.65157,8,-25.29623,-57.62503,baja
demo_1012,demo,D00,arterial,San Vicente,0.19349,0.01544,0.3702,0.89751,0.63657,8,-25.31497,-57.60405,media
demo_1013,demo,D00,local,Villa Morra,0.17856,0.02624,0.6076,0.89588,0.66899,8,-25.29388,-57.57416,media
demo_1014,demo,D40,colectora,Barrio Obrero,0.12558,0.00272,1.08677,0.54673,0.76129,8,-25.3159,-57.62447,media
demo_1015,demo,D40,local,Sajonia,0.10785,0.002,0.91032,0.54556,0.76989,8,-25.30031,-57.64842,media
demo_1016,demo,D00,local,San Vicente,0.83447,0.03617,0.33659,0.83436,0.34218,8,-25.31988,-57.60296,media
demo_1017,demo,D00,arterial,Carmelitas,0.5996,0.01479,0.60173,0.78136,0.26872,8,-25.28582,-57.57172,media
demo_1018,demo,D00,arterial,Mburucuyá,0.51446,0.00924,0.12996,0.86671,0.44533,8,-25.27745,-57.5774,media
demo_1019,demo,D00,local,Las Mercedes,0.26441,0.00293,0.24254,0.94389,0.43963,8,-25.29873,-57.62456,baja
demo_1020,demo,D00,colectora,Carmelitas,0.2365,0.02087,0.61244,0.76396,0.27624,8,-25.28424,-57.57243,media
demo_1021,demo,D00,arterial,Sajonia,0.16287,0.00464,0.21605,0.92673,0.44101,8,-25.2936,-57.64433,baja
demo_1022,demo,D00,arterial,Las Mercedes,0.1303,0.00207,0.21031,0.95035,0.44172,8,-25.29707,-57.62016,baja
demo_1023,demo,D00,local,San Vicente,0.10544,0.00127,0.59953,0.68291,0.34772,8,-25.3091,-57.60772,baja
demo_1024,demo,D00,colectora,Recoleta,0.57483,0.14299,0.14474,0.50303,0.46616,3,-25.2871,-57.61134,media
demo_1025,demo,D00,arterial,Sajonia,0.54771,0.09,0.0903,0.50081,0.44518,3,-25.2908,-57.65278,alta
demo_1026,demo,D00,colectora,Villa Morra,0.38564,0.05685,0.12453,0.66218,0.44059,3,-25.30012,-57.57766,media
demo_1027,demo,D00,local,San Vicente,0.46215,0.01015,0.22521,0.66023,0.51447,4,-25.3133,-57.60351,baja
demo_1028,demo,D00,local,Villa Morra,0.40683,0.03125,0.50071,0.6371,0.63317,4,-25.29341,-57.58208,media
demo_1029,demo,D00,local,Sajonia,0.21741,0.0534,0.96271,0.62204,0.71583,4,-25.29709,-57.64969,media
demo_1030,demo,D20,arterial,Villa Morra,0.13791,0.06694,1.89796,0.63638,0.82138,4,-25.29711,-57.58018,alta
demo_1031,demo,D10,colectora,Las Mercedes,0.35884,0.16823,5.91476,0.17534,0.4995,4,-25.29548,-57.62182,media
demo_1032,demo,D10,local,Villa Morra,0.2678,0.2445,4.08885,0.14624,0.49993,4,-25.29228,-57.58043,media
demo_1033,demo,D10,arterial,Las Mercedes,0.18926,0.27035,3.69176,0.23254,0.49952,4,-25.29438,-57.62331,alta
demo_1034,demo,D10,colectora,Carmelitas,0.11459,0.12038,3.94583,0.1791,0.3455,4,-25.28782,-57.57585,media
demo_1035,demo,D00,arterial,Las Mercedes,0.79802,0.02589,0.73953,0.61871,0.11725,1,-25.29123,-57.61896,media
demo_1036,demo,D10,colectora,Las Mercedes,0.61703,0.01437,1.86454,0.7518,0.40392,3,-25.29394,-57.62312,baja
demo_1037,demo,D00,local,Mburucuyá,0.2716,0.02579,0.8741,0.77779,0.07532,3,-25.27795,-57.58303,media
demo_1038,demo,D00,local,Centro,0.10408,0.01281,0.91003,0.74492,0.09862,3,-25.2878,-57.63729,baja
demo_1039,demo,D20,local,Villa Morra,0.34577,0.19891,1.39984,0.81099,0.66531,3,-25.28671,-57.57484,alta
demo_1040,demo,D20,colectora,Mburucuyá,0.1453,0.04198,1.14889,0.6947,0.50034,3,-25.27706,-57.57492,media
demo_1041,demo,D20,local,Carmelitas,0.10271,0.02464,1.07261,0.71265,0.48895,3,-25.28351,-57.56849,media
demo_1042,demo,D00,local,San Vicente,0.85664,0.0704,0.98288,0.81502,0.14383,5,-25.31417,-57.60673,media
demo_1043,demo,D00,colectora,Villa Morra,0.80183,0.00892,0.63341,0.8153,0.31722,5,-25.2921,-57.57582,baja
demo_1044,demo,D00,colectora,San Vicente,0.74427,0.0087,0.34575,0.77046,0.53735,5,-25.31041,-57.60208,baja
demo_1045,demo,D00,colectora,Carmelitas,0.5513,0.00389,0.64476,0.66687,0.3748,5,-25.28441,-57.57252,baja
demo_1046,demo,D00,colectora,Mburucuyá,0.2572,0.00271,0.57078,0.66389,0.38006,5,-25.28428,-57.5741,baja
demo_1047,demo,D10,local,Recoleta,0.11084,0.04536,5.13958,0.60198,0.75857,1,-25.29078,-57.60316,media
demo_1048,demo,D20,local,Sajonia,0.51752,0.056,1.70624,0.83099,0.74648,2,-25.29275,-57.64858,media
demo_1049,demo,D20,local,Las Mercedes,0.12503,0.03443,1.96762,0.81598,0.74623,2,-25.29224,-57.62077,media
demo_1050,demo,D00,local,Trinidad,0.31076,0.05212,0.46282,0.71888,0.42454,2,-25.25587,-57.59643,media
demo_1051,demo,D00,colectora,Carmelitas,0.27577,0.0354,0.48381,0.7543,0.43906,2,-25.27917,-57.56929,media
demo_1052,demo,D20,local,Sajonia,0.60968,0.14811,1.29706,0.83104,0.58222,1,-25.28966,-57.64554,alta
demo_1053,demo,D20,local,Villa Morra,0.33195,0.01243,0.60938,0.86194,0.54507,1,-25.29421,-57.57793,media
demo_1054,demo,D00,local,Barrio Obrero,0.21169,0.02166,0.64863,0.9005,0.12895,1,-25.31677,-57.62473,media
demo_1055,demo,D20,local,Las Mercedes,0.45815,0.13758,0.70591,0.77015,0.21982,3,-25.29152,-57.61894,alta
demo_1056,demo,D20,arterial,Centro,0.18132,0.10288,0.93361,0.83201,0.19507,3,-25.29366,-57.63764,alta
demo_1057,demo,D20,arterial,Villa Morra,0.1529,0.01571,1.40755,0.68979,0.9249,3,-25.29096,-57.57108,media
demo_1058,demo,D00,local,Sajonia,0.52685,0.00658,0.36285,0.39858,0.20066,5,-25.29755,-57.64931,baja
demo_1059,demo,D10,colectora,Carmelitas,0.35785,0.00375,2.02254,0.88607,0.04354,5,-25.28342,-57.57397,baja
demo_1060,demo,D10,arterial,Centro,0.31788,0.00249,3.11276,0.89217,0.04398,5,-25.28301,-57.63276,media
demo_1061,demo,D00,local,San Vicente,0.30175,0.00422,0.34451,0.4076,0.19458,5,-25.31258,-57.60707,baja
demo_1062,demo,D10,colectora,Carmelitas,0.14545,0.00551,1.32198,0.87293,0.04268,5,-25.28656,-57.57064,baja
demo_1063,demo,D00,colectora,Barrio Obrero,0.30561,0.01786,0.35075,0.55853,0.31276,3,-25.315,-57.62219,baja
demo_1064,demo,D00,local,Sajonia,0.29931,0.01103,0.79787,0.78996,0.25736,3,-25.30009,-57.64858,baja
demo_1065,demo,D00,local,Carmelitas,0.27017,0.05164,0.32219,0.64262,0.28883,3,-25.28802,-57.57197,media
demo_1066,demo,D20,arterial,Barrio Obrero,0.73663,0.2565,2.08068,0.82445,0.36527,1,-25.31536,-57.62624,alta
demo_1067,demo,D00,arterial,Recoleta,0.47905,0.00447,0.27843,0.70473,0.41413,3,-25.29296,-57.60591,media
demo_1068,demo,D00,local,Recoleta,0.3052,0.00242,0.29926,0.72098,0.41735,3,-25.29376,-57.61087,baja
demo_1069,demo,D00,arterial,San Vicente,0.18624,0.00231,0.39408,0.68342,0.412,3,-25.31398,-57.60513,baja
demo_1070,demo,D00,local,Barrio Obrero,0.25909,0.07707,0.68901,0.8237,0.18517,1,-25.31588,-57.62094,media
demo_1071,demo,D20,arterial,Sajonia,0.64636,0.47639,1.9527,0.7519,0.48585,2,-25.29228,-57.64706,alta
demo_1072,demo,D20,colectora,Villa Morra,0.20055,0.04239,3.05333,0.54434,0.51511,2,-25.29814,-57.57964,media
demo_1073,demo,D20,local,San Vicente,0.32513,0.33773,1.69955,0.77683,0.38012,7,-25.31286,-57.60293,alta
demo_1074,demo,D20,colectora,Las Mercedes,0.31304,0.1593,0.79288,0.77434,0.21104,7,-25.29219,-57.62698,alta
demo_1075,demo,D10,colectora,San Vicente,0.23157,0.01053,3.8137,0.19251,0.5038,7,-25.31471,-57.60442,baja
demo_1076,demo,D20,colectora,Trinidad,0.21155,0.03858,1.00287,0.2588,0.90165,7,-25.25765,-57.59589,baja
demo_1077,demo,D10,arterial,San Vicente,0.19874,0.00688,3.70333,0.18912,0.48929,7,-25.31571,-57.60376,media
demo_1078,demo,D10,local,Sajonia,0.15926,0.00383,3.74736,0.18501,0.4714,7,-25.29138,-57.64495,baja
demo_1079,demo,D10,arterial,Villa Morra,0.14992,0.00891,4.86884,0.23606,0.89494,7,-25.2955,-57.57202,media
demo_1080,demo,D00,local,Trinidad,0.63585,0.03405,0.50462,0.85418,0.15733,3,-25.26119,-57.59383,media
demo_1081,demo,D00,local,Villa Morra,0.2639,0.03521,0.60094,0.87881,0.43915,3,-25.29251,-57.57199,media
demo_1082,demo,D00,arterial,Centro,0.21702,0.02428,0.43834,0.88232,0.42323,3,-25.28497,-57.63394,media
demo_1083,demo,D40,arterial,Recoleta,0.59088,0.03905,0.56561,0.80996,0.42341,3,-25.29132,-57.60573,alta
demo_1084,demo,D40,local,Centro,0.46111,0.0577,0.59988,0.83864,0.40994,3,-25.28561,-57.63962,alta
demo_1085,demo,D40,local,Barrio Obrero,0.24563,0.00299,0.47304,0.81031,0.31205,3,-25.31452,-57.62392,media
demo_1086,demo,D40,arterial,Trinidad,0.24633,0.02236,4.67696,0.65631,0.26355,2,-25.25913,-57.58927,alta
demo_1087,demo,D40,colectora,Barrio Obrero,0.23247,0.00834,2.3425,0.65179,0.35064,2,-25.3181,-57.6242,media
demo_1088,demo,D10,arterial,Trinidad,0.42743,0.01885,5.7503,0.67478,0.52993,6,-25.25564,-57.5967,media
demo_1089,demo,D00,arterial,San Vicente,0.28205,0.03815,0.52526,0.86435,0.28803,6,-25.31914,-57.60521,media
demo_1090,demo,D10,colectora,Trinidad,0.27173,0.00582,4.12374,0.72648,0.41678,6,-25.26081,-57.59472,baja
demo_1091,demo,D10,arterial,Las Mercedes,0.21038,0.00399,4.02264,0.72556,0.43065,6,-25.29434,-57.62315,media
demo_1092,demo,D00,colectora,Villa Morra,0.181,0.07689,0.86007,0.85044,0.23379,6,-25.29531,-57.57848,media
demo_1093,demo,D00,local,Mburucuyá,0.10079,0.11116,1.16981,0.84587,0.18291,6,-25.27631,-57.57989,baja
demo_1094,demo,D00,local,Centro,0.50419,0.00429,0.53045,0.7574,0.56149,2,-25.28473,-57.63756,baja
demo_1095,demo,D00,colectora,Carmelitas,0.21624,0.0124,0.64092,0.84706,0.69581,2,-25.2819,-57.57655,baja
demo_1096,demo,D00,colectora,Las Mercedes,0.3446,0.00912,0.26719,0.9037,0.38302,1,-25.29349,-57.62203,baja
demo_1097,demo,D00,local,Barrio Obrero,0.47335,0.01079,0.82254,0.94273,0.37875,5,-25.31838,-57.62085,baja
demo_1098,demo,D00,local,Trinidad,0.37421,0.01477,0.37951,0.87324,0.20753,5,-25.26315,-57.59898,baja
demo_1099,demo,D00,colectora,San Vicente,0.28473,0.02166,0.30296,0.84481,0.20728,5,-25.31204,-57.60927,media
demo_1100,demo,D00,colectora,Barrio Obrero,0.23412,0.0168,1.33305,0.94385,0.40561,5,-25.31831,-57.62698,baja
demo_1101,demo,D10,arterial,Trinidad,0.20203,0.01225,8.63709,0.67931,0.38838,5,-25.25853,-57.59605,media
demo_1102,demo,D10,colectora,Mburucuyá,0.14605,0.04639,5.96443,0.15535,0.263,1,-25.28248,-57.58054,media
demo_1103,demo,D40,arterial,Sajonia,0.24997,0.00901,1.1809,0.8113,0.86044,1,-25.28848,-57.64709,alta
demo_1104,demo,D20,arterial,San Vicente,0.22309,0.08395,3.02434,0.9167,0.74761,4,-25.31293,-57.60743,alta
demo_1105,demo,D10,arterial,Carmelitas,0.20014,0.03658,7.39319,0.33747,0.72402,4,-25.28523,-57.57124,media
demo_1106,demo,D10,arterial,Barrio Obrero,0.14201,0.06259,4.74196,0.31996,0.72761,4,-25.31402,-57.6264,media
demo_1107,demo,D10,colectora,Recoleta,0.14171,0.03113,8.32862,0.35103,0.71173,4,-25.29542,-57.61856,media
demo_1108,demo,D10,arterial,Centro,0.29927,0.02343,7.02827,0.80416,0.46466,4,-25.28423,-57.63197,media
demo_1109,demo,D10,colectora,Mburucuyá,0.25527,0.01471,6.55036,0.79983,0.5069,4,-25.27786,-57.57739,baja
demo_1110,demo,D00,colectora,Centro,0.17619,0.0113,0.49324,0.74684,0.35233,4,-25.28415,-57.64604,baja
demo_1111,demo,D00,colectora,Barrio Obrero,0.11785,0.01102,0.36394,0.73364,0.3613,4,-25.31817,-57.62565,baja
demo_1112,demo,D00,arterial,Villa Morra,0.42407,0.00629,0.2443,0.77636,0.55561,6,-25.29525,-57.57503,media
demo_1113,demo,D00,arterial,Sajonia,0.21096,0.01986,0.46786,0.77698,0.46726,6,-25.29298,-57.64844,media
demo_1114,demo,D00,colectora,Carmelitas,0.16669,0.01763,0.51336,0.78847,0.43864,6,-25.28262,-57.57015,baja
demo_1115,demo,D20,arterial,Centro,0.11594,0.04224,0.82233,0.77806,0.67342,6,-25.28596,-57.6353,alta
demo_1116,demo,D00,arterial,Barrio Obrero,0.11155,0.00914,0.22471,0.7632,0.55684,6,-25.31299,-57.63207,media
demo_1117,demo,D20,local,Sajonia,0.10506,0.17564,2.43759,0.78031,0.38575,6,-25.29076,-57.65534,alta
demo_1118,demo,D20,colectora,Barrio Obrero,0.29852,0.03822,1.3013,0.77795,0.11151,2,-25.31607,-57.62166,media
demo_1119,demo,D20,arterial,Barrio Obrero,0.18601,0.02028,1.12531,0.81539,0.70003,2,-25.3088,-57.61976,alta
demo_1120,demo,D20,local,Carmelitas,0.74378,0.07684,0.67757,0.78871,0.11473,4,-25.28241,-57.57497,media
demo_1121,demo,D40,colectora,Las Mercedes,0.30446,0.00367,0.9574,0.87617,0.62297,4,-25.29336,-57.62166,media
demo_1122,demo,D10,local,Mburucuyá,0.2425,0.02185,5.02962,0.76745,0.33697,4,-25.27804,-57.57873,media
demo_1123,demo,D00,arterial,Recoleta,0.14362,0.0169,0.45356,0.77715,0.39628,4,-25.29557,-57.60966,media
demo_1124,demo,D20,arterial,Las Mercedes,0.42388,0.03835,1.80153,0.79484,0.47515,3,-25.29765,-57.62509,alta
demo_1125,demo,D40,local,Sajonia,0.30973,0.00297,1.37102,0.8224,0.25942,3,-25.29389,-57.64734,media
demo_1126,demo,D40,local,Mburucuyá,0.10806,0.00451,1.52662,0.82314,0.25378,3,-25.28216,-57.58127,baja
demo_1127,demo,D20,local,Barrio Obrero,0.16092,0.0362,2.21044,0.80399,0.14228,4,-25.31717,-57.62539,media
demo_1128,demo,D40,local,Villa Morra,0.1602,0.00735,1.83501,0.73508,0.30667,4,-25.29379,-57.58011,media
demo_1129,demo,D20,arterial,Trinidad,0.11301,0.0449,3.57524,0.80657,0.26743,4,-25.25727,-57.60024,alta
demo_1130,demo,D20,local,Recoleta,0.10517,0.06857,3.37012,0.7961,0.2408,4,-25.29528,-57.60866,media
demo_1131,demo,D00,arterial,San Vicente,0.1136,0.01404,0.45832,0.91245,0.34245,1,-25.30825,-57.60657,media
demo_1132,demo,D20,colectora,Centro,0.39115,0.17688,2.66888,0.87128,0.34354,6,-25.27944,-57.63443,alta
demo_1133,demo,D20,colectora,Trinidad,0.28531,0.02071,1.82128,0.94669,0.90269,6,-25.25804,-57.59425,media
demo_1134,demo,D20,arterial,Barrio Obrero,0.1945,0.06358,1.24469,0.887,0.85935,6,-25.31185,-57.62449,alta
demo_1135,demo,D20,local,Mburucuyá,0.1328,0.11764,3.777,0.91176,0.35871,6,-25.2806,-57.58028,alta
demo_1136,demo,D20,arterial,Centro,0.12861,0.03343,1.616,0.92808,0.88379,6,-25.28609,-57.63681,alta
demo_1137,demo,D20,colectora,Trinidad,0.10155,0.09436,1.32386,0.86426,0.17672,6,-25.25752,-57.59335,alta
demo_1138,demo,D00,colectora,Mburucuyá,0.69933,0.03913,0.28405,0.32968,0.19319,3,-25.27764,-57.5814,media
demo_1139,demo,D00,local,Mburucuyá,0.53827,0.15176,0.48243,0.28828,0.57183,3,-25.27909,-57.57714,media
demo_1140,demo,D00,colectora,Las Mercedes,0.17653,0.43786,0.47513,0.48545,0.70859,3,-25.29353,-57.62206,media
demo_1141,demo,D00,arterial,San Vicente,0.57244,0.01545,0.65263,0.72451,0.34611,3,-25.31186,-57.60719,media
demo_1142,demo,D40,colectora,Villa Morra,0.18454,0.00196,1.23081,0.89391,0.24876,3,-25.29374,-57.57846,baja
demo_1143,demo,D00,arterial,San Vicente,0.11184,0.01803,1.773,0.67648,0.9106,3,-25.3124,-57.60601,media
demo_1144,demo,D00,colectora,Recoleta,0.28668,0.01448,0.53427,0.78057,0.58833,3,-25.29088,-57.61062,baja
demo_1145,demo,D00,local,Barrio Obrero,0.20027,0.02008,0.51413,0.76153,0.5793,3,-25.31731,-57.6232,baja
demo_1146,demo,D00,local,Recoleta,0.10854,0.00603,1.14763,0.80726,0.04159,3,-25.28947,-57.6066,baja
demo_1147,demo,D00,local,Trinidad,0.11905,0.04342,1.42272,0.91013,0.76427,1,-25.25497,-57.59344,media
demo_1148,demo,D10,local,Carmelitas,0.63146,0.01772,4.44403,0.9223,0.4805,5,-25.28106,-57.57128,baja
demo_1149,demo,D00,local,Villa Morra,0.4875,0.0075,0.28196,0.8551,0.3467,5,-25.29403,-57.58147,baja
demo_1150,demo,D10,colectora,Mburucuyá,0.37857,0.00627,5.31221,0.93898,0.10236,5,-25.27646,-57.57438,baja
demo_1151,demo,D00,colectora,Villa Morra,0.28699,0.01898,0.35756,0.88482,0.32645,5,-25.29156,-57.57301,baja
demo_1152,demo,D00,colectora,San Vicente,0.16362,0.01105,0.23192,0.88014,0.34061,5,-25.31144,-57.6052,baja
demo_1153,demo,D00,colectora,Centro,0.48135,0.05263,1.73358,0.88761,0.84365,1,-25.28008,-57.63678,media
demo_1154,demo,D00,colectora,Barrio Obrero,0.54359,0.00631,0.21249,0.68614,0.34133,2,-25.3202,-57.62851,baja
demo_1155,demo,D00,local,Centro,0.23261,0.00072,0.17899,0.56072,0.31798,2,-25.2805,-57.63594,baja
demo_1156,demo,D00,colectora,Trinidad,0.25889,0.00832,0.2101,0.75817,0.37575,1,-25.26168,-57.5948,baja
demo_1157,demo,D00,local,Carmelitas,0.3553,0.05011,0.641,0.83094,0.12423,1,-25.28897,-57.57201,media
demo_1158,demo,D00,local,Mburucuyá,0.272,0.02372,1.50372,0.77086,0.27631,3,-25.27958,-57.57807,media
demo_1159,demo,D00,colectora,Mburucuyá,0.24695,0.01664,1.32977,0.76347,0.29181,3,-25.28352,-57.58279,baja
demo_1160,demo,D00,arterial,Trinidad,0.17849,0.01065,1.02689,0.75294,0.31669,3,-25.25782,-57.59346,media
demo_1161,demo,D20,colectora,Barrio Obrero,0.37904,0.10019,1.13271,0.85096,0.26504,5,-25.31309,-57.62693,alta
demo_1162,demo,D10,arterial,Sajonia,0.27451,0.01896,7.38419,0.78642,0.57683,5,-25.29389,-57.64775,media
demo_1163,demo,D00,arterial,Villa Morra,0.21144,0.01037,1.0035,0.94918,0.60934,5,-25.29393,-57.57824,media
demo_1164,demo,D00,local,Trinidad,0.15263,0.00294,0.34767,0.85853,0.39214,5,-25.26043,-57.59639,baja
demo_1165,demo,D00,local,Carmelitas,0.13342,0.01638,1.5588,0.94875,0.63805,5,-25.28304,-57.57515,baja
demo_1166,demo,D20,local,Villa Morra,0.37144,0.02149,2.33479,0.34864,0.84639,2,-25.29929,-57.57756,media
demo_1167,demo,D20,arterial,Mburucuyá,0.20036,0.03164,1.62722,0.32515,0.84624,2,-25.28408,-57.5813,alta
demo_1168,demo,D20,colectora,Sajonia,0.77232,0.27062,1.68887,0.79985,0.65659,6,-25.29768,-57.64677,alta
demo_1169,demo,D40,local,Barrio Obrero,0.48287,0.00668,2.31262,0.72565,0.82639,6,-25.31225,-57.62044,media
demo_1170,demo,D40,arterial,Recoleta,0.24933,0.00409,2.2791,0.67359,0.71355,6,-25.29458,-57.60631,alta
demo_1171,demo,D40,arterial,San Vicente,0.22777,0.00788,1.56857,0.73421,0.83338,6,-25.31182,-57.6037,alta
demo_1172,demo,D40,local,Trinidad,0.1054,0.00429,2.91252,0.72063,0.81959,6,-25.25999,-57.59691,media
demo_1173,demo,D40,local,Mburucuyá,0.10385,0.00167,1.81632,0.79957,0.84645,6,-25.28111,-57.57844,baja
demo_1174,demo,D10,local,Carmelitas,0.5212,0.01917,8.73739,0.81026,0.41492,3,-25.29005,-57.57008,baja
demo_1175,demo,D10,colectora,Las Mercedes,0.23037,0.02227,8.56392,0.65287,0.3922,3,-25.2912,-57.62216,media
demo_1176,demo,D10,local,Sajonia,0.21375,0.01542,8.02835,0.65351,0.43459,3,-25.29875,-57.64734,baja
demo_1177,demo,D10,local,San Vicente,0.24986,0.01247,5.41656,0.86875,0.13016,3,-25.31401,-57.60526,baja
demo_1178,demo,D10,local,Sajonia,0.21076,0.00554,6.36594,0.63841,0.17164,3,-25.29556,-57.64786,baja
demo_1179,demo,D10,colectora,Las Mercedes,0.1046,0.04018,5.21446,0.84842,0.22888,3,-25.29005,-57.62547,media
demo_1180,demo,D10,colectora,Barrio Obrero,0.60167,0.01874,5.74855,0.75222,0.16411,2,-25.31619,-57.62732,baja
demo_1181,demo,D00,local,Centro,0.21381,0.01855,1.22597,0.83359,0.73465,2,-25.28008,-57.63072,baja
demo_1182,demo,D00,local,Mburucuyá,0.13474,0.02045,0.43473,0.75964,0.52541,1,-25.28295,-57.57934,baja
demo_1183,demo,D00,colectora,Barrio Obrero,0.36413,0.08961,0.60873,0.80816,0.59305,4,-25.31327,-57.62646,media
demo_1184,demo,D00,arterial,Recoleta,0.29604,0.0324,0.53822,0.73769,0.54183,4,-25.29276,-57.613,media
demo_1185,demo,D10,arterial,Centro,0.27303,0.01476,6.00307,0.88677,0.14885,4,-25.28273,-57.63266,media
demo_1186,demo,D10,arterial,Centro,0.15744,0.00536,4.82239,0.85455,0.51996,4,-25.28521,-57.63481,media
demo_1187,demo,D10,arterial,Recoleta,0.18353,0.01332,3.23451,0.96692,0.10421,3,-25.29045,-57.60826,media
demo_1188,demo,D10,colectora,Sajonia,0.10724,0.01357,3.4257,0.88665,0.55687,3,-25.28892,-57.64867,baja
demo_1189,demo,D10,colectora,Villa Morra,0.10302,0.00386,3.24109,0.89261,0.50447,3,-25.29063,-57.57881,baja
demo_1190,demo,D20,arterial,San Vicente,0.28025,0.17327,0.59191,0.68979,0.16012,3,-25.30902,-57.60524,alta
demo_1191,demo,D40,arterial,Sajonia,0.1342,0.00413,2.50282,0.25817,0.53986,3,-25.29425,-57.65407,alta
demo_1192,demo,D20,colectora,Trinidad,0.12225,0.12844,0.9528,0.74669,0.82461,3,-25.25678,-57.59531,alta
demo_1193,demo,D00,local,Barrio Obrero,0.37218,0.00739,0.48866,0.81706,0.53143,2,-25.31792,-57.62413,baja
demo_1194,demo,D00,local,Sajonia,0.16983,0.0107,0.46212,0.79933,0.52427,2,-25.29377,-57.64985,baja
demo_1195,demo,D20,local,Villa Morra,0.67411,0.36753,2.57404,0.81107,0.51157,1,-25.29606,-57.57903,alta
demo_1196,demo,D00,colectora,Mburucuyá,0.52011,0.07267,0.59217,0.82484,0.2683,5,-25.28012,-57.58204,media
demo_1197,demo,D00,colectora,Sajonia,0.30251,0.02303,0.48781,0.89135,0.56326,5,-25.28796,-57.6483,media
demo_1198,demo,D00,local,Centro,0.11134,0.00797,0.74003,0.65356,0.35493,5,-25.2829,-57.63503,baja
demo_1199,demo,D00,local,Recoleta,0.11054,0.00452,0.58449,0.66216,0.34201,5,-25.29319,-57.60529,baja
demo_1200,demo,D00,local,Trinidad,0.11006,0.03141,0.7135,0.8951,0.58717,5,-25.26341,-57.59107,media
demo_1201,demo,D20,colectora,Centro,0.55683,0.24755,1.63888,0.8056,0.64063,5,-25.28135,-57.63325,alta
demo_1202,demo,D40,arterial,Barrio Obrero,0.47547,0.00244,2.06546,0.68326,0.66521,5,-25.31976,-57.62464,alta
demo_1203,demo,D20,arterial,Las Mercedes,0.23703,0.10296,3.75699,0.68378,0.64942,5,-25.29085,-57.62516,alta
demo_1204,demo,D40,local,Carmelitas,0.16719,0.00081,1.25111,0.50823,0.61578,5,-25.28505,-57.5714,media
demo_1205,demo,D20,arterial,Las Mercedes,0.1398,0.21067,2.50543,0.85501,0.58362,5,-25.2957,-57.62298,alta
demo_1206,demo,D20,colectora,Villa Morra,0.7088,0.2315,3.82566,0.82795,0.52895,2,-25.2971,-57.57513,alta
demo_1207,demo,D40,arterial,Recoleta,0.1579,0.00441,1.04438,0.88726,0.03392,2,-25.28957,-57.60345,alta
demo_1208,demo,D00,colectora,Barrio Obrero,0.14695,0.05975,0.39032,0.68785,0.75333,1,-25.31384,-57.6245,baja
demo_1209,demo,D10,colectora,San Vicente,0.40416,0.02301,7.28626,0.90584,0.35145,5,-25.31102,-57.60923,media
demo_1210,demo,D10,arterial,Centro,0.23044,0.00964,5.31635,0.90545,0.44633,5,-25.27843,-57.64044,media
demo_1211,demo,D00,colectora,Centro,0.15423,0.02709,0.59288,0.86298,0.57682,5,-25.27946,-57.63237,media
demo_1212,demo,D00,arterial,Centro,0.13208,0.01877,0.61663,0.88614,0.58114,5,-25.28434,-57.63381,media
demo_1213,demo,D10,arterial,Villa Morra,0.10585,0.00436,4.90993,0.95175,0.18876,5,-25.29501,-57.58154,baja
demo_1214,demo,D00,local,Trinidad,0.13354,0.01179,0.8527,0.80093,0.23866,1,-25.25719,-57.59501,baja
demo_1215,demo,D00,local,San Vicente,0.55273,0.00543,0.24963,0.77197,0.34016,4,-25.3122,-57.61049,baja
demo_1216,demo,D00,arterial,Centro,0.36169,0.01265,0.74621,0.78996,0.14648,4,-25.28126,-57.63798,media
demo_1217,demo,D00,arterial,Recoleta,0.151,0.01498,0.57802,0.71754,0.24203,4,-25.28994,-57.60781,media
demo_1218,demo,D00,arterial,Mburucuyá,0.10082,0.00754,0.61909,0.74708,0.22806,4,-25.28184,-57.57843,media
demo_1219,demo,D40,arterial,Villa Morra,0.35809,0.00134,1.223,0.78959,0.86153,2,-25.2923,-57.57306,alta
demo_1220,demo,D00,arterial,Centro,0.35506,0.00728,0.39482,0.68959,0.69308,2,-25.28411,-57.64032,media
demo_1221,demo,D00,colectora,Sajonia,0.10289,0.06393,0.44141,0.79868,0.45158,1,-25.28901,-57.65491,media
demo_1222,demo,D20,local,Mburucuyá,0.4705,0.03418,1.17452,0.75143,0.71856,2,-25.28007,-57.57403,media
demo_1223,demo,D20,colectora,Sajonia,0.13654,0.02421,0.82424,0.7497,0.7163,2,-25.29782,-57.64751,media
demo_1224,demo,D00,arterial,Barrio Obrero,0.12212,0.02892,0.58077,0.74568,0.72996,1,-25.31336,-57.62424,media
demo_1225,demo,D00,local,Centro,0.58988,0.07037,0.8071,0.82037,0.20943,2,-25.28504,-57.63536,media
demo_1226,demo,D00,local,San Vicente,0.18228,0.03786,0.85887,0.86892,0.17449,2,-25.30833,-57.60904,media
demo_1227,demo,D20,colectora,Villa Morra,0.69091,0.07055,2.14718,0.74068,0.21893,1,-25.28972,-57.58296,media
demo_1228,demo,D00,colectora,Carmelitas,0.71589,0.08964,0.16274,0.62825,0.31388,5,-25.28866,-57.57482,media
demo_1229,demo,D00,local,Carmelitas,0.58486,0.01215,0.19039,0.33649,0.52824,5,-25.28654,-57.57664,baja
demo_1230,demo,D00,local,Las Mercedes,0.29849,0.00227,0.65775,0.02939,0.49065,5,-25.28636,-57.62817,baja
demo_1231,demo,D00,local,Carmelitas,0.17543,0.00318,0.87884,0.0302,0.48326,5,-25.28414,-57.57368,baja
demo_1232,demo,D00,local,Las Mercedes,0.11682,0.00355,0.43587,0.3498,0.72892,5,-25.29289,-57.62586,baja
demo_1233,demo,D00,local,Recoleta,0.41379,0.14783,0.15898,0.50983,0.28051,3,-25.29133,-57.60549,media
demo_1234,demo,D00,local,San Vicente,0.19195,0.22966,0.23346,0.50408,0.31302,3,-25.31192,-57.60275,media
demo_1235,demo,D10,local,Trinidad,0.10464,0.00588,4.51158,0.89651,0.38278,3,-25.25744,-57.59297,baja
demo_1236,demo,D20,arterial,Trinidad,0.80134,0.33889,2.17092,0.80245,0.42886,1,-25.2596,-57.5964,alta
demo_1237,demo,D20,local,Centro,0.75652,0.1831,2.40574,0.82906,0.43645,1,-25.28318,-57.63234,alta
demo_1238,demo,D20,colectora,Sajonia,0.80378,0.17715,1.14252,0.29873,0.57816,6,-25.29005,-57.65374,alta
demo_1239,demo,D20,local,Carmelitas,0.70992,0.28005,1.24092,0.76165,0.57565,6,-25.28739,-57.56827,alta
demo_1240,demo,D00,local,Villa Morra,0.68166,0.25043,0.26274,0.50761,0.12826,6,-25.29502,-57.57609,media
demo_1241,demo,D10,local,San Vicente,0.49639,0.02486,3.92188,0.95946,0.15612,6,-25.31396,-57.60638,media
demo_1242,demo,D20,local,Centro,0.23253,0.06876,2.97957,0.46649,0.5807,6,-25.27923,-57.63547,media
demo_1243,demo,D00,colectora,Barrio Obrero,0.10533,0.18498,0.34841,0.36821,0.13784,6,-25.31705,-57.62363,media
demo_1244,demo,D20,arterial,Centro,0.25224,0.04097,2.18316,0.78945,0.64299,1,-25.2849,-57.63447,alta
demo_1245,demo,D20,arterial,Las Mercedes,0.75649,0.05926,0.99738,0.80269,0.61839,1,-25.29687,-57.62247,alta
demo_1246,demo,D00,local,Recoleta,0.13284,0.03237,0.43036,0.21109,0.6725,1,-25.29153,-57.60492,baja
demo_1247,demo,D40,colectora,Carmelitas,0.45045,0.01904,2.50919,0.87197,0.16604,5,-25.28188,-57.57164,media
demo_1248,demo,D20,colectora,Villa Morra,0.3285,0.03179,0.95077,0.69388,0.35701,5,-25.2968,-57.57665,media
demo_1249,demo,D20,local,Las Mercedes,0.2899,0.08615,3.47289,0.92125,0.30666,5,-25.29301,-57.62776,alta
demo_1250,demo,D40,colectora,Las Mercedes,0.15739,0.00431,2.44283,0.85089,0.21884,5,-25.29472,-57.62723,media
demo_1251,demo,D20,colectora,Las Mercedes,0.14758,0.05638,1.58058,0.70008,0.30398,5,-25.29729,-57.62411,media
demo_1252,demo,D40,local,Barrio Obrero,0.22354,0.00279,1.43931,0.69343,0.56725,1,-25.31413,-57.62509,media
demo_1253,demo,D20,local,Sajonia,0.24866,0.09586,1.33239,0.79833,0.30136,1,-25.29127,-57.64872,alta
demo_1254,demo,D00,arterial,Recoleta,0.6013,0.02728,0.53903,0.75962,0.53245,3,-25.29008,-57.60976,media
demo_1255,demo,D00,local,Trinidad,0.32788,0.01175,0.8394,0.69485,0.23832,3,-25.26074,-57.59175,baja
demo_1256,demo,D10,local,Trinidad,0.31947,0.0042,5.61961,0.68763,0.59208,3,-25.26006,-57.59108,baja
demo_1257,demo,D00,colectora,Recoleta,0.1589,0.05592,0.71632,0.13984,0.72291,2,-25.28791,-57.61143,media
demo_1258,demo,D20,colectora,Barrio Obrero,0.1175,0.32234,0.55236,0.40536,0.21098,2,-25.31584,-57.63083,alta
demo_1259,demo,D20,colectora,Barrio Obrero,0.71834,0.25248,3.93134,0.74847,0.49815,2,-25.31708,-57.62309,alta
demo_1260,demo,D20,arterial,Barrio Obrero,0.10701,0.0202,3.30181,0.53864,0.36264,2,-25.3195,-57.62813,alta
demo_1261,demo,D10,local,Barrio Obrero,0.51879,0.12538,7.87455,0.43429,0.49949,3,-25.32177,-57.62793,media
demo_1262,demo,D10,local,Mburucuyá,0.48425,0.04009,3.45432,0.30168,0.81394,3,-25.27985,-57.5806,media
demo_1263,demo,D10,colectora,Las Mercedes,0.10316,0.06415,10.65231,0.45343,0.58482,3,-25.29126,-57.61823,media
demo_1264,demo,D00,colectora,Carmelitas,0.56367,0.02516,0.6616,0.90196,0.68694,3,-25.28905,-57.56878,media
demo_1265,demo,D00,arterial,Centro,0.19845,0.00584,0.50439,0.69984,0.51313,3,-25.2797,-57.6349,media
demo_1266,demo,D00,colectora,Las Mercedes,0.12829,0.03665,0.96646,0.90263,0.71659,3,-25.29231,-57.6237,media
demo_1267,demo,D00,arterial,Carmelitas,0.67874,0.02296,0.3752,0.32877,0.70682,4,-25.28228,-57.56873,media
demo_1268,demo,D00,colectora,Trinidad,0.63891,0.30902,0.31128,0.50182,0.16821,4,-25.25507,-57.59256,media
demo_1269,demo,D10,arterial,Villa Morra,0.53641,0.01479,8.62165,0.22471,0.46972,4,-25.29171,-57.58036,media
demo_1270,demo,D00,arterial,Barrio Obrero,0.17339,0.20513,0.33576,0.60505,0.78512,4,-25.30899,-57.62097,alta
demo_1271,demo,D00,colectora,San Vicente,0.38693,0.0014,0.44909,0.64114,0.33374,2,-25.31223,-57.60779,baja
demo_1272,demo,D10,local,Sajonia,0.11066,0.00351,6.4809,0.77169,0.42518,2,-25.29461,-57.64947,baja
demo_1273,demo,D10,colectora,Trinidad,0.47282,0.0203,8.09117,0.83751,0.20336,2,-25.26081,-57.59555,media
demo_1274,demo,D10,arterial,San Vicente,0.1474,0.00992,8.37301,0.83307,0.25533,2,-25.30764,-57.6065,media
demo_1275,demo,D00,arterial,Trinidad,0.52223,0.01567,0.30535,0.88313,0.29422,1,-25.25694,-57.59845,media
demo_1276,demo,D00,local,Trinidad,0.82683,0.03976,0.72867,0.84883,0.14893,3,-25.26113,-57.58903,media
demo_1277,demo,D40,local,Sajonia,0.24669,0.00069,1.3228,0.74399,0.52649,3,-25.29178,-57.65281,media
demo_1278,demo,D40,local,Villa Morra,0.1739,0.0006,1.6312,0.73363,0.48666,3,-25.29274,-57.57729,media
demo_1279,demo,D40,arterial,Las Mercedes,0.71124,0.01205,2.10864,0.96155,0.51583,3,-25.29789,-57.62727,alta
demo_1280,demo,D20,local,Barrio Obrero,0.3119,0.1724,1.96393,0.7572,0.70906,3,-25.31171,-57.62123,alta
demo_1281,demo,D40,arterial,Villa Morra,0.28753,0.00153,2.01075,0.75116,0.77685,3,-25.29543,-57.57831,alta
demo_1282,demo,D00,colectora,Villa Morra,0.15962,0.00387,0.35531,0.88837,0.40718,2,-25.29749,-57.57589,baja
demo_1283,demo,D00,arterial,Villa Morra,0.103,0.00149,0.55639,0.8649,0.40756,2,-25.29185,-57.57896,baja
demo_1284,demo,D10,arterial,Recoleta,0.6218,0.09234,7.72618,0.22974,0.57682,4,-25.28963,-57.61084,alta
demo_1285,demo,D10,local,Recoleta,0.2222,0.18434,5.38131,0.83001,0.502,4,-25.28969,-57.61063,media
demo_1286,demo,D20,arterial,Sajonia,0.2025,0.10459,2.29697,0.89331,0.75422,4,-25.2908,-57.64848,alta
demo_1287,demo,D10,local,Villa Morra,0.15082,0.06235,5.36565,0.80242,0.2892,4,-25.29115,-57.57592,media
demo_1288,demo,D00,arterial,Recoleta,0.30904,0.04019,1.42539,0.78533,0.12005,1,-25.28967,-57.60893,media
demo_1289,demo,D00,arterial,Villa Morra,0.58488,0.03283,0.46583,0.86682,0.21685,6,-25.29567,-57.58027,media
demo_1290,demo,D10,colectora,Carmelitas,0.53035,0.04365,4.07177,0.74082,0.54034,6,-25.28667,-57.56895,media
demo_1291,demo,D10,local,Recoleta,0.34786,0.01099,3.48878,0.92675,0.10392,6,-25.28782,-57.60912,baja
demo_1292,demo,D10,local,Las Mercedes,0.14873,0.00737,7.09996,0.70719,0.64868,6,-25.29466,-57.62419,baja
demo_1293,demo,D10,local,Carmelitas,0.14357,0.01594,2.55384,0.75755,0.43464,6,-25.28706,-57.57256,baja
demo_1294,demo,D10,arterial,San Vicente,0.10601,0.02352,2.68245,0.75118,0.46052,6,-25.31376,-57.60579,media
demo_1295,demo,D00,local,Mburucuyá,0.5743,0.04394,0.48139,0.75737,0.22601,7,-25.28052,-57.57808,media
demo_1296,demo,D10,local,Recoleta,0.28043,0.00387,5.00151,0.64611,0.37704,7,-25.28852,-57.60862,baja
demo_1297,demo,D20,local,Mburucuyá,0.15338,0.04234,1.01825,0.77312,0.66947,7,-25.27857,-57.57626,media
demo_1298,demo,D10,local,Las Mercedes,0.13358,0.00602,3.31138,0.77514,0.0706,7,-25.29469,-57.62463,baja
demo_1299,demo,D20,local,San Vicente,0.11362,0.0492,0.99962,0.74954,0.65215,7,-25.30849,-57.60624,media
demo_1300,demo,D10,arterial,San Vicente,0.1063,0.0187,3.14216,0.96143,0.87881,7,-25.31289,-57.60552,media
demo_1301,demo,D10,local,Trinidad,0.1001,0.00929,2.89162,0.77663,0.08193,7,-25.26092,-57.59362,baja
demo_1302,demo,D00,colectora,Villa Morra,0.59045,0.02535,0.36397,0.8644,0.1626,3,-25.29161,-57.57072,media
demo_1303,demo,D00,local,San Vicente,0.37847,0.00648,1.38092,0.67867,0.16826,3,-25.30925,-57.60573,baja
demo_1304,demo,D00,local,Carmelitas,0.26592,0.01119,1.12418,0.66651,0.17662,3,-25.28153,-57.5745,baja
demo_1305,demo,D20,local,Trinidad,0.48187,0.03475,0.91926,0.79304,0.43572,3,-25.26064,-57.59301,media
demo_1306,demo,D40,colectora,Sajonia,0.2008,0.00183,1.97372,0.68414,0.35658,3,-25.29454,-57.6441,media
demo_1307,demo,D40,arterial,Centro,0.16076,0.00051,1.39359,0.69025,0.41133,3,-25.28734,-57.63745,alta
demo_1308,demo,D10,local,Carmelitas,0.23661,0.03003,5.59161,0.16889,0.20503,1,-25.29047,-57.5715,media
demo_1309,demo,D00,local,Sajonia,0.75401,0.12604,1.03581,0.80797,0.81394,4,-25.29705,-57.64861,media
demo_1310,demo,D00,local,Mburucuyá,0.39836,0.06957,0.54482,0.81938,0.64898,4,-25.28183,-57.57395,media
demo_1311,demo,D00,local,Carmelitas,0.32655,0.01841,1.04025,0.78929,0.93068,4,-25.28434,-57.57127,baja
demo_1312,demo,D00,arterial,Las Mercedes,0.22313,0.03342,0.56867,0.76453,0.62053,4,-25.29426,-57.62517,media
demo_1313,demo,D00,arterial,Centro,0.29084,0.01931,0.30739,0.1536,0.60245,1,-25.28847,-57.63654,media
demo_1314,demo,D20,arterial,Centro,0.76776,0.1858,1.90829,0.77811,0.70227,1,-25.2815,-57.63594,alta
demo_1315,demo,D00,colectora,Sajonia,0.70101,0.0052,0.1716,0.78659,0.34028,1,-25.2943,-57.64375,baja
demo_1316,demo,D00,arterial,Villa Morra,0.65515,0.08718,0.14447,0.48142,0.40201,3,-25.29214,-57.57821,alta
demo_1317,demo,D00,local,San Vicente,0.29211,0.00294,0.21253,0.05982,0.47205,3,-25.31001,-57.60619,baja
demo_1318,demo,D00,arterial,Villa Morra,0.12984,0.00397,0.27713,0.06049,0.47785,3,-25.2999,-57.57409,media
demo_1319,demo,D20,arterial,Las Mercedes,0.45307,0.11543,1.15493,0.84184,0.29855,3,-25.29035,-57.62798,alta
demo_1320,demo,D10,arterial,Las Mercedes,0.38333,0.01795,5.36383,0.95986,0.60531,3,-25.29583,-57.61885,media
demo_1321,demo,D10,local,Centro,0.22788,0.03128,6.25211,0.96245,0.6681,3,-25.28273,-57.62611,media
demo_1322,demo,D00,colectora,San Vicente,0.72433,0.00694,0.79337,0.70622,0.31787,5,-25.3101,-57.60513,baja
demo_1323,demo,D00,colectora,San Vicente,0.49602,0.01284,0.22593,0.8797,0.42312,5,-25.30923,-57.60434,baja
demo_1324,demo,D00,local,Mburucuyá,0.31689,0.01846,1.03325,0.93317,0.72681,5,-25.27798,-57.57584,baja
demo_1325,demo,D00,colectora,Carmelitas,0.15683,0.02637,1.50101,0.93373,0.757,5,-25.28452,-57.57254,media
demo_1326,demo,D00,local,Centro,0.10225,0.03719,0.89793,0.86186,0.14622,5,-25.2819,-57.63602,media
demo_1327,demo,D00,local,Centro,0.33354,0.07904,1.24139,0.86843,0.26068,3,-25.27829,-57.63698,media
demo_1328,demo,D00,colectora,Sajonia,0.17152,0.01482,0.2508,0.74179,0.59399,3,-25.29232,-57.64518,baja
demo_1329,demo,D20,arterial,Barrio Obrero,0.17103,0.11007,1.31787,0.85268,0.30594,3,-25.3186,-57.62785,alta
demo_1330,demo,D00,local,Centro,0.62273,0.07522,0.99412,0.83058,0.86237,4,-25.28549,-57.63579,media
demo_1331,demo,D00,colectora,Barrio Obrero,0.56835,0.00874,0.86475,0.92513,0.95644,4,-25.31292,-57.62259,baja
demo_1332,demo,D10,colectora,Sajonia,0.21628,0.01347,6.36882,0.66645,0.14642,4,-25.29476,-57.64664,baja
demo_1333,demo,D00,colectora,Las Mercedes,0.19772,0.04766,1.58872,0.78231,0.86207,4,-25.2895,-57.6235,media
demo_1334,demo,D00,arterial,Sajonia,0.6867,0.01397,0.17091,0.73808,0.44929,4,-25.29258,-57.65059,media
demo_1335,demo,D00,colectora,San Vicente,0.62108,0.03819,0.48374,0.75751,0.34986,4,-25.31352,-57.60524,media
demo_1336,demo,D00,local,Centro,0.25255,0.0079,1.29878,0.62194,0.63972,4,-25.28669,-57.63668,baja
demo_1337,demo,D00,local,Barrio Obrero,0.2167,0.00508,0.39276,0.94313,0.36315,4,-25.31621,-57.62742,baja
demo_1338,demo,D40,arterial,Centro,0.10185,0.18967,2.03036,0.84177,0.33229,1,-25.28296,-57.6398,alta
demo_1339,demo,D00,arterial,Villa Morra,0.74276,0.01397,0.29827,0.89178,0.27733,4,-25.29372,-57.58133,media
demo_1340,demo,D00,arterial,Mburucuyá,0.69365,0.02617,0.7826,0.79349,0.19492,4,-25.28345,-57.58097,media
demo_1341,demo,D00,arterial,Trinidad,0.45794,0.0028,0.31979,0.6653,0.29479,4,-25.25992,-57.59803,media
demo_1342,demo,D00,colectora,Villa Morra,0.41364,0.04208,0.65417,0.87319,0.4632,4,-25.29308,-57.57767,media
demo_1343,demo,D00,local,San Vicente,0.23217,0.00567,0.77918,0.77553,0.14347,3,-25.31469,-57.60819,baja
demo_1344,demo,D00,arterial,San Vicente,0.1666,0.00668,0.40828,0.74013,0.5417,3,-25.31312,-57.60736,baja
demo_1345,demo,D20,local,Sajonia,0.15245,0.03237,0.55766,0.68523,0.53128,3,-25.29139,-57.6509,media
demo_1346,demo,D00,arterial,Carmelitas,0.50182,0.08037,1.61255,0.73361,0.21292,1,-25.28625,-57.56902,alta
demo_1347,demo,D10,local,Sajonia,0.17886,0.01334,8.24336,0.69321,0.29746,1,-25.29102,-57.65116,baja
demo_1348,demo,D00,local,Carmelitas,0.20071,0.00104,0.65479,0.59068,0.34552,13,-25.28542,-57.5695,baja
demo_1349,demo,D00,colectora,Recoleta,0.19515,0.00061,0.56518,0.5941,0.34162,13,-25.29098,-57.60848,baja
demo_1350,demo,D00,local,Recoleta,0.17577,0.00251,0.23397,0.60219,0.41849,13,-25.28764,-57.60527,baja
demo_1351,demo,D00,local,San Vicente,0.1739,0.00129,0.30738,0.61887,0.4164,13,-25.30902,-57.6106,baja
demo_1352,demo,D00,local,Carmelitas,0.16685,0.00028,0.33881,0.65769,0.42737,13,-25.28095,-57.57046,baja
demo_1353,demo,D00,colectora,Trinidad,0.15511,0.00168,0.23723,0.60919,0.41507,13,-25.2617,-57.59568,baja
demo_1354,demo,D00,colectora,Sajonia,0.13271,0.0022,0.2009,0.59113,0.41571,13,-25.29335,-57.65026,baja
demo_1355,demo,D00,arterial,Villa Morra,0.13134,0.00085,0.26155,0.58273,0.4123,13,-25.29162,-57.57988,media
demo_1356,demo,D00,local,Villa Morra,0.12162,0.00083,0.30987,0.64717,0.42444,13,-25.29186,-57.58,baja
demo_1357,demo,D00,arterial,Barrio Obrero,0.12042,0.0019,0.29223,0.6279,0.41944,13,-25.31576,-57.62317,media
demo_1358,demo,D00,local,Villa Morra,0.11911,0.00197,0.26693,0.61963,0.41546,13,-25.29001,-57.57592,baja
demo_1359,demo,D00,local,San Vicente,0.1128,0.00091,0.75654,0.58536,0.35046,13,-25.31206,-57.60583,baja
demo_1360,demo,D00,local,Mburucuyá,0.1079,0.00142,0.24839,0.59789,0.41385,13,-25.27888,-57.57613,baja
demo_1361,demo,D00,colectora,Sajonia,0.38035,0.01975,0.85039,0.9236,0.41963,4,-25.29271,-57.64785,baja
demo_1362,demo,D00,colectora,Centro,0.23347,0.03191,1.36206,0.92312,0.38346,4,-25.28284,-57.63753,media
demo_1363,demo,D00,arterial,Barrio Obrero,0.11381,0.04639,2.29141,0.92885,0.31675,4,-25.31597,-57.62522,media
demo_1364,demo,D00,arterial,Villa Morra,0.10121,0.00124,0.98757,0.861,0.42926,4,-25.28998,-57.58242,media
demo_1365,demo,D20,local,Villa Morra,0.48904,0.15702,0.88387,0.6048,0.70822,6,-25.29138,-57.57714,alta
demo_1366,demo,D20,colectora,Las Mercedes,0.41804,0.15901,0.56888,0.43325,0.1586,6,-25.28717,-57.62731,alta
demo_1367,demo,D10,arterial,Carmelitas,0.25589,0.01096,5.10666,0.47036,0.4192,6,-25.28487,-57.57239,media
demo_1368,demo,D10,colectora,San Vicente,0.19446,0.01566,4.69163,0.46883,0.41186,6,-25.31427,-57.60796,baja
demo_1369,demo,D20,local,Sajonia,0.15222,0.20457,0.85758,0.52829,0.69844,6,-25.2951,-57.64698,alta
demo_1370,demo,D10,local,Recoleta,0.12657,0.02116,5.22451,0.47744,0.37416,6,-25.29358,-57.60837,media
demo_1371,demo,D10,colectora,Carmelitas,0.45641,0.05394,8.51771,0.81345,0.3389,5,-25.28218,-57.57074,media
demo_1372,demo,D00,local,Centro,0.44484,0.00248,0.28902,0.62107,0.39531,5,-25.28596,-57.63769,baja
demo_1373,demo,D10,local,Recoleta,0.42864,0.01598,8.72625,0.82546,0.18704,5,-25.2949,-57.60892,baja
demo_1374,demo,D10,colectora,Las Mercedes,0.14458,0.03427,11.17996,0.82255,0.3096,5,-25.29338,-57.6218,media
demo_1375,demo,D10,arterial,Barrio Obrero,0.10646,0.03256,7.32527,0.81141,0.43904,5,-25.32367,-57.62392,media
demo_1376,demo,D00,local,Trinidad,0.74371,0.14102,0.93825,0.78833,0.78978,5,-25.25989,-57.59691,media
demo_1377,demo,D00,arterial,Trinidad,0.68373,0.06362,0.45754,0.81355,0.37999,5,-25.25961,-57.59354,media
demo_1378,demo,D00,arterial,Villa Morra,0.45288,0.00512,0.53431,0.63998,0.55898,5,-25.30169,-57.57747,media
demo_1379,demo,D00,colectora,Mburucuyá,0.21048,0.03964,1.7301,0.72409,0.86818,5,-25.27554,-57.58147,media
demo_1380,demo,D10,arterial,Carmelitas,0.10266,0.00409,2.75469,0.88229,0.94693,5,-25.28717,-57.57887,baja
demo_1381,demo,D00,arterial,Sajonia,0.58103,0.02,0.56273,0.76768,0.51798,3,-25.29168,-57.64592,media
demo_1382,demo,D10,colectora,Centro,0.18917,0.01494,2.99482,0.84347,0.65653,3,-25.27602,-57.63153,baja
demo_1383,demo,D10,arterial,Trinidad,0.16789,0.005,2.74043,0.82858,0.70405,3,-25.25941,-57.59771,baja
demo_1384,demo,D00,local,Sajonia,0.62204,0.27186,0.65538,0.57426,0.77681,3,-25.29709,-57.65088,media
demo_1385,demo,D00,local,Carmelitas,0.43107,0.1903,0.87364,0.48099,0.76364,3,-25.28292,-57.5696,media
demo_1386,demo,D00,arterial,Mburucuyá,0.23117,0.19232,0.55172,0.68409,0.83713,3,-25.27946,-57.57634,alta
demo_1387,demo,D20,colectora,Carmelitas,0.40324,0.21219,1.69324,0.7943,0.64685,7,-25.28406,-57.57027,alta
demo_1388,demo,D20,colectora,San Vicente,0.34475,0.14712,1.23867,0.79847,0.56357,7,-25.31341,-57.60512,alta
demo_1389,demo,D10,arterial,Barrio Obrero,0.2714,0.00851,5.63853,0.57448,0.63281,7,-25.31919,-57.62406,media
demo_1390,demo,D10,arterial,Carmelitas,0.22189,0.01746,5.13093,0.78221,0.84938,7,-25.2838,-57.57491,media
demo_1391,demo,D10,arterial,Carmelitas,0.20062,0.00924,4.81087,0.77555,0.80514,7,-25.28625,-57.56635,media
demo_1392,demo,D10,arterial,Centro,0.13626,0.00247,4.71616,0.57583,0.41982,7,-25.28166,-57.63738,media
demo_1393,demo,D20,colectora,San Vicente,0.11866,0.05997,0.93486,0.85348,0.11839,7,-25.31357,-57.60872,media
demo_1394,demo,D00,arterial,Centro,0.77171,0.01992,0.41783,0.85177,0.10326,1,-25.28762,-57.63358,media
demo_1395,demo,D00,arterial,Recoleta,0.48392,0.00646,0.11435,0.77198,0.39975,4,-25.29555,-57.61027,media
demo_1396,demo,D00,local,Recoleta,0.251,0.00978,0.14697,0.77859,0.3981,4,-25.29027,-57.61065,baja
demo_1397,demo,D00,arterial,Sajonia,0.21753,0.00213,0.17396,0.94136,0.38267,4,-25.29133,-57.6438,media
demo_1398,demo,D00,arterial,Barrio Obrero,0.20817,0.01224,0.11013,0.81646,0.39552,4,-25.31624,-57.62644,media
demo_1399,demo,D10,colectora,Barrio Obrero,0.26195,0.06527,10.08927,0.95978,0.59124,2,-25.31782,-57.62099,media
demo_1400,demo,D10,local,Sajonia,0.13039,0.03049,9.13939,0.97112,0.51861,2,-25.2941,-57.64695,media
demo_1401,demo,D00,arterial,Trinidad,0.63917,0.00854,0.37263,0.92335,0.53294,3,-25.26208,-57.59856,media
demo_1402,demo,D00,arterial,Recoleta,0.34416,0.04855,0.78423,0.83253,0.09766,3,-25.29445,-57.60887,media
demo_1403,demo,D00,local,Recoleta,0.3393,0.03304,0.64263,0.88055,0.1564,3,-25.29193,-57.60995,media
demo_1404,demo,D00,local,Sajonia,0.11254,0.00028,0.34312,0.60565,0.36554,2,-25.29086,-57.64889,baja
demo_1405,demo,D10,arterial,Carmelitas,0.10387,0.00946,9.24981,0.69359,0.24799,2,-25.28428,-57.57246,baja
demo_1406,demo,D20,arterial,Las Mercedes,0.72393,0.12373,1.36267,0.84933,0.58234,3,-25.29071,-57.62887,alta
demo_1407,demo,D00,colectora,San Vicente,0.43393,0.05668,0.59839,0.7986,0.15416,3,-25.31255,-57.60595,media
demo_1408,demo,D10,local,Centro,0.11094,0.00324,3.24487,0.87778,0.07566,3,-25.28086,-57.63337,baja
demo_1409,demo,D00,colectora,Recoleta,0.66766,0.09975,0.86804,0.76683,0.84488,1,-25.29306,-57.60786,media
demo_1410,demo,D20,colectora,Villa Morra,0.29119,0.15987,2.10157,0.75608,0.70301,3,-25.28898,-57.57869,alta
demo_1411,demo,D20,local,Sajonia,0.13478,0.08413,1.10439,0.77983,0.84759,3,-25.29301,-57.64443,alta
demo_1412,demo,D40,colectora,Sajonia,0.10187,0.00154,1.46213,0.65079,0.59289,3,-25.29378,-57.64706,baja
demo_1413,demo,D40,colectora,Las Mercedes,0.3908,0.0024,1.1987,0.96541,0.06742,3,-25.28446,-57.62131,media
demo_1414,demo,D40,local,San Vicente,0.18952,0.00352,1.0842,0.97002,0.06453,3,-25.30518,-57.60572,baja
demo_1415,demo,D40,arterial,Sajonia,0.16387,0.01709,1.14382,0.9388,0.81215,3,-25.29705,-57.64325,alta
demo_1416,demo,D00,arterial,Trinidad,0.14322,0.00955,1.61609,0.96156,0.6364,3,-25.25571,-57.58898,media
demo_1417,demo,D00,colectora,Villa Morra,0.13521,0.00686,1.13626,0.96114,0.61759,3,-25.28751,-57.58236,baja
demo_1418,demo,D00,colectora,Villa Morra,0.12273,0.00478,0.84269,0.96234,0.60679,3,-25.29282,-57.58123,baja
demo_1419,demo,D00,colectora,Villa Morra,0.58428,0.05363,0.33587,0.79378,0.41502,3,-25.29802,-57.5778,media
demo_1420,demo,D00,local,Las Mercedes,0.1291,0.00307,0.24739,0.64387,0.36465,3,-25.29447,-57.62468,baja
demo_1421,demo,D00,colectora,Mburucuyá,0.12046,0.0345,0.43355,0.85457,0.42225,3,-25.28321,-57.57427,media
demo_1422,demo,D00,arterial,Trinidad,0.54495,0.12956,0.89377,0.80399,0.53366,7,-25.25673,-57.59542,alta
demo_1423,demo,D20,colectora,Recoleta,0.39107,0.1714,1.39285,0.80618,0.75465,7,-25.28954,-57.60975,alta
demo_1424,demo,D00,arterial,Mburucuyá,0.35517,0.23536,1.70803,0.80662,0.68004,7,-25.28288,-57.58405,alta
demo_1425,demo,D00,local,Recoleta,0.22552,0.0655,0.63479,0.77722,0.10196,7,-25.28976,-57.60881,media
demo_1426,demo,D10,colectora,Centro,0.22089,0.00887,6.3698,0.73969,0.31633,7,-25.28586,-57.63402,baja
demo_1427,demo,D20,local,Sajonia,0.14271,0.03098,0.5254,0.82596,0.06395,7,-25.29275,-57.64586,media
demo_1428,demo,D00,local,Trinidad,0.10145,0.04728,0.55029,0.8062,0.08065,7,-25.2607,-57.59882,media
demo_1429,demo,D20,local,Barrio Obrero,0.2206,0.01994,1.69751,0.71069,0.43588,1,-25.31259,-57.62455,media
demo_1430,demo,D10,arterial,Recoleta,0.17397,0.07068,2.93658,0.66422,0.23035,1,-25.29224,-57.60384,media
demo_1431,demo,D20,colectora,Trinidad,0.59713,0.11088,1.28035,0.83946,0.6488,3,-25.25657,-57.59053,alta
demo_1432,demo,D20,colectora,Recoleta,0.32408,0.01838,1.49195,0.61093,0.53647,3,-25.296,-57.60668,media
demo_1433,demo,D20,colectora,Centro,0.11496,0.02915,1.05701,0.58421,0.53408,3,-25.27961,-57.63325,media
demo_1434,demo,D00,arterial,San Vicente,0.40383,0.01797,0.35735,0.88787,0.22373,7,-25.31528,-57.60948,media
demo_1435,demo,D00,arterial,Carmelitas,0.3512,0.0807,0.758,0.75822,0.12377,7,-25.28397,-57.57644,alta
demo_1436,demo,D00,local,Villa Morra,0.24403,0.00458,1.04361,0.62408,0.2225,7,-25.28993,-57.57816,baja
demo_1437,demo,D00,colectora,Las Mercedes,0.20473,0.00285,0.59319,0.90426,0.49222,7,-25.2935,-57.62601,baja
demo_1438,demo,D00,local,Las Mercedes,0.19744,0.00751,1.08977,0.63257,0.21225,7,-25.28934,-57.62885,baja
demo_1439,demo,D00,local,Las Mercedes,0.15161,0.03597,0.65989,0.81619,0.07723,7,-25.2926,-57.62401,media
demo_1440,demo,D00,local,Recoleta,0.13168,0.0122,0.32817,0.90359,0.21525,7,-25.28869,-57.60604,baja
demo_1441,demo,D10,colectora,Trinidad,0.25624,0.00736,9.18472,0.73393,0.31351,2,-25.25434,-57.59379,baja
demo_1442,demo,D10,local,Villa Morra,0.14192,0.0098,14.46328,0.73689,0.25656,2,-25.29205,-57.57751,baja
demo_1443,demo,D00,arterial,Recoleta,0.51096,0.12234,0.91949,0.78941,0.8296,7,-25.28841,-57.60672,alta
demo_1444,demo,D20,arterial,Trinidad,0.50802,0.12419,0.91897,0.78868,0.83026,7,-25.25221,-57.59522,alta
demo_1445,demo,D10,arterial,Trinidad,0.24561,0.06479,2.80079,0.79963,0.29014,7,-25.25487,-57.59774,media
demo_1446,demo,D10,colectora,Mburucuyá,0.18861,0.1529,5.22133,0.81496,0.5426,7,-25.28289,-57.57762,media
demo_1447,demo,D00,arterial,Trinidad,0.15854,0.04324,1.09277,0.89888,0.21972,7,-25.25768,-57.5953,media
demo_1448,demo,D10,local,Trinidad,0.10476,0.10241,1.62448,0.84379,0.29993,7,-25.25803,-57.59399,media
demo_1449,demo,D00,arterial,Las Mercedes,0.10121,0.07589,1.21488,0.87239,0.2604,7,-25.2955,-57.62325,media
demo_1450,demo,D00,local,Sajonia,0.61108,0.00956,0.90428,0.90328,0.21219,12,-25.29485,-57.65211,baja
demo_1451,demo,D00,colectora,Centro,0.55566,0.14277,1.60082,0.76502,0.25637,12,-25.28905,-57.63429,media
demo_1452,demo,D10,local,Sajonia,0.36538,0.00609,5.35458,0.85415,0.56663,12,-25.29902,-57.65162,baja
demo_1453,demo,D00,colectora,Villa Morra,0.36536,0.03146,0.44304,0.86676,0.45902,12,-25.29195,-57.57554,media
demo_1454,demo,D10,colectora,Recoleta,0.31769,0.01525,7.35123,0.85229,0.49191,12,-25.29276,-57.60906,baja
demo_1455,demo,D00,colectora,Carmelitas,0.30742,0.03355,2.15059,0.70851,0.13813,12,-25.28562,-57.57466,media
demo_1456,demo,D00,colectora,San Vicente,0.27077,0.02581,0.43056,0.71787,0.52595,12,-25.31267,-57.6061,media
demo_1457,demo,D00,local,Barrio Obrero,0.22753,0.0046,0.28742,0.84304,0.73368,12,-25.31744,-57.62451,baja
demo_1458,demo,D10,colectora,San Vicente,0.22301,0.00304,4.91907,0.85307,0.40002,12,-25.31431,-57.60678,baja
demo_1459,demo,D00,arterial,Barrio Obrero,0.19698,0.06102,0.38008,0.79966,0.5075,12,-25.31401,-57.62641,media
demo_1460,demo,D00,local,Trinidad,0.12153,0.00951,0.36877,0.68157,0.54577,12,-25.25952,-57.59347,baja
demo_1461,demo,D00,arterial,Barrio Obrero,0.11012,0.01338,0.69689,0.93056,0.417,12,-25.31207,-57.62822,media
demo_1462,demo,D20,arterial,Mburucuyá,0.80181,0.33007,2.62973,0.48432,0.46583,1,-25.28322,-57.58666,alta
demo_1463,demo,D00,arterial,Trinidad,0.37739,0.00962,0.28639,0.67259,0.43852,6,-25.25719,-57.59717,media
demo_1464,demo,D00,local,Barrio Obrero,0.30077,0.04224,0.25164,0.78727,0.46385,6,-25.3136,-57.62393,media
demo_1465,demo,D00,colectora,Trinidad,0.27559,0.01324,0.3169,0.89506,0.48576,6,-25.25982,-57.59198,baja
demo_1466,demo,D10,local,Villa Morra,0.27208,0.02423,9.07769,0.77432,0.2584,6,-25.29644,-57.57524,media
demo_1467,demo,D00,local,Recoleta,0.18571,0.00521,0.60409,0.71087,0.27587,6,-25.28863,-57.60695,baja
demo_1468,demo,D00,colectora,Mburucuyá,0.16001,0.02157,0.33046,0.86889,0.47687,6,-25.27717,-57.57585,media
demo_1469,demo,D20,colectora,Mburucuyá,0.34186,0.01136,0.93729,0.74016,0.46894,8,-25.27714,-57.58347,media
demo_1470,demo,D40,local,Sajonia,0.31755,0.00304,1.76573,0.64829,0.85089,8,-25.29155,-57.65245,media
demo_1471,demo,D10,colectora,Carmelitas,0.30558,0.00212,3.99985,0.94812,0.23197,8,-25.28373,-57.57538,baja
demo_1472,demo,D20,arterial,San Vicente,0.21486,0.08483,1.40372,0.87539,0.17438,8,-25.31261,-57.60405,alta
demo_1473,demo,D20,local,Villa Morra,0.17459,0.18539,1.76974,0.83817,0.29058,8,-25.28968,-57.57918,alta
demo_1474,demo,D20,local,Trinidad,0.17297,0.03426,2.68348,0.82135,0.19464,8,-25.25312,-57.59405,media
demo_1475,demo,D20,arterial,Barrio Obrero,0.12221,0.05942,1.83499,0.8369,0.17372,8,-25.31263,-57.62762,alta
demo_1476,demo,D10,local,Recoleta,0.11124,0.00469,5.2337,0.6853,0.37539,8,-25.28667,-57.60862,baja
demo_1477,demo,D40,local,Barrio Obrero,0.56122,0.00135,1.57517,0.64332,0.49763,6,-25.3209,-57.62491,media
demo_1478,demo,D20,arterial,Carmelitas,0.54063,0.24097,3.3439,0.75299,0.45007,6,-25.28488,-57.57081,alta
demo_1479,demo,D00,local,Villa Morra,0.52535,0.0257,0.59953,0.73777,0.68774,6,-25.29521,-57.57687,media
demo_1480,demo,D40,local,Centro,0.19026,0.00313,2.05536,0.59182,0.49916,6,-25.2862,-57.63463,media
demo_1481,demo,D40,arterial,Centro,0.18012,0.00086,1.77159,0.65575,0.56457,6,-25.28916,-57.63426,alta
demo_1482,demo,D20,colectora,Sajonia,0.17767,0.10209,0.86673,0.82551,0.14906,6,-25.29148,-57.65307,alta
demo_1483,demo,D00,arterial,Centro,0.59164,0.01361,0.25438,0.80475,0.30168,2,-25.28013,-57.63368,media
demo_1484,demo,D00,local,Trinidad,0.11609,0.009,0.26365,0.82599,0.29743,2,-25.26132,-57.58985,baja
demo_1485,demo,D00,local,Mburucuyá,0.56986,0.02656,0.68569,0.89143,0.17881,3,-25.28132,-57.58306,media
demo_1486,demo,D00,colectora,Centro,0.53419,0.01748,0.18884,0.70212,0.48945,3,-25.28528,-57.63776,baja
demo_1487,demo,D20,local,Sajonia,0.10629,0.05608,1.25073,0.89413,0.22822,3,-25.29685,-57.64339,media
demo_1488,demo,D00,local,Mburucuyá,0.6704,0.01033,0.27751,0.76317,0.39571,4,-25.28051,-57.58088,baja
demo_1489,demo,D00,local,San Vicente,0.56144,0.00969,0.27526,0.76607,0.53624,4,-25.30572,-57.60523,baja
demo_1490,demo,D00,local,Barrio Obrero,0.25147,0.0061,0.36426,0.93447,0.33437,4,-25.31682,-57.62647,baja
demo_1491,demo,D00,colectora,Trinidad,0.23466,0.03713,0.32948,0.8299,0.36925,4,-25.25833,-57.59478,media
demo_1492,demo,D00,arterial,Las Mercedes,0.58261,0.00212,0.30234,0.76226,0.24635,4,-25.29204,-57.62307,media
demo_1493,demo,D10,local,Recoleta,0.4779,0.03059,5.83182,0.71917,0.21148,4,-25.29279,-57.61388,media
demo_1494,demo,D00,arterial,Mburucuyá,0.39622,0.00521,0.35852,0.93974,0.21694,4,-25.27823,-57.58162,media
demo_1495,demo,D10,colectora,Carmelitas,0.21223,0.00918,6.53303,0.73224,0.12242,4,-25.28493,-57.57187,baja
demo_1496,demo,D20,arterial,Centro,0.42993,0.4253,1.72143,0.64234,0.44703,2,-25.28129,-57.6399,alta
demo_1497,demo,D20,colectora,Carmelitas,0.13465,0.21312,1.16075,0.65258,0.27236,2,-25.28567,-57.57329,alta
demo_1498,demo,D00,colectora,Carmelitas,0.39675,0.01996,0.40042,0.7137,0.48207,6,-25.28829,-57.57788,baja
demo_1499,demo,D20,arterial,Trinidad,0.36355,0.06327,2.49277,0.75791,0.44214,6,-25.25879,-57.59375,alta
demo_1500,demo,D20,local,Sajonia,0.24007,0.03167,1.27475,0.74651,0.53543,6,-25.29234,-57.64732,media
demo_1501,demo,D00,colectora,Mburucuyá,0.18619,0.04349,0.88701,0.72484,0.36513,6,-25.28316,-57.58036,media
demo_1502,demo,D20,colectora,Villa Morra,0.1821,0.09804,2.90675,0.76065,0.37153,6,-25.29844,-57.57625,alta
demo_1503,demo,D00,local,Las Mercedes,0.1068,0.03503,0.84941,0.74271,0.34681,6,-25.29228,-57.61372,media
demo_1504,demo,D20,arterial,Las Mercedes,0.7332,0.43231,0.4525,0.51108,0.22153,3,-25.29357,-57.62528,alta
demo_1505,demo,D20,local,Centro,0.41484,0.40655,0.53352,0.55896,0.76714,3,-25.28366,-57.63933,alta
demo_1506,demo,D20,colectora,Barrio Obrero,0.11414,0.27424,0.4567,0.59634,0.82305,3,-25.31693,-57.63063,alta
demo_1507,demo,D00,local,Carmelitas,0.60581,0.0727,0.93258,0.82494,0.15544,4,-25.28764,-57.57367,media
demo_1508,demo,D00,arterial,Trinidad,0.40633,0.01507,0.76366,0.89934,0.07902,4,-25.25415,-57.58957,media
demo_1509,demo,D00,local,Recoleta,0.35081,0.03699,0.63747,0.77791,0.07678,4,-25.2989,-57.61174,media
demo_1510,demo,D00,colectora,Carmelitas,0.29243,0.02281,1.06435,0.73124,0.07891,4,-25.28512,-57.57327,media
demo_1511,demo,D20,local,Barrio Obrero,0.78666,0.3658,2.70054,0.81598,0.49861,1,-25.31657,-57.62213,alta
demo_1512,demo,D00,colectora,Trinidad,0.27739,0.06056,0.66222,0.8012,0.13079,1,-25.25723,-57.59488,media
demo_1513,demo,D20,colectora,Villa Morra,0.67214,0.20228,1.9692,0.78808,0.43036,1,-25.2929,-57.57984,alta
demo_1514,demo,D00,colectora,Barrio Obrero,0.57207,0.00855,0.49987,0.88536,0.68101,1,-25.31512,-57.62817,baja
demo_1515,demo,D20,local,Carmelitas,0.7883,0.37201,0.73939,0.49816,0.26223,1,-25.28835,-57.57421,alta
demo_1516,demo,D20,local,Barrio Obrero,0.24943,0.22835,3.62936,0.85666,0.46634,1,-25.31954,-57.62701,alta
demo_1517,demo,D20,colectora,Barrio Obrero,0.67224,0.5049,1.61243,0.64443,0.53938,2,-25.31452,-57.62912,alta
demo_1518,demo,D20,colectora,Mburucuyá,0.10826,0.17142,0.53117,0.71275,0.15116,2,-25.28112,-57.57968,alta
demo_1519,demo,D00,local,San Vicente,0.79854,0.01182,0.22851,0.88579,0.48555,11,-25.31256,-57.60594,baja
demo_1520,demo,D00,colectora,Barrio Obrero,0.79029,0.01892,0.60063,0.91004,0.18225,11,-25.31292,-57.6233,baja
demo_1521,demo,D00,local,Barrio Obrero,0.48216,0.05721,1.09649,0.75713,0.16773,11,-25.3146,-57.61934,media
demo_1522,demo,D00,local,Mburucuyá,0.46082,0.01172,0.86791,0.80681,0.09852,11,-25.285,-57.58113,baja
demo_1523,demo,D00,arterial,Carmelitas,0.37857,0.00062,0.37993,0.62296,0.43521,11,-25.28174,-57.56911,media
demo_1524,demo,D00,colectora,Recoleta,0.36,0.00357,0.73303,0.61676,0.34319,11,-25.29359,-57.60431,baja
demo_1525,demo,D00,arterial,Trinidad,0.26404,0.00094,0.30546,0.61758,0.43395,11,-25.26004,-57.59446,media
demo_1526,demo,D00,arterial,Carmelitas,0.20729,0.02814,0.52167,0.87904,0.59594,11,-25.28566,-57.57648,media
demo_1527,demo,D00,arterial,Recoleta,0.191,0.01527,1.01931,0.70509,0.22883,11,-25.28549,-57.61152,media
demo_1528,demo,D00,arterial,Recoleta,0.15696,0.0047,0.81795,0.61066,0.34957,11,-25.28932,-57.60995,media
demo_1529,demo,D00,colectora,Barrio Obrero,0.10654,0.00144,0.27168,0.6064,0.43351,11,-25.31035,-57.61925,baja
demo_1530,demo,D00,arterial,Trinidad,0.52799,0.02025,0.30522,0.8712,0.30031,2,-25.25792,-57.5934,media
demo_1531,demo,D00,local,Mburucuyá,0.23105,0.00647,0.34297,0.81514,0.31382,2,-25.28,-57.57893,baja
demo_1532,demo,D00,colectora,Trinidad,0.18591,0.05174,0.44737,0.82538,0.46354,2,-25.2558,-57.597,media
demo_1533,demo,D00,colectora,Villa Morra,0.10833,0.03533,0.44476,0.85399,0.47479,2,-25.29318,-57.57816,media
demo_1534,demo,D20,colectora,Mburucuyá,0.37369,0.42455,2.08898,0.77285,0.47569,3,-25.28043,-57.57374,alta
demo_1535,demo,D10,arterial,Carmelitas,0.2012,0.03635,4.35999,0.73918,0.2009,3,-25.28748,-57.57409,media
demo_1536,demo,D00,colectora,Centro,0.17209,0.00685,0.82325,0.55683,0.56879,3,-25.28012,-57.63389,baja
demo_1537,demo,D20,local,Sajonia,0.8054,0.24286,1.4656,0.64716,0.42482,6,-25.29031,-57.65146,alta
demo_1538,demo,D20,local,Trinidad,0.77748,0.03547,1.67716,0.28856,0.32884,6,-25.2596,-57.5919,media
demo_1539,demo,D40,arterial,Sajonia,0.47093,0.0021,0.97173,0.55545,0.13301,6,-25.30577,-57.64555,alta
demo_1540,demo,D10,local,Mburucuyá,0.22624,0.01481,4.20291,0.7698,0.87322,6,-25.27834,-57.58037,baja
demo_1541,demo,D10,colectora,Sajonia,0.17085,0.00939,4.1827,0.77187,0.88956,6,-25.29722,-57.65183,baja
demo_1542,demo,D10,colectora,Carmelitas,0.16131,0.01759,2.782,0.75736,0.88938,6,-25.2874,-57.57238,baja
demo_1543,demo,D20,colectora,San Vicente,0.28368,0.01911,1.39091,0.76669,0.33113,2,-25.31387,-57.60691,media
demo_1544,demo,D20,arterial,Centro,0.14635,0.01173,0.89944,0.76812,0.35753,2,-25.28195,-57.63909,media
demo_1545,demo,D00,arterial,Barrio Obrero,0.1298,0.00049,0.40365,0.57795,0.33229,2,-25.31242,-57.62538,media
demo_1546,demo,D10,arterial,Centro,0.12635,0.00226,8.30371,0.61433,0.3662,2,-25.28615,-57.62914,media
demo_1547,demo,D20,colectora,Sajonia,0.58724,0.21058,1.02688,0.75089,0.75912,1,-25.28709,-57.64817,alta
demo_1548,demo,D10,local,Centro,0.23344,0.01609,8.75516,0.83749,0.46943,3,-25.28022,-57.63913,baja
demo_1549,demo,D10,local,Las Mercedes,0.17422,0.00219,1.62124,0.78741,0.9702,3,-25.29107,-57.62057,baja
demo_1550,demo,D10,colectora,Carmelitas,0.14392,0.02794,10.46946,0.83802,0.55317,3,-25.2873,-57.57747,media
demo_1551,demo,D00,arterial,Villa Morra,0.39982,0.01118,0.17041,0.68923,0.46719,3,-25.29177,-57.57566,media
demo_1552,demo,D10,local,Recoleta,0.26519,0.0081,5.51971,0.71162,0.3274,3,-25.29202,-57.60694,baja
demo_1553,demo,D10,local,Mburucuyá,0.12766,0.01284,5.46429,0.70656,0.30039,3,-25.273,-57.57869,baja
demo_1554,demo,D00,arterial,San Vicente,0.85914,0.07319,0.96594,0.83095,0.14923,5,-25.30672,-57.60581,media
demo_1555,demo,D10,local,Las Mercedes,0.5496,0.00679,5.38873,0.89098,0.77834,5,-25.29213,-57.62561,baja
demo_1556,demo,D00,local,Las Mercedes,0.36108,0.03886,0.28794,0.8159,0.50331,5,-25.29076,-57.6304,media
demo_1557,demo,D00,local,Mburucuyá,0.2855,0.00519,0.63413,0.80919,0.6908,5,-25.28451,-57.57606,baja
demo_1558,demo,D20,arterial,Barrio Obrero,0.11517,0.03962,0.29457,0.81328,0.50196,5,-25.31279,-57.62614,alta
demo_1559,demo,D20,colectora,Villa Morra,0.6516,0.12014,0.86445,0.81309,0.4092,3,-25.29405,-57.57518,alta
demo_1560,demo,D10,colectora,Villa Morra,0.38364,0.00217,4.60429,0.72888,0.6425,3,-25.29523,-57.57411,baja
demo_1561,demo,D10,colectora,Centro,0.11416,0.00242,3.82127,0.81904,0.30212,3,-25.28221,-57.63512,baja
demo_1562,demo,D40,colectora,Barrio Obrero,0.49602,0.00692,1.32055,0.45311,0.59055,8,-25.31373,-57.62444,media
demo_1563,demo,D40,local,Trinidad,0.44407,0.02455,2.02564,0.31059,0.51253,8,-25.25632,-57.5988,alta
demo_1564,demo,D40,local,Mburucuyá,0.19392,0.01385,1.74134,0.29629,0.4811,8,-25.28358,-57.57979,media
demo_1565,demo,D40,arterial,Carmelitas,0.18132,0.01639,1.31449,0.19544,0.49319,8,-25.28935,-57.57443,alta
demo_1566,demo,D00,local,Centro,0.16301,0.12523,0.13048,0.49344,0.06401,8,-25.28384,-57.63719,media
demo_1567,demo,D40,colectora,Centro,0.13719,0.03775,0.82014,0.22393,0.49388,8,-25.2824,-57.62828,alta
demo_1568,demo,D00,colectora,Mburucuyá,0.12998,0.02736,0.29069,0.15338,0.3699,8,-25.28483,-57.58329,media
demo_1569,demo,D00,colectora,Mburucuyá,0.10624,0.07529,0.08033,0.50386,0.03889,8,-25.27868,-57.57587,media
demo_1570,demo,D10,local,Villa Morra,0.10701,0.06156,3.79518,0.52549,0.25653,1,-25.29289,-57.57793,media
demo_1571,demo,D00,local,Sajonia,0.21717,0.19305,0.19316,0.49986,0.83485,2,-25.29828,-57.65104,media
demo_1572,demo,D00,local,Centro,0.14304,0.29034,0.29039,0.49996,0.85023,2,-25.28018,-57.63719,media
demo_1573,demo,D10,colectora,San Vicente,0.32336,0.02959,4.93163,0.53682,0.67483,2,-25.31535,-57.60916,media
demo_1574,demo,D00,arterial,Mburucuyá,0.12543,0.02604,0.18621,0.764,0.47261,2,-25.2863,-57.57992,media
demo_1575,demo,D00,local,Recoleta,0.59492,0.02313,0.45186,0.796,0.28616,2,-25.29625,-57.61542,media
demo_1576,demo,D00,local,Sajonia,0.17665,0.03155,0.40759,0.76873,0.2941,2,-25.29807,-57.65086,media
demo_1577,demo,D20,colectora,Carmelitas,0.11792,0.01941,1.8554,0.77706,0.50664,1,-25.28469,-57.57204,baja
demo_1578,demo,D00,colectora,Barrio Obrero,0.34737,0.05573,0.39283,0.81011,0.5968,6,-25.31145,-57.62901,media
demo_1579,demo,D10,arterial,Carmelitas,0.31922,0.01569,10.74337,0.77241,0.34815,6,-25.28281,-57.57489,media
demo_1580,demo,D00,local,Trinidad,0.17824,0.05818,1.01733,0.7304,0.69696,6,-25.2552,-57.59254,media
demo_1581,demo,D00,arterial,Trinidad,0.16329,0.03049,0.39359,0.78476,0.57484,6,-25.25667,-57.59217,media
demo_1582,demo,D00,local,Trinidad,0.14544,0.07907,1.00201,0.75614,0.72016,6,-25.26253,-57.59528,media
demo_1583,demo,D00,colectora,Trinidad,0.13282,0.03627,0.36677,0.82193,0.5914,6,-25.2613,-57.59566,media
demo_1584,demo,D00,local,Centro,0.51487,0.08221,0.33868,0.70823,0.43869,2,-25.28305,-57.63974,media
demo_1585,demo,D00,local,Villa Morra,0.44744,0.04368,0.45149,0.24849,0.54505,2,-25.29321,-57.57689,media
demo_1586,demo,D00,local,Trinidad,0.17031,0.00939,0.48186,0.79964,0.40431,2,-25.26107,-57.59098,baja
demo_1587,demo,D00,local,Centro,0.11135,0.00521,0.49016,0.81849,0.39722,2,-25.28634,-57.63536,baja
demo_1588,demo,D20,arterial,Mburucuyá,0.74528,0.16407,1.55226,0.83729,0.25233,1,-25.28544,-57.57936,alta
demo_1589,demo,D40,local,Sajonia,0.5736,0.01911,2.89126,0.588,0.32605,1,-25.29345,-57.65382,media
demo_1590,demo,D10,local,Centro,0.32579,0.00956,5.21448,0.8019,0.84955,2,-25.28164,-57.63776,baja
demo_1591,demo,D20,local,San Vicente,0.10038,0.07376,0.94051,0.83319,0.63234,2,-25.30704,-57.60703,media
demo_1592,demo,D00,arterial,San Vicente,0.50264,0.53277,1.67147,0.61064,0.52046,1,-25.31446,-57.60512,alta
demo_1593,demo,D10,colectora,San Vicente,0.13372,0.00951,3.69639,0.91407,0.88102,1,-25.31284,-57.60697,baja
demo_1594,demo,D00,arterial,Trinidad,0.40232,0.04659,1.63652,0.88555,0.80166,2,-25.2622,-57.59452,media
demo_1595,demo,D10,local,San Vicente,0.33407,0.00529,5.15922,0.90259,0.08295,2,-25.3131,-57.60875,baja
demo_1596,demo,D20,local,Villa Morra,0.64738,0.50587,1.62017,0.71765,0.49307,1,-25.29185,-57.57357,alta
demo_1597,demo,D10,arterial,Centro,0.3761,0.01351,5.52314,0.79599,0.13656,3,-25.28244,-57.63813,media
demo_1598,demo,D10,colectora,Barrio Obrero,0.16493,0.01863,3.91008,0.80769,0.13494,3,-25.31493,-57.62789,baja
demo_1599,demo,D10,local,Recoleta,0.11141,0.02685,4.10795,0.7914,0.16654,3,-25.29201,-57.60665,media
demo_1600,demo,D00,arterial,Centro,0.29411,0.00202,0.20598,0.58949,0.41083,2,-25.28476,-57.63592,media
demo_1601,demo,D00,arterial,Recoleta,0.23642,0.00137,0.20653,0.59829,0.41199,2,-25.28994,-57.60821,media
demo_1602,demo,D20,arterial,Mburucuyá,0.54812,0.24048,1.65432,0.80937,0.4018,3,-25.28299,-57.57553,alta
demo_1603,demo,D10,arterial,Mburucuyá,0.23111,0.00599,4.88845,0.90458,0.78968,3,-25.27796,-57.57792,baja
demo_1604,demo,D20,arterial,Sajonia,0.10897,0.11174,0.93062,0.82653,0.56753,3,-25.2956,-57.65297,alta
demo_1605,demo,D00,local,Barrio Obrero,0.55404,0.04298,0.12255,0.2961,0.04998,11,-25.31582,-57.6233,media
demo_1606,demo,D10,arterial,Trinidad,0.406,0.06143,9.56025,0.61046,0.42286,11,-25.26233,-57.60126,media
demo_1607,demo,D10,colectora,Barrio Obrero,0.37673,0.09485,9.7831,0.62685,0.51488,11,-25.3211,-57.62187,media
demo_1608,demo,D00,local,Barrio Obrero,0.37144,0.00724,0.15279,0.89114,0.76582,11,-25.31424,-57.62421,baja
demo_1609,demo,D20,colectora,Las Mercedes,0.33532,0.06064,3.12528,0.72803,0.78044,11,-25.28742,-57.61971,media
demo_1610,demo,D00,local,San Vicente,0.21439,0.0141,0.29507,0.89059,0.78007,11,-25.30574,-57.60472,baja
demo_1611,demo,D00,arterial,Las Mercedes,0.16353,0.0167,0.35744,0.89191,0.796,11,-25.28594,-57.62296,media
demo_1612,demo,D00,arterial,Barrio Obrero,0.1469,0.01056,0.2243,0.89153,0.81007,11,-25.31472,-57.6211,media
demo_1613,demo,D00,arterial,San Vicente,0.13055,0.00377,0.11386,0.90023,0.81882,11,-25.31061,-57.60958,media
demo_1614,demo,D00,arterial,Villa Morra,0.10886,0.0137,0.87196,0.32551,0.72877,11,-25.29719,-57.57951,media
demo_1615,demo,D10,colectora,Trinidad,0.10739,0.06648,6.91519,0.62308,0.66009,11,-25.25769,-57.59611,media
demo_1616,demo,D20,arterial,Las Mercedes,0.69889,0.12597,0.77502,0.78221,0.15623,4,-25.2919,-57.62143,alta
demo_1617,demo,D00,local,Mburucuyá,0.64929,0.01046,0.51708,0.60337,0.45211,4,-25.28213,-57.57223,baja
demo_1618,demo,D00,colectora,Carmelitas,0.24857,0.01101,0.46787,0.75726,0.59378,4,-25.27965,-57.57817,baja
demo_1619,demo,D20,arterial,Trinidad,0.167,0.04284,1.19486,0.77607,0.5754,4,-25.25806,-57.59218,alta
demo_1620,demo,D10,local,San Vicente,0.47334,0.0269,7.78282,0.71852,0.77121,1,-25.31331,-57.60753,media
demo_1621,demo,D20,local,Barrio Obrero,0.8156,0.11798,1.13837,0.83696,0.80245,1,-25.32101,-57.62428,alta
demo_1622,demo,D00,colectora,Recoleta,0.74398,0.00877,0.59221,0.7933,0.37434,5,-25.28446,-57.61118,baja
demo_1623,demo,D00,local,Sajonia,0.58949,0.00156,0.41682,0.69124,0.30583,5,-25.29217,-57.65011,baja
demo_1624,demo,D10,colectora,Barrio Obrero,0.30807,0.03123,2.8552,0.94748,0.4544,5,-25.31468,-57.62724,media
demo_1625,demo,D10,colectora,Trinidad,0.1943,0.07574,4.5141,0.93379,0.49414,5,-25.26093,-57.59424,media
demo_1626,demo,D10,local,Trinidad,0.15936,0.0497,4.43574,0.94707,0.36837,5,-25.25817,-57.59339,media
demo_1627,demo,D10,colectora,Carmelitas,0.26557,0.06366,3.63351,0.30985,0.75952,1,-25.28457,-57.57499,media
demo_1628,demo,D00,colectora,San Vicente,0.27434,0.00214,0.61072,0.60918,0.40319,1,-25.31154,-57.60896,baja
demo_1629,demo,D10,colectora,Carmelitas,0.52832,0.01173,5.01926,0.20876,0.87765,21,-25.28922,-57.57628,baja
demo_1630,demo,D00,local,San Vicente,0.46473,0.02581,0.82761,0.10162,0.92638,21,-25.31281,-57.61161,media
demo_1631,demo,D10,colectora,Trinidad,0.38598,0.03828,8.92288,0.48009,0.70689,21,-25.2584,-57.59634,media
demo_1632,demo,D00,colectora,Centro,0.35983,0.02695,0.91381,0.59529,0.86557,21,-25.28325,-57.63548,media
demo_1633,demo,D00,arterial,San Vicente,0.28364,0.16586,1.13491,0.52465,0.21905,21,-25.31461,-57.60471,alta
demo_1634,demo,D00,arterial,Centro,0.27547,0.33459,0.52335,0.39979,0.22639,21,-25.28768,-57.63609,alta
demo_1635,demo,D00,local,San Vicente,0.27415,0.05174,0.08398,0.39245,0.40505,21,-25.30854,-57.60354,media
demo_1636,demo,D00,local,Centro,0.27131,0.09272,1.9859,0.6106,0.21455,21,-25.27904,-57.63563,media
demo_1637,demo,D10,local,Las Mercedes,0.21135,0.0243,7.91426,0.47339,0.78073,21,-25.29151,-57.61924,media
demo_1638,demo,D00,local,Recoleta,0.1747,0.04085,0.53946,0.14866,0.92578,21,-25.29222,-57.60037,media
demo_1639,demo,D00,colectora,Recoleta,0.16013,0.02533,0.29756,0.73581,0.89917,21,-25.29343,-57.60967,media
demo_1640,demo,D00,local,Centro,0.1497,0.08921,0.09158,0.49349,0.39232,21,-25.28633,-57.62732,media
demo_1641,demo,D10,colectora,Sajonia,0.14351,0.0025,1.18187,0.72228,0.97256,21,-25.29648,-57.65189,baja
demo_1642,demo,D00,arterial,Centro,0.1433,0.0173,0.40343,0.775,0.89763,21,-25.28234,-57.63284,media
demo_1643,demo,D00,arterial,Barrio Obrero,0.14138,0.03288,0.16034,0.77339,0.43623,21,-25.31572,-57.628,media
demo_1644,demo,D00,arterial,Sajonia,0.13607,0.21152,0.22938,0.4852,0.32651,21,-25.2948,-57.64554,alta
demo_1645,demo,D00,arterial,Recoleta,0.12206,0.01188,0.68177,0.3921,0.95494,21,-25.29435,-57.61448,media
demo_1646,demo,D00,colectora,Mburucuyá,0.11844,0.06329,0.33415,0.23367,0.92729,21,-25.28329,-57.58179,media
demo_1647,demo,D00,colectora,Recoleta,0.11582,0.01905,0.60135,0.3609,0.94504,21,-25.29166,-57.6117,baja
demo_1648,demo,D10,arterial,San Vicente,0.1122,0.00349,0.81532,0.73284,0.97332,21,-25.31535,-57.60772,baja
demo_1649,demo,D00,colectora,Sajonia,0.11112,0.04172,0.32771,0.69952,0.88692,21,-25.29049,-57.65025,media
demo_1650,demo,D20,colectora,Villa Morra,0.19913,0.04586,4.88108,0.95154,0.73943,1,-25.29236,-57.57833,media
demo_1651,demo,D10,local,Carmelitas,0.58948,0.0142,5.83004,0.77583,0.38112,5,-25.27884,-57.56678,baja
demo_1652,demo,D00,arterial,Mburucuyá,0.45016,0.07222,0.52911,0.81522,0.57032,5,-25.2787,-57.58316,media
demo_1653,demo,D10,arterial,Carmelitas,0.35479,0.02645,8.32867,0.77288,0.46542,5,-25.28306,-57.57564,media
demo_1654,demo,D10,local,Villa Morra,0.3374,0.01375,6.29332,0.73333,0.69328,5,-25.2932,-57.57566,baja
demo_1655,demo,D10,colectora,Las Mercedes,0.18581,0.0051,4.33894,0.73803,0.62781,5,-25.2923,-57.61834,baja
demo_1656,demo,D00,local,Villa Morra,0.2204,0.06724,0.68502,0.57206,0.2606,2,-25.29197,-57.579,media
demo_1657,demo,D00,colectora,San Vicente,0.12484,0.02631,0.46964,0.61245,0.20783,2,-25.31242,-57.60716,media
demo_1658,demo,D00,colectora,Las Mercedes,0.64733,0.07559,0.54282,0.81342,0.31046,10,-25.28733,-57.6256,media
demo_1659,demo,D20,colectora,Trinidad,0.5181,0.02721,1.46626,0.78026,0.8987,10,-25.25737,-57.59995,media
demo_1660,demo,D20,local,Barrio Obrero,0.43965,0.03662,2.95387,0.94428,0.83461,10,-25.31517,-57.61868,media
demo_1661,demo,D00,local,Trinidad,0.42388,0.01475,0.41252,0.78361,0.56145,10,-25.2658,-57.59417,baja
demo_1662,demo,D00,local,Barrio Obrero,0.27529,0.04098,0.32676,0.82257,0.54621,10,-25.32024,-57.62621,media
demo_1663,demo,D00,arterial,Recoleta,0.25769,0.02614,0.3002,0.83447,0.55721,10,-25.29222,-57.61023,media
demo_1664,demo,D00,arterial,Trinidad,0.2117,0.01591,0.25129,0.87419,0.52533,10,-25.25882,-57.59502,media
demo_1665,demo,D00,colectora,Mburucuyá,0.14771,0.01017,0.25331,0.89978,0.52131,10,-25.2815,-57.57481,baja
demo_1666,demo,D20,local,Sajonia,0.1421,0.04896,0.88358,0.82492,0.89547,10,-25.29136,-57.64987,media
demo_1667,demo,D00,local,Sajonia,0.13114,0.01327,0.87958,0.75292,0.05408,10,-25.29488,-57.64307,baja
demo_1668,demo,D00,local,Villa Morra,0.67208,0.01351,0.22806,0.87442,0.37452,1,-25.29408,-57.57965,baja
demo_1669,demo,D20,local,Barrio Obrero,0.63558,0.22321,0.99061,0.7617,0.76323,6,-25.31948,-57.62291,alta
demo_1670,demo,D20,arterial,Mburucuyá,0.27546,0.37829,2.18335,0.79188,0.54285,6,-25.28292,-57.58357,alta
demo_1671,demo,D40,local,Sajonia,0.26485,0.00159,2.21411,0.79733,0.49214,6,-25.29497,-57.65493,media
demo_1672,demo,D20,local,San Vicente,0.22764,0.13226,1.15243,0.83058,0.22744,6,-25.31545,-57.60433,alta
demo_1673,demo,D40,local,Carmelitas,0.17241,0.00345,1.81837,0.93969,0.89169,6,-25.28039,-57.57485,media
demo_1674,demo,D40,local,Trinidad,0.13218,0.00874,2.05936,0.92132,0.44627,6,-25.26211,-57.59946,media
demo_1675,demo,D20,arterial,Recoleta,0.58725,0.06786,0.94547,0.86512,0.26077,3,-25.29332,-57.60998,alta
demo_1676,demo,D40,colectora,Sajonia,0.55378,0.00194,1.49727,0.79176,0.5469,3,-25.29262,-57.65091,media
demo_1677,demo,D00,local,Trinidad,0.12973,0.06793,0.95375,0.86569,0.26324,3,-25.25941,-57.59309,media
demo_1678,demo,D20,colectora,Trinidad,0.72763,0.28101,1.71574,0.79765,0.65007,4,-25.2574,-57.59446,alta
demo_1679,demo,D20,local,Sajonia,0.40506,0.13834,0.60501,0.76091,0.14465,4,-25.29452,-57.65065,alta
demo_1680,demo,D20,local,Recoleta,0.3973,0.03572,1.14172,0.59985,0.20762,4,-25.29242,-57.60911,media
demo_1681,demo,D20,local,Trinidad,0.15188,0.03574,0.48585,0.86265,0.06591,4,-25.26243,-57.59416,media
demo_1682,demo,D00,local,San Vicente,0.61593,0.0239,0.24617,0.84343,0.29279,1,-25.30937,-57.6035,media
demo_1683,demo,D00,local,Centro,0.56779,0.01464,0.28173,0.88603,0.59438,11,-25.27994,-57.63853,baja
demo_1684,demo,D00,arterial,Barrio Obrero,0.52321,0.01172,0.44091,0.91497,0.41755,11,-25.31646,-57.62642,media
demo_1685,demo,D00,colectora,Recoleta,0.38411,0.03778,0.61209,0.8647,0.79147,11,-25.28819,-57.60973,media
demo_1686,demo,D00,colectora,Barrio Obrero,0.29463,0.01922,1.23939,0.80636,0.79436,11,-25.31516,-57.62634,baja
demo_1687,demo,D00,arterial,Barrio Obrero,0.21656,0.00356,0.60528,0.59449,0.61498,11,-25.31434,-57.62371,media
demo_1688,demo,D00,local,Mburucuyá,0.19345,0.0136,1.2484,0.70818,0.22796,11,-25.28296,-57.57839,baja
demo_1689,demo,D00,local,Trinidad,0.18889,0.02449,1.29044,0.68926,0.25477,11,-25.26546,-57.59,media
demo_1690,demo,D00,arterial,San Vicente,0.16117,0.02764,0.41519,0.86888,0.77119,11,-25.30971,-57.60994,media
demo_1691,demo,D00,local,Carmelitas,0.1397,0.05418,0.78743,0.86853,0.81351,11,-25.27717,-57.57661,media
demo_1692,demo,D00,colectora,Villa Morra,0.13219,0.00463,0.85697,0.59696,0.62362,11,-25.29578,-57.57665,baja
demo_1693,demo,D20,colectora,San Vicente,0.13066,0.05351,0.79361,0.87004,0.8145,11,-25.31179,-57.60938,media
demo_1694,demo,D00,colectora,San Vicente,0.8025,0.0281,1.1957,0.92162,0.833,1,-25.30997,-57.60247,media
demo_1695,demo,D20,local,Trinidad,0.28295,0.07349,1.68476,0.77656,0.70485,2,-25.25516,-57.59905,media
demo_1696,demo,D00,local,Recoleta,0.27068,0.04517,0.64757,0.74562,0.76633,2,-25.29167,-57.60806,media
demo_1697,demo,D00,arterial,Recoleta,0.69808,0.29085,3.43815,0.51782,0.5,3,-25.28986,-57.61357,alta
demo_1698,demo,D00,colectora,Las Mercedes,0.66076,0.02421,0.42169,0.88019,0.05394,3,-25.2949,-57.62233,media
demo_1699,demo,D20,local,Mburucuyá,0.53675,0.03563,2.81047,0.69252,0.15977,3,-25.28091,-57.58597,media
demo_1700,demo,D00,local,Barrio Obrero,0.76343,0.16747,0.35768,0.65693,0.65537,3,-25.31282,-57.61929,media
demo_1701,demo,D00,colectora,Villa Morra,0.54217,0.01398,0.36935,0.09727,0.53956,3,-25.29322,-57.57589,baja
demo_1702,demo,D00,local,Carmelitas,0.47244,0.00436,0.62941,0.11569,0.7049,3,-25.29157,-57.57245,baja
demo_1703,demo,D00,local,Centro,0.33206,0.14411,0.87215,0.4528,0.17948,2,-25.28301,-57.63092,media
demo_1704,demo,D00,arterial,Trinidad,0.26674,0.03411,0.84355,0.35241,0.27409,2,-25.25344,-57.59885,media
demo_1705,demo,D00,colectora,Sajonia,0.31455,0.00564,0.25841,0.92611,0.36733,4,-25.29424,-57.65149,baja
demo_1706,demo,D10,colectora,Las Mercedes,0.28104,0.01286,3.12687,0.95162,0.25569,4,-25.29182,-57.61831,baja
demo_1707,demo,D10,colectora,Carmelitas,0.24754,0.0037,5.21854,0.71326,0.06949,4,-25.29139,-57.56736,baja
demo_1708,demo,D10,local,Centro,0.19345,0.00735,3.58666,0.94548,0.27143,4,-25.28406,-57.63904,baja
demo_1709,demo,D10,colectora,Centro,0.40533,0.04725,8.792,0.88618,0.32764,3,-25.28266,-57.64027,media
demo_1710,demo,D20,colectora,San Vicente,0.23351,0.05226,1.10412,0.89122,0.71896,3,-25.3116,-57.6031,media
demo_1711,demo,D20,local,Trinidad,0.11618,0.01189,0.91314,0.84283,0.65578,3,-25.26042,-57.59258,media
demo_1712,demo,D00,colectora,San Vicente,0.47207,0.23505,0.23879,0.50226,0.87988,1,-25.31302,-57.61117,media
demo_1713,demo,D00,local,Las Mercedes,0.1349,0.07641,0.33934,0.75539,0.59168,1,-25.29757,-57.62088,media
demo_1714,demo,D00,local,Villa Morra,0.79584,0.01046,0.2591,0.73376,0.43755,2,-25.29706,-57.57805,baja
demo_1715,demo,D00,colectora,Trinidad,0.20497,0.00871,0.43413,0.92918,0.45501,2,-25.26018,-57.59801,baja
demo_1716,demo,D10,colectora,Sajonia,0.54542,0.01475,6.42187,0.76101,0.34748,3,-25.2925,-57.64523,baja
demo_1717,demo,D10,local,Recoleta,0.3065,0.00874,5.38472,0.80354,0.76468,3,-25.29206,-57.60832,baja
demo_1718,demo,D00,local,Villa Morra,0.26357,0.0363,1.55936,0.69595,0.79275,3,-25.2919,-57.57637,media
demo_1719,demo,D00,local,Centro,0.15056,0.07299,0.33143,0.40355,0.07778,3,-25.27957,-57.63694,media
demo_1720,demo,D00,local,Sajonia,0.13756,0.02574,0.93126,0.26011,0.07821,3,-25.29551,-57.64914,media
demo_1721,demo,D00,arterial,Trinidad,0.12967,0.04145,0.58568,0.30912,0.07806,3,-25.26054,-57.59673,media
demo_1722,demo,D00,colectora,Carmelitas,0.58929,0.00558,0.32624,0.7337,0.28115,5,-25.28051,-57.56759,baja
demo_1723,demo,D10,local,San Vicente,0.34674,0.0164,3.66733,0.80789,0.80651,5,-25.31497,-57.60508,baja
demo_1724,demo,D10,arterial,San Vicente,0.20945,0.02398,3.56551,0.80074,0.82763,5,-25.31588,-57.6034,media
demo_1725,demo,D10,colectora,San Vicente,0.17151,0.01516,6.41815,0.74628,0.76161,5,-25.31425,-57.60384,baja
demo_1726,demo,D00,colectora,Recoleta,0.10595,0.0041,0.31103,0.74727,0.27726,5,-25.2965,-57.60766,baja
demo_1727,demo,D10,local,Trinidad,0.33595,0.02641,8.23003,0.88584,0.62667,1,-25.26309,-57.59539,media
demo_1728,demo,D00,arterial,Villa Morra,0.45117,0.01442,0.19806,0.72608,0.42306,2,-25.29748,-57.5805,media
demo_1729,demo,D20,arterial,Villa Morra,0.15313,0.03337,0.44746,0.72118,0.43109,2,-25.29534,-57.58054,alta
demo_1730,demo,D10,local,Carmelitas,0.60642,0.00834,4.91929,0.82007,0.67883,3,-25.28332,-57.57758,baja
demo_1731,demo,D20,arterial,Villa Morra,0.49925,0.02823,1.05881,0.81592,0.33751,3,-25.29448,-57.57201,alta
demo_1732,demo,D10,local,Sajonia,0.14792,0.00287,1.84065,0.64352,0.03637,3,-25.29641,-57.64912,baja
demo_1733,demo,D20,arterial,Mburucuyá,0.75201,0.68168,1.43376,0.59699,0.50482,2,-25.27429,-57.5796,alta
demo_1734,demo,D00,colectora,Villa Morra,0.50571,0.05734,1.33214,0.1539,0.70817,2,-25.29511,-57.57878,media
demo_1735,demo,D20,arterial,Centro,0.55185,0.16692,2.87616,0.87955,0.65029,4,-25.28164,-57.63568,alta
demo_1736,demo,D20,local,San Vicente,0.44298,0.26672,3.64613,0.86449,0.50378,4,-25.31058,-57.60817,alta
demo_1737,demo,D20,local,Recoleta,0.1091,0.10518,1.92823,0.88322,0.77422,4,-25.29293,-57.61168,alta
demo_1738,demo,D20,arterial,Barrio Obrero,0.10569,0.10867,1.51127,0.86279,0.21437,4,-25.31463,-57.62786,alta
demo_1739,demo,D10,arterial,Recoleta,0.26587,0.08048,11.02982,0.55337,0.47299,1,-25.29135,-57.60855,alta
demo_1740,demo,D20,arterial,Mburucuyá,0.50319,0.13969,1.94819,0.84767,0.26084,1,-25.28138,-57.57458,alta
demo_1741,demo,D10,local,Las Mercedes,0.24812,0.00597,4.24014,0.69554,0.07953,3,-25.29475,-57.62132,baja
demo_1742,demo,D10,colectora,Trinidad,0.10283,0.01226,7.73432,0.62221,0.35015,3,-25.2591,-57.59725,baja
demo_1743,demo,D10,arterial,Trinidad,0.10008,0.0075,5.56152,0.69325,0.10268,3,-25.26445,-57.5957,baja
demo_1744,demo,D00,local,Sajonia,0.55297,0.06024,1.53945,0.86098,0.78081,8,-25.29386,-57.64692,media
demo_1745,demo,D10,local,Sajonia,0.46112,0.02107,4.29135,0.96496,0.7691,8,-25.29354,-57.64364,media
demo_1746,demo,D00,arterial,Recoleta,0.42613,0.00894,0.98225,0.82848,0.6061,8,-25.29094,-57.60618,media
demo_1747,demo,D00,arterial,Mburucuyá,0.19848,0.00796,0.54369,0.92422,0.56498,8,-25.27906,-57.58175,media
demo_1748,demo,D10,arterial,Mburucuyá,0.19752,0.00881,6.00404,0.95876,0.21696,8,-25.28108,-57.57627,media
demo_1749,demo,D10,local,Villa Morra,0.19479,0.01385,2.98797,0.96595,0.72396,8,-25.28974,-57.57553,baja
demo_1750,demo,D00,arterial,Mburucuyá,0.19321,0.03055,1.40003,0.83605,0.73295,8,-25.28299,-57.57486,media
demo_1751,demo,D00,local,Villa Morra,0.1333,0.00397,0.58139,0.93953,0.57378,8,-25.2965,-57.57542,baja
demo_1752,demo,D20,local,Sajonia,0.60642,0.15645,0.70617,0.7381,0.83381,1,-25.29414,-57.64832,alta
demo_1753,demo,D00,colectora,Villa Morra,0.5063,0.04304,1.36774,0.87734,0.82692,7,-25.28908,-57.5773,media
demo_1754,demo,D10,colectora,Carmelitas,0.26992,0.02183,3.61739,0.9132,0.5329,7,-25.28175,-57.57069,media
demo_1755,demo,D10,colectora,Sajonia,0.22488,0.03097,3.88166,0.90642,0.56301,7,-25.29041,-57.64798,media
demo_1756,demo,D00,arterial,San Vicente,0.14806,0.01984,0.22133,0.6973,0.38601,7,-25.30699,-57.60354,media
demo_1757,demo,D00,arterial,Carmelitas,0.13244,0.01054,0.45999,0.749,0.56744,7,-25.28753,-57.57166,media
demo_1758,demo,D10,colectora,Barrio Obrero,0.10059,0.00536,4.26241,0.79233,0.20041,7,-25.32432,-57.62912,baja
demo_1759,demo,D00,arterial,Trinidad,0.10053,0.0093,0.36382,0.59502,0.39377,7,-25.2572,-57.60192,media
demo_1760,demo,D00,arterial,San Vicente,0.57453,0.09055,0.62128,0.80271,0.57454,1,-25.31513,-57.60693,alta
demo_1761,demo,D10,colectora,Carmelitas,0.726,0.05578,4.77177,0.85289,0.2589,3,-25.28582,-57.56895,media
demo_1762,demo,D00,arterial,Trinidad,0.68876,0.05654,0.95047,0.80121,0.54482,3,-25.2568,-57.5975,media
demo_1763,demo,D00,arterial,Villa Morra,0.54843,0.0014,1.1894,0.65219,0.46394,3,-25.29729,-57.57495,media
demo_1764,demo,D20,local,Villa Morra,0.20198,0.31467,1.7454,0.60254,0.62507,4,-25.29502,-57.5784,alta
demo_1765,demo,D20,local,Recoleta,0.15078,0.25667,2.62213,0.52155,0.56074,4,-25.28893,-57.61199,alta
demo_1766,demo,D20,colectora,Mburucuyá,0.10653,0.26422,1.3904,0.65948,0.69686,4,-25.27649,-57.57686,alta
demo_1767,demo,D20,arterial,Mburucuyá,0.10172,0.21965,2.35769,0.57151,0.63987,4,-25.27746,-57.57112,alta
demo_1768,demo,D10,arterial,Mburucuyá,0.62517,0.01179,3.38161,0.81675,0.3847,4,-25.27587,-57.58002,media
demo_1769,demo,D00,arterial,Mburucuyá,0.44654,0.01063,0.46289,0.79327,0.60127,4,-25.28152,-57.58039,media
demo_1770,demo,D00,colectora,Recoleta,0.2801,0.00741,0.35098,0.79287,0.59681,4,-25.29259,-57.60737,baja
demo_1771,demo,D10,local,Trinidad,0.14584,0.0176,2.64707,0.80655,0.37646,4,-25.25609,-57.596,baja
demo_1772,demo,D00,colectora,Las Mercedes,0.40816,0.01187,0.19928,0.23728,0.36602,1,-25.29016,-57.62272,baja
demo_1773,demo,D00,arterial,Barrio Obrero,0.13949,0.0154,0.60603,0.82897,0.20619,1,-25.31292,-57.62412,media
demo_1774,demo,D00,arterial,Sajonia,0.74623,0.06079,0.45599,0.81678,0.25771,1,-25.29076,-57.65254,media
demo_1775,demo,D00,colectora,Las Mercedes,0.38005,0.01646,0.26627,0.74765,0.38962,1,-25.28662,-57.62646,baja
demo_1776,demo,D40,colectora,Trinidad,0.56721,0.00277,1.15368,0.79422,0.75159,4,-25.25699,-57.59215,media
demo_1777,demo,D40,arterial,Sajonia,0.35172,0.00474,1.7972,0.83801,0.79429,4,-25.29717,-57.64838,alta
demo_1778,demo,D40,local,Sajonia,0.1804,0.00404,1.077,0.7918,0.75105,4,-25.29283,-57.64598,media
demo_1779,demo,D20,colectora,Sajonia,0.10174,0.16677,3.85681,0.78873,0.53448,4,-25.29548,-57.64889,alta
demo_1780,demo,D20,local,Recoleta,0.55326,0.19798,3.61696,0.77236,0.42311,2,-25.29434,-57.61474,alta
demo_1781,demo,D20,arterial,Sajonia,0.17671,0.19782,2.04685,0.82147,0.31916,2,-25.29037,-57.64185,alta
demo_1782,demo,D20,arterial,Las Mercedes,0.1611,0.01812,1.78652,0.8868,0.90445,1,-25.28758,-57.62198,baja
demo_1783,demo,D20,colectora,Trinidad,0.51469,0.11347,0.8396,0.66634,0.20137,2,-25.25753,-57.59452,alta
demo_1784,demo,D00,colectora,San Vicente,0.25463,0.03114,0.87742,0.62063,0.91631,2,-25.31065,-57.6051,media
demo_1785,demo,D00,colectora,Centro,0.27457,0.00519,1.06002,0.77551,0.52601,1,-25.28417,-57.63813,baja
demo_1786,demo,D20,arterial,Barrio Obrero,0.67541,0.34979,2.80314,0.62771,0.50489,1,-25.31726,-57.62452,alta
demo_1787,demo,D10,colectora,Barrio Obrero,0.17818,0.00655,5.19781,0.76506,0.74374,1,-25.32107,-57.62922,baja
demo_1788,demo,D00,local,Centro,0.23295,0.06125,0.45614,0.80932,0.43578,1,-25.28062,-57.63499,media
demo_1789,demo,D00,colectora,Centro,0.67601,0.01134,0.28209,0.77499,0.41566,3,-25.28429,-57.63414,baja
demo_1790,demo,D00,local,Trinidad,0.59323,0.01298,1.14026,0.72969,0.71119,3,-25.25715,-57.59994,baja
demo_1791,demo,D00,colectora,Centro,0.32794,0.0201,0.58652,0.87247,0.15576,3,-25.28157,-57.63518,baja
demo_1792,demo,D10,local,Villa Morra,0.41487,0.00857,4.11958,0.70357,0.36948,4,-25.29993,-57.57577,baja
demo_1793,demo,D20,colectora,Las Mercedes,0.33148,0.12519,0.94447,0.81486,0.6019,4,-25.28924,-57.62235,alta
demo_1794,demo,D20,arterial,Las Mercedes,0.26439,0.05935,1.0255,0.74487,0.56093,4,-25.292,-57.62321,alta
demo_1795,demo,D10,colectora,Villa Morra,0.16904,0.01065,4.26611,0.69617,0.38235,4,-25.29269,-57.57794,baja
demo_1796,demo,D00,local,Las Mercedes,0.45059,0.01136,0.35908,0.90753,0.536,3,-25.29716,-57.62252,baja
demo_1797,demo,D00,local,Trinidad,0.1951,0.04111,0.35045,0.82422,0.50967,3,-25.25854,-57.60131,media
demo_1798,demo,D00,colectora,Trinidad,0.16848,0.00763,0.28893,0.91411,0.54326,3,-25.26123,-57.59358,baja
demo_1799,demo,D00,arterial,Carmelitas,0.46683,0.00218,0.24347,0.95046,0.41725,17,-25.28486,-57.57238,media
demo_1800,demo,D00,colectora,Barrio Obrero,0.43304,0.00057,0.34307,0.97736,0.46862,17,-25.30994,-57.62098,baja
demo_1801,demo,D00,arterial,San Vicente,0.30722,0.01643,0.21962,0.85645,0.47771,17,-25.31515,-57.60145,media
demo_1802,demo,D00,arterial,Trinidad,0.25282,0.00695,0.45201,0.66604,0.43638,17,-25.2639,-57.59843,media
demo_1803,demo,D00,local,Las Mercedes,0.24848,0.00508,0.36912,0.67298,0.44269,17,-25.2932,-57.6234,baja
demo_1804,demo,D00,arterial,Recoleta,0.21377,0.02312,0.21385,0.82419,0.47169,17,-25.29206,-57.60641,media
demo_1805,demo,D00,local,Trinidad,0.16807,0.00055,0.37536,0.60144,0.41211,17,-25.25796,-57.59699,baja
demo_1806,demo,D00,local,Centro,0.15759,0.00044,0.39117,0.55942,0.38649,17,-25.27852,-57.63541,baja
demo_1807,demo,D00,arterial,Villa Morra,0.14896,0.0338,0.23438,0.79828,0.46331,17,-25.29614,-57.57612,media
demo_1808,demo,D00,colectora,San Vicente,0.13932,0.00041,0.3097,0.58429,0.33859,17,-25.31064,-57.60477,baja
demo_1809,demo,D00,colectora,Centro,0.13587,0.00072,0.33388,0.5917,0.41416,17,-25.28655,-57.63983,baja
demo_1810,demo,D00,local,Trinidad,0.12397,0.0007,0.47966,0.97708,0.46535,17,-25.26283,-57.59598,baja
demo_1811,demo,D00,colectora,San Vicente,0.12035,0.00037,0.4352,0.55809,0.38797,17,-25.31099,-57.6067,baja
demo_1812,demo,D00,arterial,Centro,0.12022,0.00933,0.22776,0.82542,0.47184,17,-25.28058,-57.63193,media
demo_1813,demo,D00,arterial,Carmelitas,0.11475,0.00102,0.30827,0.60253,0.41338,17,-25.28624,-57.57079,media
demo_1814,demo,D00,local,Centro,0.10346,0.00037,0.35799,0.59191,0.33851,17,-25.28635,-57.6387,baja
demo_1815,demo,D00,local,Las Mercedes,0.10326,0.00032,0.55965,0.57218,0.38423,17,-25.29693,-57.62011,baja
demo_1816,demo,D00,local,Las Mercedes,0.53633,0.01565,0.85619,0.80041,0.67553,8,-25.29437,-57.62458,baja
demo_1817,demo,D00,arterial,Trinidad,0.16705,0.01055,0.49389,0.77813,0.38365,8,-25.2595,-57.59692,media
demo_1818,demo,D40,local,Sajonia,0.16631,0.00242,1.33648,0.70593,0.36997,8,-25.29214,-57.64773,media
demo_1819,demo,D00,arterial,San Vicente,0.13351,0.01828,0.76197,0.77244,0.36649,8,-25.31421,-57.60006,media
demo_1820,demo,D00,local,Barrio Obrero,0.13271,0.00721,0.40302,0.78216,0.38204,8,-25.32012,-57.62671,baja
demo_1821,demo,D00,local,San Vicente,0.12454,0.018,0.64797,0.76608,0.38439,8,-25.31559,-57.60531,baja
demo_1822,demo,D40,arterial,Barrio Obrero,0.11239,0.00551,1.36325,0.78987,0.34388,8,-25.32109,-57.62223,alta
demo_1823,demo,D00,arterial,Trinidad,0.10668,0.01099,0.74645,0.79188,0.36205,8,-25.26094,-57.59404,media
demo_1824,demo,D40,colectora,Mburucuyá,0.48863,0.00099,1.52166,0.57619,0.611,1,-25.2803,-57.58385,media
demo_1825,demo,D10,arterial,Villa Morra,0.49829,0.03348,2.83721,0.80662,0.1541,3,-25.2905,-57.57989,media
demo_1826,demo,D10,colectora,Las Mercedes,0.44982,0.09882,9.90383,0.64209,0.50404,3,-25.28885,-57.62347,media
demo_1827,demo,D00,colectora,Carmelitas,0.12059,0.00192,0.46568,0.03259,0.71992,3,-25.28193,-57.57739,baja
demo_1828,demo,D20,colectora,Las Mercedes,0.72068,0.22971,3.55491,0.87265,0.45666,2,-25.29477,-57.62321,alta
demo_1829,demo,D20,local,San Vicente,0.1848,0.07934,1.4962,0.88443,0.17233,2,-25.31275,-57.60517,media
demo_1830,demo,D00,colectora,Villa Morra,0.70327,0.01656,0.25074,0.79873,0.80047,8,-25.29204,-57.57945,baja
demo_1831,demo,D00,colectora,Recoleta,0.47991,0.04101,0.44904,0.79618,0.93215,8,-25.29106,-57.61122,media
demo_1832,demo,D00,arterial,Mburucuyá,0.4414,0.00106,0.37186,0.60062,0.78368,8,-25.2765,-57.57814,media
demo_1833,demo,D00,colectora,Sajonia,0.27418,0.02194,0.94451,0.62497,0.66777,8,-25.29684,-57.64658,media
demo_1834,demo,D00,colectora,Las Mercedes,0.19084,0.02849,0.66183,0.74083,0.93053,8,-25.29129,-57.61809,media
demo_1835,demo,D00,colectora,Mburucuyá,0.17814,0.05497,0.96524,0.67718,0.61407,8,-25.27912,-57.57814,media
demo_1836,demo,D00,arterial,San Vicente,0.1208,0.03942,1.03781,0.69582,0.59666,8,-25.31184,-57.60238,media
demo_1837,demo,D00,arterial,San Vicente,0.10441,0.01576,1.01465,0.61049,0.67927,8,-25.31112,-57.6045,media
demo_1838,demo,D20,colectora,Trinidad,0.80511,0.34459,2.77622,0.82384,0.48905,1,-25.26272,-57.59834,alta
demo_1839,demo,D20,colectora,Mburucuyá,0.80616,0.20651,2.39042,0.81316,0.6487,1,-25.27878,-57.58488,alta
demo_1840,demo,D40,arterial,Sajonia,0.39034,0.00643,0.95833,0.76645,0.45125,5,-25.29507,-57.6484,alta
demo_1841,demo,D00,local,Villa Morra,0.23552,0.01608,0.58732,0.88718,0.37956,5,-25.29482,-57.57524,baja
demo_1842,demo,D00,colectora,Villa Morra,0.18021,0.00822,0.89135,0.77207,0.44511,5,-25.29479,-57.57847,baja
demo_1843,demo,D00,local,Trinidad,0.17562,0.00893,0.67788,0.6877,0.5038,5,-25.25299,-57.59036,baja
demo_1844,demo,D40,arterial,Trinidad,0.15256,0.00437,0.90228,0.76796,0.45782,5,-25.25751,-57.591,alta
demo_1845,demo,D20,colectora,San Vicente,0.71148,0.15922,1.03481,0.80195,0.79475,2,-25.31055,-57.60689,alta
demo_1846,demo,D20,colectora,Recoleta,0.2062,0.06298,1.3332,0.79371,0.20568,2,-25.28662,-57.60516,media
demo_1847,demo,D20,arterial,Mburucuyá,0.10404,0.23284,3.25753,0.76378,0.4456,1,-25.27641,-57.57686,alta
demo_1848,demo,D20,local,Villa Morra,0.20014,0.20974,3.826,0.71782,0.52277,1,-25.29045,-57.57617,alta
demo_1849,demo,D00,colectora,Mburucuyá,0.84222,0.08136,0.97816,0.8137,0.85895,13,-25.28269,-57.57831,media
demo_1850,demo,D10,local,Centro,0.44582,0.0137,1.37251,0.91502,0.11677,13,-25.28329,-57.6322,baja
demo_1851,demo,D20,colectora,Recoleta,0.35067,0.25197,1.84873,0.75319,0.3476,13,-25.29223,-57.60494,alta
demo_1852,demo,D00,local,Barrio Obrero,0.29686,0.00938,0.29277,0.65026,0.49649,13,-25.31314,-57.62345,baja
demo_1853,demo,D10,local,Las Mercedes,0.27827,0.00695,2.01165,0.82124,0.55801,13,-25.28845,-57.62241,baja
demo_1854,demo,D20,arterial,Recoleta,0.2562,0.16841,2.35155,0.71082,0.3827,13,-25.28996,-57.60824,alta
demo_1855,demo,D10,colectora,Villa Morra,0.21437,0.00316,2.02053,0.82061,0.96005,13,-25.29148,-57.5746,baja
demo_1856,demo,D10,colectora,Las Mercedes,0.18752,0.00266,3.12317,0.81329,0.04573,13,-25.28989,-57.62165,baja
demo_1857,demo,D10,local,San Vicente,0.15698,0.00416,1.5549,0.81282,0.95976,13,-25.31046,-57.60472,baja
demo_1858,demo,D10,local,San Vicente,0.12851,0.008,8.51514,0.68885,0.13052,13,-25.31574,-57.60899,baja
demo_1859,demo,D10,arterial,Las Mercedes,0.12712,0.0046,6.88368,0.69051,0.08927,13,-25.29084,-57.62779,baja
demo_1860,demo,D10,local,Las Mercedes,0.10776,0.03745,5.24547,0.717,0.4094,13,-25.295,-57.62131,media
demo_1861,demo,D00,colectora,Carmelitas,0.10268,0.03238,0.41498,0.72955,0.62119,13,-25.28704,-57.57293,media
demo_1862,demo,D00,local,Trinidad,0.42555,0.00902,0.25776,0.90119,0.50797,10,-25.25658,-57.59213,baja
demo_1863,demo,D00,local,San Vicente,0.31474,0.0128,0.63742,0.92366,0.18901,10,-25.31453,-57.60668,baja
demo_1864,demo,D00,arterial,Mburucuyá,0.23331,0.00585,0.30184,0.74226,0.45346,10,-25.27796,-57.57737,media
demo_1865,demo,D10,local,Las Mercedes,0.22824,0.01711,10.10831,0.83773,0.20886,10,-25.294,-57.62018,baja
demo_1866,demo,D00,colectora,Sajonia,0.18503,0.00692,0.59617,0.76593,0.26576,10,-25.29406,-57.64674,baja
demo_1867,demo,D00,local,San Vicente,0.17082,0.01068,0.52395,0.75173,0.27278,10,-25.31285,-57.60329,baja
demo_1868,demo,D10,colectora,Villa Morra,0.16594,0.01982,8.03404,0.85371,0.19951,10,-25.29255,-57.57913,baja
demo_1869,demo,D20,local,San Vicente,0.15445,0.0061,0.31486,0.74111,0.45406,10,-25.31271,-57.60802,media
demo_1870,demo,D00,local,Recoleta,0.13445,0.03336,0.30124,0.82671,0.48113,10,-25.29274,-57.61307,media
demo_1871,demo,D00,local,Barrio Obrero,0.12367,0.00842,0.31371,0.72564,0.45042,10,-25.31476,-57.62288,baja
demo_1872,demo,D00,arterial,Mburucuyá,0.19859,0.12211,1.23368,0.81831,0.20126,5,-25.28049,-57.57473,alta
demo_1873,demo,D00,local,Barrio Obrero,0.16616,0.00131,0.78556,0.73385,0.44676,5,-25.32103,-57.62105,baja
demo_1874,demo,D00,colectora,Barrio Obrero,0.1619,0.00349,0.21472,0.67934,0.38651,5,-25.31771,-57.6221,baja
demo_1875,demo,D00,local,Las Mercedes,0.13056,0.00258,0.58628,0.75715,0.44442,5,-25.29576,-57.62583,baja
demo_1876,demo,D00,colectora,Sajonia,0.12199,0.03295,1.05831,0.90961,0.0952,5,-25.2924,-57.65885,media
demo_1877,demo,D10,colectora,San Vicente,0.73401,0.13993,6.41125,0.64911,0.52642,1,-25.31081,-57.61103,media
demo_1878,demo,D00,local,Trinidad,0.47627,0.00659,0.2769,0.91896,0.22321,1,-25.25712,-57.5929,baja
demo_1879,demo,D00,colectora,Recoleta,0.71634,0.01444,0.14173,0.8404,0.37381,1,-25.2902,-57.61135,baja
demo_1880,demo,D00,arterial,Barrio Obrero,0.12354,0.01585,1.14063,0.94095,0.85727,2,-25.31276,-57.62118,media
demo_1881,demo,D00,colectora,Centro,0.11917,0.01221,0.79637,0.93809,0.83573,2,-25.28256,-57.63512,baja
demo_1882,demo,D00,local,Villa Morra,0.39903,0.0113,0.24158,0.7493,0.44489,1,-25.29188,-57.57172,baja
demo_1883,demo,D20,colectora,Centro,0.54869,0.07423,2.11332,0.7326,0.4473,1,-25.28221,-57.63628,media
demo_1884,demo,D00,local,Recoleta,0.30961,0.02025,0.36593,0.77186,0.38008,2,-25.29232,-57.61153,media
demo_1885,demo,D10,colectora,Las Mercedes,0.25165,0.01207,4.30823,0.74895,0.52274,2,-25.29909,-57.62024,baja
demo_1886,demo,D00,arterial,Barrio Obrero,0.66643,0.04847,1.02392,0.72008,0.3086,10,-25.31562,-57.62101,media
demo_1887,demo,D00,local,Mburucuyá,0.63329,0.0092,0.28836,0.69964,0.48535,10,-25.27868,-57.57837,baja
demo_1888,demo,D00,local,Las Mercedes,0.50691,0.03324,0.64591,0.82641,0.64343,10,-25.29332,-57.62119,media
demo_1889,demo,D00,colectora,Trinidad,0.48235,0.00914,0.53303,0.80508,0.37159,10,-25.2597,-57.5963,baja
demo_1890,demo,D00,local,Las Mercedes,0.26327,0.06302,1.43547,0.72559,0.15056,10,-25.29242,-57.61587,media
demo_1891,demo,D10,local,Mburucuyá,0.21234,0.01393,2.75583,0.96429,0.09984,10,-25.28432,-57.57904,baja
demo_1892,demo,D00,arterial,Trinidad,0.18664,0.03398,1.44184,0.74756,0.11123,10,-25.25746,-57.59722,media
demo_1893,demo,D10,local,Mburucuyá,0.18517,0.00931,3.50798,0.97406,0.10373,10,-25.27875,-57.58125,baja
demo_1894,demo,D00,local,Recoleta,0.17867,0.05375,1.16972,0.76188,0.12568,10,-25.28427,-57.60412,baja
demo_1895,demo,D00,arterial,Villa Morra,0.15686,0.05194,0.64925,0.85545,0.6623,10,-25.29665,-57.57034,media
demo_1896,demo,D40,colectora,Las Mercedes,0.15028,0.03013,3.04066,0.58934,0.48899,1,-25.29655,-57.62204,alta
demo_1897,demo,D20,colectora,Mburucuyá,0.79693,0.51637,1.90719,0.73983,0.49817,2,-25.2718,-57.57858,alta
demo_1898,demo,D20,local,San Vicente,0.72682,0.27111,1.33415,0.27185,0.44695,2,-25.30496,-57.60822,alta
demo_1899,demo,D00,colectora,Sajonia,0.12454,0.08236,0.2436,0.37944,0.92745,1,-25.29337,-57.64489,media
demo_1900,demo,D10,local,Sajonia,0.2098,0.02666,3.77311,0.5072,0.84072,4,-25.29486,-57.64469,media
demo_1901,demo,D10,colectora,Las Mercedes,0.17103,0.04355,2.3746,0.52072,0.83922,4,-25.29792,-57.61502,media
demo_1902,demo,D10,arterial,Barrio Obrero,0.14102,0.04234,2.46586,0.48401,0.83845,4,-25.3171,-57.62727,media
demo_1903,demo,D10,local,Villa Morra,0.10308,0.0591,1.71752,0.55615,0.8407,4,-25.29318,-57.57986,media
demo_1904,demo,D20,colectora,Sajonia,0.5225,0.07193,1.04833,0.65224,0.36121,2,-25.29229,-57.64349,media
demo_1905,demo,D20,colectora,Recoleta,0.1016,0.0785,1.18829,0.66926,0.32022,2,-25.28653,-57.6067,media
demo_1906,demo,D40,colectora,Sajonia,0.45299,0.00329,1.51607,0.74844,0.53773,17,-25.2935,-57.64506,media
demo_1907,demo,D40,local,Sajonia,0.42336,0.00156,1.53027,0.6436,0.46025,17,-25.29029,-57.64847,media
demo_1908,demo,D40,local,Villa Morra,0.38759,0.00481,1.41874,0.88939,0.30103,17,-25.29568,-57.58331,media
demo_1909,demo,D40,colectora,Trinidad,0.34927,0.01024,2.39665,0.84268,0.50592,17,-25.25441,-57.59146,media
demo_1910,demo,D40,colectora,Mburucuyá,0.34026,0.01237,2.08981,0.87345,0.3436,17,-25.28305,-57.57901,media
demo_1911,demo,D20,arterial,Las Mercedes,0.33943,0.23686,2.8146,0.80623,0.4103,17,-25.29092,-57.6257,alta
demo_1912,demo,D00,local,Recoleta,0.3309,0.03983,1.22091,0.7954,0.71946,17,-25.29341,-57.61006,media
demo_1913,demo,D40,colectora,Trinidad,0.29541,0.00241,1.61384,0.84438,0.46575,17,-25.25774,-57.59506,media
demo_1914,demo,D40,local,Barrio Obrero,0.20995,0.00595,1.07344,0.73736,0.53824,17,-25.31381,-57.62068,media
demo_1915,demo,D40,local,Centro,0.1758,0.00223,1.56182,0.64193,0.46437,17,-25.2822,-57.63502,baja
demo_1916,demo,D40,local,Carmelitas,0.16635,0.03339,1.47748,0.92279,0.11237,17,-25.29106,-57.57446,alta
demo_1917,demo,D40,local,Centro,0.15956,0.0011,1.58695,0.60669,0.50813,17,-25.27923,-57.63167,baja
demo_1918,demo,D40,colectora,Recoleta,0.15189,0.00146,2.2026,0.6716,0.48005,17,-25.28931,-57.61334,media
demo_1919,demo,D00,local,Trinidad,0.13533,0.00879,0.48847,0.80636,0.60393,17,-25.25708,-57.60057,baja
demo_1920,demo,D40,arterial,Centro,0.13071,0.00215,1.86532,0.67322,0.47879,17,-25.28399,-57.63301,alta
demo_1921,demo,D00,local,Mburucuyá,0.12151,0.02404,1.01373,0.81065,0.74757,17,-25.28317,-57.57711,media
demo_1922,demo,D40,colectora,Mburucuyá,0.10108,0.01476,1.92545,0.90953,0.11397,17,-25.28087,-57.58015,media
demo_1923,demo,D00,arterial,Trinidad,0.76659,0.01577,0.88808,0.8389,0.53846,8,-25.26372,-57.59368,media
demo_1924,demo,D00,colectora,Villa Morra,0.53724,0.06104,1.86992,0.8961,0.82386,8,-25.29712,-57.57622,media
demo_1925,demo,D00,local,Barrio Obrero,0.42221,0.02342,0.52381,0.89427,0.25093,8,-25.31319,-57.62928,media
demo_1926,demo,D00,local,San Vicente,0.379,0.00876,0.56549,0.93777,0.4572,8,-25.32173,-57.60845,baja
demo_1927,demo,D00,colectora,Mburucuyá,0.25471,0.0152,0.97526,0.9373,0.48224,8,-25.27831,-57.57491,baja
demo_1928,demo,D00,arterial,Las Mercedes,0.22113,0.00267,0.40898,0.76045,0.39578,8,-25.29649,-57.62322,media
demo_1929,demo,D00,colectora,Sajonia,0.16653,0.03386,0.70342,0.89031,0.23231,8,-25.29194,-57.64861,media
demo_1930,demo,D00,local,Centro,0.14724,0.02197,1.39953,0.93735,0.50652,8,-25.28417,-57.63653,media
demo_1931,demo,D00,arterial,Carmelitas,0.73934,0.0833,0.67051,0.82377,0.60929,5,-25.28433,-57.56595,alta
demo_1932,demo,D00,colectora,Sajonia,0.56607,0.02151,0.20361,0.83746,0.39743,5,-25.298,-57.64854,media
demo_1933,demo,D10,arterial,Centro,0.38265,0.01928,6.60921,0.85715,0.19334,5,-25.28358,-57.64009,media
demo_1934,demo,D10,arterial,Villa Morra,0.26874,0.00361,3.73728,0.81471,0.6828,5,-25.29062,-57.57338,media
demo_1935,demo,D00,local,Carmelitas,0.10045,0.00773,0.22454,0.77199,0.38933,5,-25.28421,-57.57283,baja
demo_1936,demo,D00,arterial,San Vicente,0.38306,0.01897,0.49667,0.90227,0.30298,3,-25.31482,-57.60127,media
demo_1937,demo,D10,arterial,Mburucuyá,0.16549,0.05191,9.12466,0.7846,0.65589,3,-25.27744,-57.57442,media
demo_1938,demo,D00,local,Las Mercedes,0.12838,0.02792,0.7088,0.90076,0.28201,3,-25.29569,-57.62162,media
demo_1939,demo,D40,local,Barrio Obrero,0.65674,0.15838,0.20036,0.55408,0.08907,2,-25.31245,-57.62677,alta
demo_1940,demo,D00,colectora,Las Mercedes,0.16969,0.18272,0.19054,0.50703,0.09329,2,-25.29394,-57.61989,media
demo_1941,demo,D00,arterial,Villa Morra,0.6272,0.01123,0.31289,0.77007,0.34265,1,-25.29296,-57.57998,media
demo_1942,demo,D20,arterial,Mburucuyá,0.41106,0.36755,2.43194,0.80556,0.50939,3,-25.28248,-57.57899,alta
demo_1943,demo,D20,local,Barrio Obrero,0.34467,0.12478,0.8869,0.81246,0.24169,3,-25.31321,-57.62479,alta
demo_1944,demo,D20,arterial,Las Mercedes,0.22003,0.11475,1.1006,0.83747,0.72586,3,-25.28928,-57.62352,alta
demo_1945,demo,D20,colectora,Barrio Obrero,0.61877,0.19858,3.41779,0.82344,0.57734,4,-25.31549,-57.62343,alta
demo_1946,demo,D00,arterial,Centro,0.39813,0.01532,0.29056,0.79479,0.54152,4,-25.28319,-57.63236,media
demo_1947,demo,D00,colectora,Carmelitas,0.11753,0.02283,0.33683,0.78204,0.53208,4,-25.29196,-57.57905,media
demo_1948,demo,D00,colectora,Sajonia,0.10834,0.01068,0.80363,0.91925,0.95368,4,-25.28807,-57.64988,baja
demo_1949,demo,D40,arterial,Sajonia,0.6582,0.00435,1.19325,0.96756,0.62395,8,-25.29506,-57.64401,alta
demo_1950,demo,D20,arterial,Mburucuyá,0.36238,0.07204,1.15759,0.87334,0.55073,8,-25.28022,-57.57726,alta
demo_1951,demo,D20,arterial,Las Mercedes,0.35439,0.02215,1.71484,0.69465,0.09971,8,-25.28486,-57.62809,alta
demo_1952,demo,D00,colectora,Villa Morra,0.19346,0.00785,0.25456,0.91088,0.02252,8,-25.29334,-57.57813,baja
demo_1953,demo,D20,local,Trinidad,0.15692,0.17431,2.80175,0.87351,0.35058,8,-25.26337,-57.59151,alta
demo_1954,demo,D10,colectora,Barrio Obrero,0.14408,0.0198,10.06397,0.82201,0.23124,8,-25.31631,-57.62262,baja
demo_1955,demo,D20,local,Sajonia,0.12607,0.11613,1.85766,0.87383,0.46668,8,-25.29151,-57.64142,alta
demo_1956,demo,D10,arterial,Centro,0.10414,0.01283,5.84827,0.91754,0.28365,8,-25.28496,-57.63664,media
demo_1957,demo,D40,arterial,San Vicente,0.20603,0.00337,1.77793,0.85979,0.38269,3,-25.31377,-57.61053,alta
demo_1958,demo,D40,colectora,Recoleta,0.13063,0.00329,1.44527,0.94456,0.2299,3,-25.29611,-57.60565,media
demo_1959,demo,D40,arterial,Barrio Obrero,0.10012,0.00486,2.07212,0.8587,0.38455,3,-25.32193,-57.62303,alta
demo_1960,demo,D40,arterial,Las Mercedes,0.16212,0.00216,1.24449,0.7784,0.29026,2,-25.29386,-57.62031,alta
demo_1961,demo,D00,local,Sajonia,0.15455,0.0132,0.64967,0.7711,0.55755,2,-25.2992,-57.65053,baja
demo_1962,demo,D10,local,San Vicente,0.32517,0.01642,12.05807,0.74595,0.27807,2,-25.30514,-57.60949,baja
demo_1963,demo,D00,arterial,Carmelitas,0.10923,0.02298,0.37443,0.86806,0.53561,2,-25.28917,-57.56868,media
demo_1964,demo,D00,colectora,San Vicente,0.75522,0.11079,0.79506,0.81165,0.25163,5,-25.31322,-57.60649,media
demo_1965,demo,D10,colectora,Las Mercedes,0.57556,0.00525,5.28626,0.84144,0.32857,5,-25.2923,-57.6286,baja
demo_1966,demo,D00,arterial,Barrio Obrero,0.3377,0.03482,0.97649,0.76062,0.09233,5,-25.31516,-57.62055,media
demo_1967,demo,D00,arterial,Trinidad,0.1916,0.00124,0.45605,0.59296,0.48532,5,-25.26158,-57.59557,media
demo_1968,demo,D00,local,Las Mercedes,0.11032,0.05519,0.79816,0.86717,0.20809,5,-25.29219,-57.62114,media
demo_1969,demo,D40,local,Barrio Obrero,0.48565,0.02691,2.53647,0.6651,0.38819,8,-25.3137,-57.6262,alta
demo_1970,demo,D40,local,Mburucuyá,0.43555,0.00628,2.36898,0.62017,0.56396,8,-25.28338,-57.58219,media
demo_1971,demo,D40,colectora,Sajonia,0.22616,0.01479,2.10442,0.65551,0.42576,8,-25.28936,-57.65023,media
demo_1972,demo,D40,arterial,Las Mercedes,0.13712,0.00666,2.30636,0.60584,0.07145,8,-25.29337,-57.62202,alta
demo_1973,demo,D40,colectora,Recoleta,0.12536,0.00422,2.05843,0.62282,0.5763,8,-25.29562,-57.6055,media
demo_1974,demo,D40,colectora,San Vicente,0.12362,0.02326,0.73202,0.6611,0.67105,8,-25.31555,-57.60783,alta
demo_1975,demo,D40,colectora,Las Mercedes,0.12124,0.02486,2.98797,0.53299,0.45172,8,-25.29688,-57.62718,alta
demo_1976,demo,D40,local,Las Mercedes,0.10748,0.03737,1.19353,0.68323,0.8943,8,-25.28859,-57.62282,alta
demo_1977,demo,D00,local,Centro,0.35505,0.00343,0.66622,0.9207,0.56771,1,-25.27911,-57.63935,baja
demo_1978,demo,D00,arterial,Trinidad,0.13648,0.02393,0.92409,0.83931,0.79965,2,-25.25733,-57.5924,media
demo_1979,demo,D20,local,Mburucuyá,0.10285,0.04734,0.90123,0.80415,0.8115,2,-25.28226,-57.58068,media
demo_1980,demo,D20,arterial,Trinidad,0.74181,0.27146,3.56641,0.83377,0.49711,1,-25.25209,-57.59355,alta
demo_1981,demo,D00,colectora,Centro,0.16929,0.01641,0.62961,0.61936,0.85638,1,-25.28625,-57.63971,baja
demo_1982,demo,D20,colectora,Trinidad,0.82438,0.39385,2.39952,0.79725,0.49597,2,-25.26128,-57.59691,alta
demo_1983,demo,D10,colectora,Trinidad,0.16877,0.01527,4.66395,0.8147,0.86655,2,-25.25715,-57.59035,baja
demo_1984,demo,D00,arterial,Barrio Obrero,0.58855,0.1897,0.19112,0.49827,0.09521,2,-25.31139,-57.6226,alta
demo_1985,demo,D00,colectora,Centro,0.21442,0.12269,0.12767,0.49248,0.11711,2,-25.28977,-57.63437,media
demo_1986,demo,D00,colectora,Recoleta,0.31722,0.01908,0.58601,0.69199,0.50793,4,-25.29063,-57.60573,baja
demo_1987,demo,D00,arterial,Las Mercedes,0.15405,0.00622,0.36552,0.72069,0.48427,4,-25.29542,-57.62391,baja
demo_1988,demo,D00,colectora,Carmelitas,0.14329,0.01208,0.47083,0.70281,0.49445,4,-25.28876,-57.56953,baja
demo_1989,demo,D10,colectora,Trinidad,0.12847,0.00544,3.75049,0.7436,0.92855,4,-25.25782,-57.6022,baja
demo_1990,demo,D00,local,Sajonia,0.41306,0.06978,0.96309,0.82634,0.83561,4,-25.29545,-57.65001,media
demo_1991,demo,D20,local,Trinidad,0.30262,0.03218,0.43155,0.85922,0.39742,4,-25.25857,-57.58745,media
demo_1992,demo,D00,colectora,Recoleta,0.2738,0.03034,0.41872,0.86199,0.39638,4,-25.29877,-57.60408,media
demo_1993,demo,D00,local,Villa Morra,0.21059,0.01067,0.18065,0.87847,0.54272,4,-25.2927,-57.57793,baja
demo_1994,demo,D20,local,Carmelitas,0.7558,0.20286,1.45537,0.81333,0.72805,1,-25.28145,-57.57446,alta
demo_1995,demo,D20,local,San Vicente,0.74857,0.25063,3.6987,0.8116,0.48348,1,-25.31599,-57.60197,alta
demo_1996,demo,D20,local,Centro,0.67855,0.10063,0.96906,0.83888,0.45923,5,-25.28601,-57.63734,alta
demo_1997,demo,D10,arterial,San Vicente,0.42141,0.00486,3.65233,0.76195,0.61177,5,-25.30993,-57.60687,media
demo_1998,demo,D10,arterial,Las Mercedes,0.36317,0.00615,4.10035,0.96318,0.91993,5,-25.28902,-57.62049,media
demo_1999,demo,D10,local,San Vicente,0.23676,0.01099,10.28024,0.67549,0.83191,5,-25.31022,-57.60599,baja
demo_2000,demo,D10,arterial,Sajonia,0.14482,0.00847,2.8659,0.95411,0.92163,5,-25.29002,-57.64448,media
demo_2001,demo,D20,local,Carmelitas,0.29886,0.17225,0.86132,0.77597,0.77897,1,-25.29239,-57.57348,alta
demo_2002,demo,D10,local,Barrio Obrero,0.24222,0.00592,3.31501,0.70322,0.73099,2,-25.31929,-57.62863,baja
demo_2003,demo,D10,local,Sajonia,0.21907,0.00918,3.00343,0.69931,0.74736,2,-25.29294,-57.65018,baja
demo_2004,demo,D40,arterial,Mburucuyá,0.62738,0.01064,1.7426,0.70031,0.53647,2,-25.27891,-57.58936,alta
demo_2005,demo,D40,colectora,Trinidad,0.11249,0.00699,1.48897,0.70769,0.52043,2,-25.25975,-57.60189,baja
demo_2006,demo,D20,local,Recoleta,0.81081,0.2234,3.53011,0.80311,0.55431,2,-25.29494,-57.60918,alta
demo_2007,demo,D00,colectora,Las Mercedes,0.55951,0.02888,0.43893,0.79117,0.45402,2,-25.29352,-57.62396,media
demo_2008,demo,D00,arterial,Sajonia,0.18341,0.00909,0.91901,0.70461,0.69342,5,-25.29835,-57.64793,media
demo_2009,demo,D00,local,Recoleta,0.18193,0.0118,0.87092,0.69143,0.68491,5,-25.29432,-57.60238,baja
demo_2010,demo,D10,colectora,San Vicente,0.16201,0.02298,6.86385,0.76358,0.79939,5,-25.31779,-57.60954,media
demo_2011,demo,D00,colectora,Carmelitas,0.14316,0.00444,0.27143,0.7903,0.58838,5,-25.28981,-57.57407,baja
demo_2012,demo,D00,arterial,Carmelitas,0.117,0.0146,0.90637,0.68132,0.67319,5,-25.28502,-57.56977,media
demo_2013,demo,D00,local,Centro,0.12259,0.00758,0.62045,0.73226,0.37177,1,-25.28015,-57.63042,baja
demo_2014,demo,D00,arterial,Sajonia,0.4463,0.1002,0.86892,0.79208,0.16744,3,-25.29605,-57.64573,alta
demo_2015,demo,D10,colectora,Centro,0.3674,0.02692,8.00269,0.72785,0.55225,3,-25.28418,-57.638,media
demo_2016,demo,D00,arterial,Centro,0.16745,0.08386,0.74977,0.83272,0.72035,3,-25.27776,-57.63754,alta
demo_2017,demo,D00,local,Sajonia,0.66117,0.02535,0.71448,0.83762,0.1587,2,-25.29908,-57.65106,media
demo_2018,demo,D10,colectora,Barrio Obrero,0.22046,0.00573,5.42269,0.80455,0.26815,2,-25.31926,-57.63196,baja
demo_2019,demo,D00,colectora,San Vicente,0.62119,0.00369,0.32864,0.66535,0.31306,9,-25.31194,-57.60758,baja
demo_2020,demo,D00,local,Centro,0.22161,0.0003,0.24224,0.5991,0.34713,9,-25.28397,-57.63516,baja
demo_2021,demo,D00,arterial,Recoleta,0.21214,0.00095,0.22356,0.57995,0.30558,9,-25.29087,-57.61282,media
demo_2022,demo,D00,local,Las Mercedes,0.16164,0.00063,0.14905,0.56971,0.30832,9,-25.29419,-57.62364,baja
demo_2023,demo,D00,local,Las Mercedes,0.15012,0.0009,0.52214,0.56558,0.33504,9,-25.28876,-57.61926,baja
demo_2024,demo,D00,local,Barrio Obrero,0.14198,0.00053,0.65003,0.56174,0.3312,9,-25.31565,-57.62143,baja
demo_2025,demo,D00,colectora,Carmelitas,0.13781,0.00039,0.19661,0.55657,0.30973,9,-25.28159,-57.57223,baja
demo_2026,demo,D00,colectora,Barrio Obrero,0.1215,0.00182,0.38873,0.5828,0.33738,9,-25.31612,-57.62475,baja
demo_2027,demo,D00,colectora,San Vicente,0.10665,0.00042,0.37121,0.60068,0.35012,9,-25.31534,-57.60517,baja
demo_2028,demo,D40,colectora,Carmelitas,0.57812,0.00361,1.54094,0.93453,0.7537,1,-25.28301,-57.57225,media
demo_2029,demo,D00,local,Trinidad,0.85028,0.0126,0.77247,0.82356,0.31857,4,-25.25774,-57.60006,baja
demo_2030,demo,D00,arterial,Carmelitas,0.60085,0.13734,0.94729,0.80233,0.72809,4,-25.28643,-57.57098,alta
demo_2031,demo,D00,colectora,Carmelitas,0.25134,0.09929,0.92877,0.83358,0.75978,4,-25.28895,-57.57598,media
demo_2032,demo,D00,local,Sajonia,0.1167,0.00113,0.45506,0.63785,0.48382,4,-25.29867,-57.64513,baja
demo_2033,demo,D00,colectora,Villa Morra,0.76117,0.02314,0.48429,0.73279,0.11249,10,-25.29567,-57.57236,media
demo_2034,demo,D00,colectora,Trinidad,0.65491,0.06497,0.22074,0.27448,0.28007,10,-25.26077,-57.5957,media
demo_2035,demo,D10,colectora,Carmelitas,0.54812,0.05647,7.72176,0.57126,0.66983,10,-25.28549,-57.57009,media
demo_2036,demo,D00,colectora,Recoleta,0.32743,0.02349,0.37874,0.67135,0.28503,10,-25.29246,-57.61012,media
demo_2037,demo,D10,colectora,Las Mercedes,0.29252,0.00419,0.83183,0.65573,0.02953,10,-25.29416,-57.62277,baja
demo_2038,demo,D00,local,Villa Morra,0.25313,0.00337,0.25025,0.94195,0.11525,10,-25.29699,-57.57587,baja
demo_2039,demo,D10,colectora,Centro,0.19634,0.00239,1.47821,0.64187,0.02974,10,-25.28014,-57.64158,baja
demo_2040,demo,D00,arterial,Carmelitas,0.13953,0.04891,0.53299,0.70692,0.25229,10,-25.28182,-57.57193,media
demo_2041,demo,D00,local,Las Mercedes,0.13672,0.00503,0.37586,0.94209,0.10963,10,-25.28983,-57.62069,baja
demo_2042,demo,D00,colectora,San Vicente,0.11126,0.00596,0.98344,0.8244,0.20169,10,-25.31003,-57.60575,baja
demo_2043,demo,D10,colectora,Recoleta,0.29488,0.01468,11.95061,0.76158,0.26612,1,-25.291,-57.60818,baja
demo_2044,demo,D00,arterial,Las Mercedes,0.52199,0.00194,0.69185,0.69569,0.65608,3,-25.28373,-57.62372,media
demo_2045,demo,D00,colectora,Barrio Obrero,0.31875,0.02983,0.59713,0.74944,0.35591,3,-25.31401,-57.62574,media
demo_2046,demo,D00,local,Las Mercedes,0.31077,0.02178,0.43268,0.74299,0.37231,3,-25.29467,-57.62334,media
demo_2047,demo,D40,colectora,Recoleta,0.67926,0.00805,1.83138,0.65699,0.56525,3,-25.29645,-57.60953,media
demo_2048,demo,D40,arterial,Carmelitas,0.31655,0.0077,3.06184,0.4719,0.44238,3,-25.28249,-57.57168,alta
demo_2049,demo,D40,arterial,Villa Morra,0.11997,0.0118,2.60596,0.47425,0.43704,3,-25.29432,-57.5714,alta
demo_2050,demo,D20,arterial,Las Mercedes,0.66042,0.08643,1.1621,0.81841,0.26598,2,-25.29469,-57.61945,alta
demo_2051,demo,D20,arterial,Barrio Obrero,0.46757,0.1034,2.0063,0.84346,0.67155,2,-25.31538,-57.62716,alta
demo_2052,demo,D10,arterial,Recoleta,0.40474,0.10916,8.74423,0.78776,0.51151,3,-25.29496,-57.60834,alta
demo_2053,demo,D10,local,Las Mercedes,0.24859,0.01679,20.00556,0.01449,0.63612,3,-25.29527,-57.62511,baja
demo_2054,demo,D10,colectora,Villa Morra,0.22891,0.03695,24.89332,0.01926,0.49049,3,-25.29686,-57.5814,media
demo_2055,demo,D20,local,Carmelitas,0.30258,0.00911,0.91018,0.77391,0.95405,1,-25.28676,-57.57142,media
demo_2056,demo,D00,colectora,Villa Morra,0.15926,0.05328,0.65536,0.85346,0.22759,2,-25.29151,-57.56941,media
demo_2057,demo,D00,local,San Vicente,0.15592,0.02392,0.56852,0.89434,0.19178,2,-25.31502,-57.60619,media
demo_2058,demo,D20,colectora,Sajonia,0.64352,0.27755,1.40997,0.77816,0.68446,1,-25.29266,-57.6456,alta
demo_2059,demo,D00,arterial,Villa Morra,0.64242,0.00149,0.32567,0.21246,0.71214,8,-25.29475,-57.57267,media
demo_2060,demo,D10,arterial,Las Mercedes,0.61103,0.07038,5.61809,0.48742,0.68522,8,-25.29788,-57.62028,media
demo_2061,demo,D00,colectora,Recoleta,0.5202,0.04413,1.0806,0.13679,0.88323,8,-25.28831,-57.60496,media
demo_2062,demo,D00,local,Villa Morra,0.43678,0.10238,0.47779,0.26446,0.88941,8,-25.29175,-57.57554,media
demo_2063,demo,D00,local,Las Mercedes,0.42736,0.00125,0.27568,0.45874,0.49026,8,-25.29545,-57.62255,baja
demo_2064,demo,D10,local,Carmelitas,0.37107,0.00883,7.40926,0.59433,0.1281,8,-25.28432,-57.57704,baja
demo_2065,demo,D00,arterial,Las Mercedes,0.35795,0.14891,0.31855,0.37634,0.8911,8,-25.2961,-57.6266,alta
demo_2066,demo,D00,arterial,San Vicente,0.15119,0.07271,0.69712,0.19766,0.88743,8,-25.30963,-57.60011,media
demo_2067,demo,D00,local,Las Mercedes,0.27666,0.00434,0.55313,0.9557,0.23286,3,-25.29237,-57.62225,baja
demo_2068,demo,D00,arterial,Mburucuyá,0.15227,0.00589,0.7666,0.95617,0.22169,3,-25.2788,-57.57989,media
demo_2069,demo,D00,colectora,Las Mercedes,0.12133,0.00931,0.63662,0.93912,0.49133,3,-25.29584,-57.61845,baja
demo_2070,demo,D20,local,San Vicente,0.52808,0.10441,4.90234,0.84899,0.64138,1,-25.31226,-57.60206,alta
demo_2071,demo,D10,arterial,Las Mercedes,0.52903,0.10731,9.15866,0.50726,0.49865,1,-25.29427,-57.62214,alta
demo_2072,demo,D00,local,Barrio Obrero,0.25192,0.04045,0.59753,0.74898,0.24256,1,-25.31674,-57.62324,media
demo_2073,demo,D00,arterial,Trinidad,0.16559,0.00702,0.43042,0.93596,0.41317,2,-25.25889,-57.59948,media
demo_2074,demo,D00,local,Centro,0.11143,0.01003,0.57335,0.9336,0.41099,2,-25.28937,-57.63907,baja
demo_2075,demo,D20,colectora,Villa Morra,0.76513,0.34925,2.8633,0.82538,0.5,1,-25.29335,-57.58022,alta
demo_2076,demo,D20,local,Carmelitas,0.33104,0.13411,2.55731,0.88367,0.64591,3,-25.28584,-57.57336,alta
demo_2077,demo,D20,colectora,Villa Morra,0.16707,0.13076,2.43769,0.88384,0.50883,3,-25.2964,-57.57623,alta
demo_2078,demo,D20,local,Barrio Obrero,0.10483,0.19373,3.55766,0.88245,0.47504,3,-25.31102,-57.62116,alta
demo_2079,demo,D20,colectora,Recoleta,0.52248,0.61986,1.37542,0.65447,0.53536,3,-25.28713,-57.6118,alta
demo_2080,demo,D20,local,Mburucuyá,0.35077,0.33499,0.87193,0.62597,0.72917,3,-25.28446,-57.57471,alta
demo_2081,demo,D20,local,Villa Morra,0.12831,0.169,0.78955,0.67823,0.81736,3,-25.29668,-57.57744,alta
demo_2082,demo,D20,local,Trinidad,0.62387,0.26231,0.69003,0.54179,0.21505,4,-25.25664,-57.59772,alta
demo_2083,demo,D10,arterial,Barrio Obrero,0.27335,0.00914,5.0319,0.36665,0.49935,4,-25.31803,-57.6276,media
demo_2084,demo,D20,local,Recoleta,0.2559,0.14093,0.93877,0.39367,0.81769,4,-25.29247,-57.60709,alta
demo_2085,demo,D20,local,Las Mercedes,0.19634,0.27089,0.4588,0.5824,0.82353,4,-25.29401,-57.62517,alta
demo_2086,demo,D00,colectora,Trinidad,0.18525,0.0203,1.89622,0.90773,0.90135,1,-25.25815,-57.59392,media
demo_2087,demo,D00,arterial,Trinidad,0.73044,0.0109,0.4768,0.78479,0.52883,1,-25.26042,-57.59661,media
demo_2088,demo,D00,local,Villa Morra,0.19223,0.06515,0.42538,0.79849,0.15641,3,-25.29383,-57.57708,media
demo_2089,demo,D00,colectora,Barrio Obrero,0.1904,0.06731,0.46469,0.80667,0.44447,3,-25.31665,-57.62644,media
demo_2090,demo,D00,local,Recoleta,0.15538,0.04553,0.46613,0.84053,0.45943,3,-25.29355,-57.60984,baja
demo_2091,demo,D20,arterial,Recoleta,0.1175,0.00997,0.66627,0.93879,0.04079,1,-25.29139,-57.60852,media
demo_2092,demo,D10,local,Sajonia,0.21197,0.03841,3.04574,0.94274,0.67712,8,-25.29542,-57.65061,media
demo_2093,demo,D10,colectora,Mburucuyá,0.19285,0.00715,2.20722,0.68794,0.93718,8,-25.28384,-57.57836,baja
demo_2094,demo,D10,arterial,Recoleta,0.17615,0.01248,3.86681,0.92211,0.61515,8,-25.29228,-57.6045,media
demo_2095,demo,D00,local,Trinidad,0.14603,0.01423,0.56727,0.91843,0.76432,8,-25.26196,-57.59937,baja
demo_2096,demo,D10,arterial,San Vicente,0.13784,0.0258,5.17696,0.91567,0.54376,8,-25.31039,-57.60727,media
demo_2097,demo,D00,local,San Vicente,0.12638,0.00732,0.67447,0.89119,0.75449,8,-25.31251,-57.60928,baja
demo_2098,demo,D00,arterial,Trinidad,0.11455,0.0201,0.77492,0.91948,0.78293,8,-25.26014,-57.5927,media
demo_2099,demo,D00,arterial,Mburucuyá,0.11198,0.00892,1.70473,0.69572,0.93833,8,-25.27621,-57.58074,media
demo_2100,demo,D20,colectora,Recoleta,0.82717,0.36309,2.24245,0.79866,0.54852,5,-25.29194,-57.60193,alta
demo_2101,demo,D40,colectora,Villa Morra,0.70082,0.0078,1.3635,0.82962,0.75531,5,-25.29386,-57.57734,media
demo_2102,demo,D40,local,Trinidad,0.33055,0.00366,1.27594,0.9732,0.92353,5,-25.255,-57.59269,media
demo_2103,demo,D40,local,Sajonia,0.24092,0.00247,1.26605,0.76921,0.77152,5,-25.29173,-57.64803,media
demo_2104,demo,D40,local,Mburucuyá,0.20755,0.00606,1.11031,0.87594,0.86482,5,-25.27856,-57.58045,media
demo_2105,demo,D20,local,Trinidad,0.19729,0.23196,1.34072,0.79203,0.28102,6,-25.25678,-57.59792,alta
demo_2106,demo,D40,local,Mburucuyá,0.16241,0.00183,1.73224,0.55763,0.5685,6,-25.28028,-57.5804,media
demo_2107,demo,D00,colectora,Mburucuyá,0.14697,0.00794,0.26673,0.72254,0.599,6,-25.28067,-57.57926,baja
demo_2108,demo,D40,local,San Vicente,0.13453,0.00282,1.76612,0.55562,0.56465,6,-25.31627,-57.60855,baja
demo_2109,demo,D40,arterial,Mburucuyá,0.10953,0.00267,1.62784,0.55852,0.57308,6,-25.2825,-57.57856,alta
demo_2110,demo,D20,colectora,Villa Morra,0.10932,0.15843,1.28558,0.82405,0.22742,6,-25.29593,-57.58064,alta
demo_2111,demo,D10,colectora,Centro,0.62641,0.0426,5.97353,0.7758,0.25479,2,-25.27995,-57.63409,media
demo_2112,demo,D10,colectora,Villa Morra,0.16235,0.01157,3.19152,0.77241,0.10499,2,-25.29642,-57.57707,baja
demo_2113,demo,D00,colectora,Barrio Obrero,0.37882,0.01079,0.5525,0.8997,0.96105,2,-25.31531,-57.6246,baja
demo_2114,demo,D00,colectora,Mburucuyá,0.23415,0.00817,0.7802,0.87893,0.96008,2,-25.2789,-57.57646,baja
demo_2115,demo,D20,local,Recoleta,0.59849,0.35362,0.79515,0.58409,0.26513,8,-25.29094,-57.61041,alta
demo_2116,demo,D20,local,San Vicente,0.5279,0.31615,0.53296,0.5957,0.79466,8,-25.30899,-57.60297,alta
demo_2117,demo,D00,arterial,Sajonia,0.25195,0.01046,0.36678,0.89171,0.66765,8,-25.29782,-57.64791,media
demo_2118,demo,D10,colectora,San Vicente,0.21233,0.00582,3.91023,0.57876,0.57651,8,-25.30749,-57.60746,baja
demo_2119,demo,D20,local,Recoleta,0.18604,0.64605,1.43514,0.61762,0.48145,8,-25.29522,-57.61104,alta
demo_2120,demo,D10,colectora,Carmelitas,0.13499,0.00229,3.70077,0.5103,0.70829,8,-25.28571,-57.57085,baja
demo_2121,demo,D00,local,Sajonia,0.12662,0.01616,0.28279,0.85593,0.6666,8,-25.29243,-57.64976,baja
demo_2122,demo,D10,local,Recoleta,0.11581,0.02247,6.41559,0.70603,0.65392,8,-25.29292,-57.61005,media
demo_2123,demo,D00,local,Villa Morra,0.22598,0.01651,1.11163,0.93906,0.36843,3,-25.29736,-57.57354,baja
demo_2124,demo,D00,arterial,Recoleta,0.16014,0.02468,1.65454,0.93873,0.34139,3,-25.29885,-57.60448,media
demo_2125,demo,D00,colectora,Carmelitas,0.11217,0.01142,0.89095,0.94283,0.36239,3,-25.28563,-57.57075,baja
demo_2126,demo,D10,colectora,Mburucuyá,0.44649,0.00594,2.27041,0.83245,0.60842,7,-25.27559,-57.57958,baja
demo_2127,demo,D10,arterial,Las Mercedes,0.44622,0.01118,5.53234,0.91483,0.12433,7,-25.28921,-57.62486,media
demo_2128,demo,D10,local,Las Mercedes,0.33259,0.01372,3.50438,0.8287,0.65738,7,-25.29951,-57.61929,baja
demo_2129,demo,D00,colectora,Mburucuyá,0.18014,0.0033,0.61343,0.61889,0.40804,7,-25.27908,-57.57494,baja
demo_2130,demo,D10,arterial,Barrio Obrero,0.15962,0.00803,2.70318,0.83029,0.62918,7,-25.31493,-57.62439,baja
demo_2131,demo,D00,colectora,Barrio Obrero,0.11565,0.00907,0.85824,0.63434,0.44729,7,-25.31942,-57.62512,baja
demo_2132,demo,D00,arterial,Centro,0.11461,0.00178,0.64016,0.61058,0.40381,7,-25.28629,-57.63652,media
demo_2133,demo,D20,local,Centro,0.78257,0.22655,3.17676,0.84333,0.57583,1,-25.28499,-57.63477,alta
demo_2134,demo,D40,colectora,Carmelitas,0.51072,0.06204,1.81315,0.73821,0.4485,2,-25.28775,-57.57395,alta
demo_2135,demo,D20,colectora,Carmelitas,0.17483,0.04181,1.58815,0.76336,0.71751,2,-25.28661,-57.57465,media
demo_2136,demo,D00,arterial,Villa Morra,0.73283,0.00807,0.61117,0.94051,0.1667,2,-25.29671,-57.58189,media
demo_2137,demo,D00,arterial,Villa Morra,0.10038,0.03155,0.88021,0.67089,0.22785,2,-25.2914,-57.57808,media
demo_2138,demo,D20,arterial,Villa Morra,0.64705,0.1193,1.07751,0.80099,0.82056,1,-25.29614,-57.57769,alta
demo_2139,demo,D20,local,Las Mercedes,0.76067,0.20747,2.12008,0.84359,0.33975,2,-25.29485,-57.62135,alta
demo_2140,demo,D40,colectora,Villa Morra,0.68402,0.00255,1.79167,0.87079,0.31092,2,-25.29992,-57.57461,media
demo_2141,demo,D00,colectora,Las Mercedes,0.59933,0.09733,1.5995,0.72799,0.80221,4,-25.29351,-57.62175,media
demo_2142,demo,D00,colectora,Sajonia,0.55214,0.01131,0.20432,0.77609,0.36419,4,-25.29612,-57.64706,baja
demo_2143,demo,D00,local,Las Mercedes,0.40787,0.00316,0.40529,0.82142,0.58212,4,-25.29785,-57.62608,baja
demo_2144,demo,D00,arterial,San Vicente,0.26693,0.02262,0.32192,0.78409,0.36489,4,-25.31473,-57.60926,media
demo_2145,demo,D20,local,Mburucuyá,0.67504,0.24866,3.34799,0.84089,0.53516,1,-25.28056,-57.57658,alta
demo_2146,demo,D40,local,Recoleta,0.45713,0.05496,1.65096,0.77004,0.80475,5,-25.29082,-57.60769,alta
demo_2147,demo,D40,local,Barrio Obrero,0.32533,0.00623,2.71084,0.64793,0.80865,5,-25.3113,-57.62647,media
demo_2148,demo,D40,colectora,Barrio Obrero,0.12457,0.00398,2.53969,0.6513,0.81791,5,-25.30802,-57.62513,media
demo_2149,demo,D40,local,Barrio Obrero,0.11767,0.06041,1.59385,0.90161,0.15514,5,-25.31669,-57.6242,alta
demo_2150,demo,D40,colectora,San Vicente,0.10218,0.03612,1.35978,0.78021,0.76903,5,-25.3161,-57.60102,alta
demo_2151,demo,D20,local,Trinidad,0.673,0.13004,1.40052,0.84604,0.60202,4,-25.25893,-57.59585,alta
demo_2152,demo,D10,local,Mburucuyá,0.23127,0.01114,6.3234,0.74001,0.76054,4,-25.28249,-57.58132,baja
demo_2153,demo,D10,colectora,Trinidad,0.16478,0.01577,5.63379,0.72326,0.24136,4,-25.25903,-57.59166,baja
demo_2154,demo,D10,colectora,San Vicente,0.12031,0.00703,4.70797,0.71804,0.17528,4,-25.30966,-57.60698,baja
demo_2155,demo,D20,local,Carmelitas,0.73234,0.12215,1.32357,0.8481,0.20104,4,-25.28462,-57.57105,alta
demo_2156,demo,D20,arterial,Centro,0.6327,0.14568,1.08697,0.81674,0.63627,4,-25.2823,-57.63493,alta
demo_2157,demo,D20,local,Trinidad,0.22359,0.30256,2.70479,0.83188,0.45311,4,-25.25926,-57.59268,alta
demo_2158,demo,D20,arterial,Mburucuyá,0.1615,0.00633,1.93889,0.65213,0.33456,4,-25.28279,-57.57733,media
demo_2159,demo,D00,colectora,Sajonia,0.16774,0.0484,0.39738,0.81778,0.4377,1,-25.29729,-57.64653,baja
demo_2160,demo,D00,arterial,Mburucuyá,0.64248,0.00463,0.30244,0.58792,0.30992,3,-25.2837,-57.57812,media
demo_2161,demo,D10,arterial,Recoleta,0.36963,0.01529,5.52185,0.93114,0.3797,3,-25.29012,-57.61047,media
demo_2162,demo,D20,local,Sajonia,0.25133,0.01689,0.75652,0.19895,0.55638,3,-25.2951,-57.64962,media
demo_2163,demo,D10,arterial,Recoleta,0.31472,0.00651,4.12814,0.84371,0.27337,7,-25.29025,-57.6035,media
demo_2164,demo,D10,colectora,Las Mercedes,0.20252,0.01655,7.83765,0.842,0.18006,7,-25.29457,-57.62221,baja
demo_2165,demo,D10,colectora,Villa Morra,0.13538,0.00126,4.167,0.82728,0.47309,7,-25.29498,-57.57998,baja
demo_2166,demo,D10,arterial,Mburucuyá,0.13468,0.01426,8.82724,0.84237,0.21504,7,-25.27907,-57.57808,media
demo_2167,demo,D10,colectora,Carmelitas,0.1246,0.00213,4.33746,0.83998,0.04825,7,-25.28522,-57.57365,baja
demo_2168,demo,D10,colectora,Carmelitas,0.12115,0.01868,8.92199,0.84198,0.31531,7,-25.28832,-57.57279,baja
demo_2169,demo,D10,colectora,Carmelitas,0.11327,0.03192,8.06659,0.83455,0.25846,7,-25.28803,-57.57843,media
demo_2170,demo,D40,local,Villa Morra,0.53847,0.01425,2.12221,0.61687,0.54763,3,-25.2933,-57.57533,media
demo_2171,demo,D40,local,Las Mercedes,0.1594,0.00976,3.04816,0.60347,0.5432,3,-25.29933,-57.61847,media
demo_2172,demo,D40,local,San Vicente,0.14574,0.01001,2.30767,0.63265,0.54236,3,-25.30968,-57.60465,media
demo_2173,demo,D20,local,Sajonia,0.72557,0.17041,2.09952,0.14341,0.70092,2,-25.29314,-57.64772,alta
demo_2174,demo,D00,local,Las Mercedes,0.12214,0.01108,0.8182,0.06313,0.31165,2,-25.29291,-57.61998,baja
demo_2175,demo,D00,local,Carmelitas,0.53529,0.02015,0.78953,0.74863,0.23863,4,-25.28248,-57.57231,media
demo_2176,demo,D00,arterial,Centro,0.48494,0.05344,0.42281,0.82225,0.38035,4,-25.28347,-57.63727,media
demo_2177,demo,D10,colectora,Recoleta,0.44357,0.01098,8.1843,0.83292,0.24729,4,-25.289,-57.60865,baja
demo_2178,demo,D00,arterial,Las Mercedes,0.13309,0.03838,0.64706,0.77812,0.64499,4,-25.29104,-57.62699,media
demo_2179,demo,D00,local,Las Mercedes,0.1413,0.00078,0.29922,0.7538,0.46874,2,-25.29394,-57.62835,baja
demo_2180,demo,D00,arterial,Recoleta,0.10596,0.00126,0.26743,0.76254,0.46848,2,-25.29453,-57.61281,baja
demo_2181,demo,D00,arterial,Trinidad,0.22913,0.00515,1.17654,0.61547,0.67143,1,-25.25847,-57.59321,media
demo_2182,demo,D00,colectora,Trinidad,0.5866,0.02266,0.45216,0.82008,0.2156,2,-25.25968,-57.59478,media
demo_2183,demo,D10,local,Trinidad,0.26725,0.00495,3.8995,0.96305,0.46976,2,-25.26074,-57.59905,baja
demo_2184,demo,D00,colectora,San Vicente,0.59887,0.08561,0.08741,0.50519,0.4261,2,-25.31221,-57.60529,media
demo_2185,demo,D00,colectora,Las Mercedes,0.33998,0.06391,0.06594,0.49224,0.40949,2,-25.29525,-57.61804,media
demo_2186,demo,D10,local,Recoleta,0.4952,0.03854,5.00397,0.82016,0.28514,5,-25.28631,-57.60658,media
demo_2187,demo,D00,local,San Vicente,0.48819,0.00404,0.42261,0.67323,0.35358,5,-25.31245,-57.60439,baja
demo_2188,demo,D00,arterial,Recoleta,0.27937,0.0053,0.34838,0.66032,0.35687,5,-25.28797,-57.60715,media
demo_2189,demo,D00,local,Trinidad,0.21482,0.005,0.78772,0.62468,0.31659,5,-25.25689,-57.59485,baja
demo_2190,demo,D10,colectora,Trinidad,0.15772,0.02542,7.67522,0.83019,0.27815,5,-25.25352,-57.59186,media
demo_2191,demo,D10,arterial,Villa Morra,0.18005,0.00637,6.67173,0.76366,0.30283,2,-25.29309,-57.57595,media
demo_2192,demo,D10,local,Carmelitas,0.14119,0.00313,4.92316,0.76596,0.34315,2,-25.28847,-57.57075,baja
demo_2193,demo,D40,local,Barrio Obrero,0.61899,0.00456,2.12386,0.84075,0.58271,3,-25.31484,-57.62531,media
demo_2194,demo,D40,arterial,San Vicente,0.47347,0.00396,1.92031,0.90142,0.61834,3,-25.30858,-57.60934,alta
demo_2195,demo,D40,colectora,Carmelitas,0.11818,0.00607,1.77024,0.90542,0.62108,3,-25.28925,-57.57021,media
demo_2196,demo,D00,colectora,Villa Morra,0.59403,0.00739,0.25813,0.91538,0.38353,3,-25.29286,-57.57574,baja
demo_2197,demo,D00,colectora,Barrio Obrero,0.25986,0.00296,0.30546,0.95082,0.38861,3,-25.31038,-57.62488,baja
demo_2198,demo,D00,local,Villa Morra,0.18163,0.00199,0.32551,0.96093,0.3908,3,-25.29166,-57.57716,baja
demo_2199,demo,D40,arterial,Recoleta,0.27113,0.00842,1.47145,0.81181,0.68497,1,-25.28733,-57.60706,alta
demo_2200,demo,D20,colectora,Centro,0.18887,0.03938,1.71139,0.76015,0.86851,1,-25.28349,-57.63005,media
demo_2201,demo,D20,colectora,Centro,0.396,0.2613,1.66905,0.80216,0.33101,3,-25.28599,-57.63865,alta
demo_2202,demo,D20,colectora,Carmelitas,0.14615,0.19117,2.51285,0.86209,0.35543,3,-25.28418,-57.57389,alta
demo_2203,demo,D20,local,Villa Morra,0.13493,0.20346,1.13888,0.78858,0.24098,3,-25.29382,-57.57907,alta
demo_2204,demo,D00,local,Las Mercedes,0.56584,0.04645,0.30552,0.80394,0.33088,3,-25.2902,-57.62113,media
demo_2205,demo,D00,local,Barrio Obrero,0.41312,0.00646,0.51044,0.81987,0.51559,3,-25.31575,-57.63318,baja
demo_2206,demo,D00,local,San Vicente,0.12743,0.01974,0.34235,0.72799,0.3509,3,-25.31396,-57.60027,baja
demo_2207,demo,D00,colectora,Las Mercedes,0.26844,0.00682,0.37622,0.91258,0.29259,1,-25.29159,-57.6229,baja
demo_2208,demo,D20,local,Centro,0.60997,0.11356,1.56599,0.84106,0.6883,2,-25.28052,-57.63672,alta
demo_2209,demo,D20,arterial,Recoleta,0.13533,0.02292,2.05294,0.77541,0.1675,2,-25.29811,-57.60826,alta
demo_2210,demo,D20,local,Trinidad,0.63462,0.21089,3.52536,0.83414,0.43645,1,-25.26351,-57.59199,alta
demo_2211,demo,D20,local,Mburucuyá,0.79485,0.11234,1.19747,0.84623,0.81647,5,-25.27796,-57.58045,alta
demo_2212,demo,D20,arterial,Villa Morra,0.66004,0.08546,1.72066,0.88857,0.19179,5,-25.29035,-57.57652,alta
demo_2213,demo,D40,arterial,San Vicente,0.58916,0.00454,2.36669,0.9781,0.2059,5,-25.31423,-57.59742,alta
demo_2214,demo,D20,colectora,Carmelitas,0.22253,0.02595,2.38989,0.65918,0.51069,5,-25.29124,-57.57521,media
demo_2215,demo,D20,arterial,Carmelitas,0.1385,0.01424,1.47051,0.65659,0.46437,5,-25.29077,-57.57264,media
demo_2216,demo,D00,local,Las Mercedes,0.40415,0.06444,0.61188,0.83415,0.5456,6,-25.29305,-57.62005,media
demo_2217,demo,D00,local,Las Mercedes,0.33047,0.03852,0.60562,0.79783,0.52285,6,-25.29595,-57.62425,media
demo_2218,demo,D10,colectora,San Vicente,0.22542,0.02784,9.08693,0.66947,0.25779,6,-25.30868,-57.60613,media
demo_2219,demo,D10,arterial,Trinidad,0.16011,0.00311,2.43297,0.8479,0.04354,6,-25.26008,-57.59924,baja
demo_2220,demo,D10,arterial,Trinidad,0.12393,0.00458,2.05624,0.85258,0.04851,6,-25.26136,-57.59986,baja
demo_2221,demo,D10,local,Trinidad,0.12003,0.0201,12.82214,0.66676,0.2538,6,-25.26089,-57.5938,baja
demo_2222,demo,D10,arterial,Recoleta,0.46014,0.08296,11.9609,0.66815,0.50172,1,-25.29597,-57.61299,alta
demo_2223,demo,D00,local,Centro,0.47336,0.03183,0.46684,0.85607,0.73966,1,-25.28382,-57.6404,media
demo_2224,demo,D10,colectora,Recoleta,0.15297,0.00478,10.20432,0.67772,0.33519,1,-25.29131,-57.61127,baja
demo_2225,demo,D10,arterial,San Vicente,0.47418,0.02536,7.88225,0.7474,0.44203,4,-25.31768,-57.60764,media
demo_2226,demo,D00,local,Carmelitas,0.27263,0.04123,0.67602,0.87537,0.14032,4,-25.28314,-57.56859,media
demo_2227,demo,D00,local,Barrio Obrero,0.12251,0.03465,0.7227,0.8903,0.11294,4,-25.31471,-57.61968,media
demo_2228,demo,D10,arterial,Carmelitas,0.10716,0.01637,4.58469,0.79168,0.86267,4,-25.28667,-57.56975,media
demo_2229,demo,D20,arterial,Trinidad,0.69631,0.05329,1.31668,0.68696,0.79015,2,-25.26463,-57.59539,alta
demo_2230,demo,D00,colectora,Trinidad,0.50255,0.04669,0.34054,0.81291,0.3317,2,-25.25987,-57.59138,media
demo_2231,demo,D00,local,Mburucuyá,0.55659,0.05513,0.91752,0.87741,0.72023,10,-25.28118,-57.58156,media
demo_2232,demo,D00,colectora,San Vicente,0.29209,0.0296,1.51883,0.79751,0.44849,10,-25.31319,-57.60535,media
demo_2233,demo,D10,arterial,Trinidad,0.27119,0.0286,1.82018,0.93558,0.88592,10,-25.25872,-57.59337,media
demo_2234,demo,D00,local,San Vicente,0.26739,0.06969,1.98838,0.7667,0.52579,10,-25.30862,-57.60589,media
demo_2235,demo,D00,arterial,Barrio Obrero,0.22161,0.00309,1.46482,0.68757,0.91705,10,-25.32022,-57.62649,media
demo_2236,demo,D10,colectora,Centro,0.19684,0.01013,3.82222,0.70421,0.64158,10,-25.28715,-57.63595,baja
demo_2237,demo,D00,local,Recoleta,0.19543,0.02796,1.76815,0.93625,0.88883,10,-25.29021,-57.61281,media
demo_2238,demo,D00,colectora,Mburucuyá,0.17683,0.00966,1.3371,0.66729,0.93848,10,-25.27781,-57.57844,baja
demo_2239,demo,D10,arterial,Sajonia,0.13136,0.00461,4.7853,0.60188,0.86983,10,-25.29467,-57.64645,media
demo_2240,demo,D10,arterial,Recoleta,0.10672,0.01056,5.61919,0.64495,0.75924,10,-25.29404,-57.60621,baja
demo_2241,demo,D00,arterial,Trinidad,0.54927,0.01132,0.94773,0.74717,0.48327,11,-25.25632,-57.59878,media
demo_2242,demo,D00,local,Las Mercedes,0.46051,0.01405,0.41021,0.90406,0.499,11,-25.29274,-57.62193,baja
demo_2243,demo,D00,colectora,Barrio Obrero,0.30543,0.0079,0.28877,0.8958,0.48567,11,-25.31785,-57.62396,baja
demo_2244,demo,D00,local,Recoleta,0.27841,0.00878,0.97262,0.75756,0.49348,11,-25.29441,-57.60696,baja
demo_2245,demo,D00,arterial,Trinidad,0.21406,0.00769,0.28371,0.9088,0.49481,11,-25.25931,-57.59003,media
demo_2246,demo,D00,arterial,San Vicente,0.20308,0.00534,0.73624,0.85496,0.40485,11,-25.31018,-57.60608,media
demo_2247,demo,D00,colectora,Sajonia,0.14234,0.00798,0.58658,0.84273,0.40524,11,-25.28927,-57.64143,baja
demo_2248,demo,D00,local,San Vicente,0.13261,0.00179,0.14178,0.69534,0.40364,11,-25.3112,-57.60461,baja
demo_2249,demo,D00,arterial,Mburucuyá,0.12694,0.00084,0.47954,0.6266,0.43831,11,-25.28048,-57.57684,media
demo_2250,demo,D00,colectora,Villa Morra,0.12002,0.00088,0.46084,0.62282,0.43446,11,-25.29633,-57.57539,baja
demo_2251,demo,D00,local,Sajonia,0.11696,0.00133,0.11956,0.70285,0.40254,11,-25.29473,-57.6433,baja
demo_2252,demo,D00,local,Villa Morra,0.39377,0.00278,0.42188,0.95625,0.54592,5,-25.29718,-57.57481,baja
demo_2253,demo,D00,colectora,Carmelitas,0.33909,0.01103,0.70932,0.88514,0.10311,5,-25.28152,-57.57218,baja
demo_2254,demo,D00,local,Centro,0.28005,0.02069,0.7211,0.90798,0.0853,5,-25.28577,-57.64055,media
demo_2255,demo,D20,local,Mburucuyá,0.1514,0.00619,0.68767,0.60301,0.29804,5,-25.28036,-57.58106,media
demo_2256,demo,D00,colectora,Trinidad,0.11369,0.00022,0.49323,0.57909,0.36939,5,-25.25722,-57.59458,baja
demo_2257,demo,D10,local,Recoleta,0.28806,0.02256,6.04986,0.63872,0.62381,3,-25.28888,-57.60897,media
demo_2258,demo,D10,local,Las Mercedes,0.1624,0.07068,3.15321,0.86629,0.23628,3,-25.29505,-57.62241,media
demo_2259,demo,D00,colectora,Villa Morra,0.12052,0.08296,2.3759,0.8858,0.22198,3,-25.28834,-57.57189,media
demo_2260,demo,D00,arterial,Las Mercedes,0.64396,0.04341,0.54768,0.85553,0.2604,2,-25.30121,-57.62867,media
demo_2261,demo,D00,local,Las Mercedes,0.107,0.00165,2.11784,0.73072,0.5024,2,-25.29701,-57.62089,baja
demo_2262,demo,D20,colectora,Mburucuyá,0.45448,0.24125,2.92103,0.81928,0.42474,2,-25.28188,-57.58273,alta
demo_2263,demo,D20,arterial,Carmelitas,0.3179,0.08798,0.93664,0.84281,0.14353,2,-25.28285,-57.57056,alta
demo_2264,demo,D00,arterial,Las Mercedes,0.53957,0.02124,0.26122,0.85744,0.32262,3,-25.2933,-57.62001,media
demo_2265,demo,D00,colectora,Recoleta,0.18388,0.02644,1.40155,0.81296,0.86862,3,-25.2895,-57.61579,media
demo_2266,demo,D00,colectora,Barrio Obrero,0.17609,0.01825,1.45616,0.80049,0.8528,3,-25.31713,-57.62196,baja
demo_2267,demo,D10,colectora,Centro,0.2891,0.00441,5.15905,0.71951,0.64791,1,-25.28094,-57.63981,baja
demo_2268,demo,D40,local,Las Mercedes,0.6762,0.00519,1.8302,0.71847,0.32915,5,-25.29072,-57.62047,media
demo_2269,demo,D20,local,Trinidad,0.45914,0.16844,3.27239,0.81375,0.44681,5,-25.25674,-57.59423,alta
demo_2270,demo,D40,local,Trinidad,0.13373,0.0016,1.64661,0.65746,0.42364,5,-25.25653,-57.5937,baja
demo_2271,demo,D20,colectora,Mburucuyá,0.11663,0.11685,2.88518,0.81237,0.50477,5,-25.27511,-57.5775,alta
demo_2272,demo,D20,arterial,Sajonia,0.1149,0.15867,2.3768,0.82848,0.34111,5,-25.29644,-57.6533,alta
demo_2273,demo,D00,arterial,Recoleta,0.7249,0.01132,0.60616,0.92807,0.1443,8,-25.29116,-57.6082,media
demo_2274,demo,D00,local,Mburucuyá,0.4102,0.01366,0.66124,0.73145,0.26334,8,-25.28584,-57.58539,baja
demo_2275,demo,D00,local,San Vicente,0.28603,0.002,1.02866,0.63083,0.35685,8,-25.31508,-57.60558,baja
demo_2276,demo,D20,local,Sajonia,0.18226,0.01046,0.41689,0.91834,0.03302,8,-25.2882,-57.64892,media
demo_2277,demo,D10,arterial,Centro,0.15141,0.00262,6.12072,0.65724,0.24523,8,-25.28034,-57.63437,media
demo_2278,demo,D40,local,Centro,0.13753,0.00109,1.43135,0.80936,0.03962,8,-25.28101,-57.63053,media
demo_2279,demo,D00,arterial,Centro,0.13039,0.07399,0.60355,0.82493,0.20955,8,-25.28204,-57.63726,media
demo_2280,demo,D00,local,Centro,0.10281,0.0088,0.43392,0.92494,0.03089,8,-25.28358,-57.63377,baja
demo_2281,demo,D10,local,Trinidad,0.49081,0.09479,9.66808,0.05106,0.49587,3,-25.26119,-57.59698,media
demo_2282,demo,D10,local,Las Mercedes,0.24988,0.02803,9.69628,0.06812,0.33462,3,-25.29165,-57.62336,media
demo_2283,demo,D10,arterial,Sajonia,0.12404,0.0197,3.90646,0.95794,0.85825,3,-25.29214,-57.64481,media
demo_2284,demo,D00,arterial,Sajonia,0.7535,0.02819,0.7651,0.90366,0.21504,3,-25.30115,-57.65082,media
demo_2285,demo,D00,colectora,Las Mercedes,0.19436,0.02158,1.22861,0.69794,0.08141,3,-25.29671,-57.61834,media
demo_2286,demo,D00,local,Sajonia,0.107,0.03138,0.85458,0.72609,0.08208,3,-25.29271,-57.65424,baja
demo_2287,demo,D00,local,San Vicente,0.36619,0.00928,0.57483,0.80406,0.64211,1,-25.31517,-57.60279,baja
demo_2288,demo,D00,arterial,Barrio Obrero,0.77795,0.07536,0.72356,0.83797,0.23005,3,-25.31662,-57.62501,media
demo_2289,demo,D00,local,Carmelitas,0.2191,0.0227,2.19655,0.64846,0.11862,3,-25.27977,-57.57332,media
demo_2290,demo,D10,colectora,Mburucuyá,0.12061,0.00313,2.77129,0.69617,0.04661,3,-25.27588,-57.57985,baja
demo_2291,demo,D10,local,Carmelitas,0.14212,0.13856,1.90605,0.38638,0.25862,1,-25.28579,-57.56921,media
demo_2292,demo,D20,colectora,Trinidad,0.79535,0.48595,1.64578,0.72831,0.44933,1,-25.2618,-57.59227,alta
demo_2293,demo,D20,arterial,Centro,0.78897,0.47405,1.4862,0.71761,0.42226,1,-25.27985,-57.63391,alta
demo_2294,demo,D10,colectora,Villa Morra,0.37518,0.03033,10.78578,0.67724,0.70806,5,-25.28871,-57.57899,media
demo_2295,demo,D10,arterial,Barrio Obrero,0.3716,0.02072,12.27965,0.67786,0.74781,5,-25.31824,-57.62133,media
demo_2296,demo,D00,colectora,Carmelitas,0.16919,0.03092,0.3877,0.76265,0.34279,5,-25.2826,-57.56946,media
demo_2297,demo,D10,local,Las Mercedes,0.14553,0.02014,17.96771,0.68078,0.69925,5,-25.29494,-57.62323,baja
demo_2298,demo,D00,local,Las Mercedes,0.10191,0.04741,0.33249,0.78803,0.33841,5,-25.2952,-57.61872,media
demo_2299,demo,D00,colectora,Trinidad,0.41799,0.01965,0.59321,0.90881,0.42115,2,-25.2575,-57.59391,baja
demo_2300,demo,D00,local,Barrio Obrero,0.28879,0.0294,0.87299,0.90808,0.44598,2,-25.31459,-57.6286,media
demo_2301,demo,D00,colectora,Trinidad,0.56354,0.01154,1.43807,0.70176,0.48613,2,-25.25901,-57.59383,baja
demo_2302,demo,D10,arterial,Barrio Obrero,0.15564,0.02442,3.58726,0.7698,0.46016,2,-25.31827,-57.62425,media
demo_2303,demo,D00,arterial,Recoleta,0.30048,0.01533,0.33794,0.89352,0.41813,5,-25.29825,-57.61025,media
demo_2304,demo,D10,arterial,Barrio Obrero,0.21446,0.02053,5.73555,0.9194,0.38821,5,-25.30721,-57.62702,media
demo_2305,demo,D00,local,Recoleta,0.18806,0.02231,0.48712,0.8926,0.41437,5,-25.29185,-57.61216,media
demo_2306,demo,D00,colectora,Carmelitas,0.14827,0.00645,0.33691,0.85172,0.41323,5,-25.28278,-57.57492,baja
demo_2307,demo,D10,arterial,Centro,0.11505,0.00844,4.78416,0.91693,0.31362,5,-25.27804,-57.63173,media
demo_2308,demo,D10,arterial,Centro,0.41402,0.01625,8.90011,0.90881,0.80982,2,-25.28472,-57.6322,media
demo_2309,demo,D10,local,Barrio Obrero,0.10619,0.00915,8.14677,0.91104,0.76278,2,-25.31669,-57.62486,baja
demo_2310,demo,D10,arterial,Carmelitas,0.24101,0.02757,7.87329,0.71726,0.76705,2,-25.28645,-57.57521,media
demo_2311,demo,D10,local,Barrio Obrero,0.2344,0.00505,5.18744,0.45062,0.75878,2,-25.32217,-57.62648,baja
demo_2312,demo,D00,arterial,San Vicente,0.3956,0.04047,0.23562,0.79172,0.63806,4,-25.31527,-57.60456,media
demo_2313,demo,D10,arterial,San Vicente,0.20074,0.0106,4.35421,0.89908,0.35391,4,-25.31084,-57.60435,media
demo_2314,demo,D10,local,Sajonia,0.1846,0.018,5.43546,0.89931,0.39951,4,-25.29454,-57.64338,baja
demo_2315,demo,D00,arterial,Centro,0.15885,0.01952,0.35961,0.68883,0.6366,4,-25.28151,-57.6363,media
demo_2316,demo,D20,colectora,Sajonia,0.44264,0.09741,2.92914,0.76187,0.52939,5,-25.29451,-57.65239,alta
demo_2317,demo,D40,colectora,Centro,0.29998,0.00489,1.09768,0.73791,0.54697,5,-25.2804,-57.63286,media
demo_2318,demo,D40,arterial,Recoleta,0.21019,0.00404,1.28471,0.7431,0.53931,5,-25.29313,-57.60605,alta
demo_2319,demo,D40,local,Villa Morra,0.17898,0.0041,1.53949,0.74946,0.5311,5,-25.29393,-57.57709,media
demo_2320,demo,D20,colectora,San Vicente,0.16745,0.1435,3.48332,0.7666,0.50287,5,-25.30787,-57.60488,alta
demo_2321,demo,D10,local,San Vicente,0.35852,0.03107,7.80513,0.8053,0.26279,13,-25.31218,-57.60907,media
demo_2322,demo,D00,colectora,Trinidad,0.31947,0.04268,0.31869,0.81702,0.50508,13,-25.2526,-57.59739,media
demo_2323,demo,D10,colectora,Mburucuyá,0.31317,0.01756,4.50042,0.7409,0.66111,13,-25.28438,-57.57489,baja
demo_2324,demo,D00,arterial,San Vicente,0.28691,0.00189,0.45348,0.71355,0.30474,13,-25.3146,-57.60606,media
demo_2325,demo,D10,local,San Vicente,0.2645,0.06613,10.63741,0.79394,0.42112,13,-25.31331,-57.60509,media
demo_2326,demo,D00,arterial,Centro,0.18014,0.00865,0.38289,0.70145,0.47193,13,-25.28345,-57.6388,media
demo_2327,demo,D00,colectora,Centro,0.17591,0.02001,0.38232,0.73904,0.48639,13,-25.27752,-57.63411,baja
demo_2328,demo,D00,arterial,Trinidad,0.17386,0.00937,0.54119,0.93422,0.53094,13,-25.25575,-57.59673,media
demo_2329,demo,D00,local,Carmelitas,0.14966,0.01397,0.77405,0.93256,0.54667,13,-25.28408,-57.57079,baja
demo_2330,demo,D10,local,Sajonia,0.14617,0.02731,3.45944,0.75127,0.65046,13,-25.29312,-57.64649,media
demo_2331,demo,D00,colectora,Sajonia,0.13117,0.00281,0.4976,0.71779,0.30024,13,-25.29787,-57.64989,baja
demo_2332,demo,D10,local,Villa Morra,0.12691,0.07775,7.66152,0.76005,0.4255,13,-25.29335,-57.57617,media
demo_2333,demo,D00,arterial,Villa Morra,0.11198,0.03595,0.61585,0.79074,0.51134,13,-25.28874,-57.58104,media
demo_2334,demo,D20,local,Sajonia,0.78588,0.36967,2.70167,0.81505,0.49971,1,-25.29612,-57.65416,alta
demo_2335,demo,D20,local,Mburucuyá,0.63608,0.06394,0.38847,0.79549,0.41681,21,-25.28223,-57.57716,media
demo_2336,demo,D00,local,Barrio Obrero,0.51704,0.0109,0.79209,0.68034,0.2648,21,-25.31558,-57.62506,baja
demo_2337,demo,D20,arterial,Mburucuyá,0.41076,0.02982,1.20846,0.91856,0.09491,21,-25.27674,-57.5775,alta
demo_2338,demo,D00,arterial,Las Mercedes,0.38146,0.00291,0.49142,0.79519,0.23237,21,-25.28784,-57.62287,media
demo_2339,demo,D20,colectora,San Vicente,0.36909,0.02447,1.01733,0.92191,0.40508,21,-25.30788,-57.60764,media
demo_2340,demo,D00,colectora,Recoleta,0.31968,0.00542,0.27117,0.91973,0.1986,21,-25.29328,-57.60767,baja
demo_2341,demo,D00,arterial,Recoleta,0.28103,0.01699,0.72612,0.70044,0.25514,21,-25.2851,-57.60976,media
demo_2342,demo,D20,colectora,Centro,0.23723,0.02099,0.93348,0.92296,0.07011,21,-25.2861,-57.63272,media
demo_2343,demo,D00,colectora,Sajonia,0.21656,0.00477,0.55447,0.80214,0.2268,21,-25.29592,-57.64525,baja
demo_2344,demo,D00,colectora,Sajonia,0.16186,0.0049,0.20431,0.91833,0.47603,21,-25.29293,-57.64796,baja
demo_2345,demo,D20,arterial,Mburucuyá,0.15987,0.05065,0.54781,0.84756,0.40986,21,-25.28319,-57.5818,alta
demo_2346,demo,D20,local,Carmelitas,0.1477,0.02272,0.37636,0.70361,0.43693,21,-25.28307,-57.57187,media
demo_2347,demo,D00,colectora,Trinidad,0.14201,0.00077,0.26133,0.9704,0.52839,21,-25.25355,-57.59149,baja
demo_2348,demo,D00,colectora,Mburucuyá,0.13971,0.01752,0.30025,0.87145,0.21582,21,-25.27941,-57.57342,baja
demo_2349,demo,D00,local,Centro,0.13365,0.00189,0.84755,0.86598,0.17447,21,-25.29045,-57.64204,baja
demo_2350,demo,D00,local,Centro,0.11147,0.02526,0.7334,0.7168,0.24176,21,-25.28318,-57.63054,media
demo_2351,demo,D00,colectora,Mburucuyá,0.10893,0.00584,1.0261,0.57711,0.30343,21,-25.27847,-57.57864,baja
demo_2352,demo,D00,local,Recoleta,0.10314,0.00359,1.14839,0.58492,0.2983,21,-25.2917,-57.60871,baja
demo_2353,demo,D00,local,Trinidad,0.10269,0.00714,0.22124,0.89555,0.47298,21,-25.26008,-57.59174,baja
demo_2354,demo,D00,colectora,San Vicente,0.10221,0.00057,0.42357,0.84701,0.20455,21,-25.31191,-57.60662,baja
demo_2355,demo,D00,arterial,Las Mercedes,0.1001,0.01149,0.29576,0.89493,0.20467,21,-25.29656,-57.62418,media
demo_2356,demo,D10,colectora,Sajonia,0.7171,0.01662,1.7142,0.83883,0.74018,9,-25.29368,-57.64969,baja
demo_2357,demo,D10,local,Centro,0.38978,0.00711,5.3074,0.70449,0.63392,9,-25.2837,-57.63333,baja
demo_2358,demo,D10,colectora,Sajonia,0.26088,0.00899,6.94928,0.72201,0.125,9,-25.2958,-57.64757,baja
demo_2359,demo,D00,arterial,Recoleta,0.24276,0.02413,0.78945,0.81265,0.06901,9,-25.28609,-57.60604,media
demo_2360,demo,D10,local,Barrio Obrero,0.16289,0.01278,4.44179,0.71345,0.62803,9,-25.31778,-57.62616,baja
demo_2361,demo,D10,local,Villa Morra,0.14106,0.01728,4.25512,0.76219,0.41293,9,-25.29103,-57.57836,baja
demo_2362,demo,D00,colectora,Mburucuyá,0.13301,0.00338,1.04898,0.76543,0.26229,9,-25.27792,-57.57974,baja
demo_2363,demo,D10,colectora,Sajonia,0.11733,0.02325,8.12632,0.71585,0.21731,9,-25.29,-57.6508,media
demo_2364,demo,D00,local,Centro,0.11663,0.00206,0.35981,0.64246,0.36725,9,-25.29105,-57.63064,baja
demo_2365,demo,D40,colectora,Sajonia,0.64678,0.00337,1.45507,0.75984,0.35387,4,-25.29458,-57.64524,media
demo_2366,demo,D00,arterial,San Vicente,0.3672,0.01385,0.25614,0.76835,0.58148,4,-25.31583,-57.60051,media
demo_2367,demo,D20,arterial,Trinidad,0.20274,0.12079,1.90037,0.86872,0.24522,4,-25.25874,-57.59578,alta
demo_2368,demo,D00,local,Sajonia,0.16166,0.00921,0.25632,0.78505,0.58167,4,-25.29354,-57.65165,baja
demo_2369,demo,D20,arterial,Villa Morra,0.56594,0.34191,1.72815,0.77498,0.61422,4,-25.2958,-57.57933,alta
demo_2370,demo,D40,arterial,Barrio Obrero,0.45641,0.00294,1.52285,0.52841,0.49244,4,-25.31017,-57.62589,alta
demo_2371,demo,D00,arterial,Carmelitas,0.23973,0.06197,0.57214,0.83545,0.90585,4,-25.28221,-57.56774,media
demo_2372,demo,D00,local,Carmelitas,0.12697,0.05412,0.39909,0.81587,0.71548,4,-25.28669,-57.57642,media
demo_2373,demo,D00,colectora,Sajonia,0.66158,0.22931,0.31212,0.5679,0.43253,7,-25.28667,-57.6488,media
demo_2374,demo,D00,local,Barrio Obrero,0.54732,0.07419,1.20397,0.29272,0.64459,7,-25.31765,-57.62166,media
demo_2375,demo,D40,arterial,Las Mercedes,0.4704,0.00737,1.73387,0.13214,0.63823,7,-25.29422,-57.62075,alta
demo_2376,demo,D00,local,Centro,0.18974,0.01071,0.77568,0.08913,0.52638,7,-25.27925,-57.63267,baja
demo_2377,demo,D00,colectora,Trinidad,0.16608,0.00718,1.15512,0.06874,0.52701,7,-25.26107,-57.59155,baja
demo_2378,demo,D00,arterial,Recoleta,0.15966,0.10873,0.87053,0.24001,0.63674,7,-25.29175,-57.61161,alta
demo_2379,demo,D00,colectora,Villa Morra,0.15847,0.00493,1.59206,0.05401,0.52943,7,-25.29336,-57.57398,baja
demo_2380,demo,D20,colectora,Sajonia,0.63993,0.07553,0.93666,0.77059,0.54959,9,-25.28935,-57.64879,media
demo_2381,demo,D10,local,Trinidad,0.62702,0.00549,4.85856,0.84887,0.3813,9,-25.26314,-57.59314,baja
demo_2382,demo,D00,local,Recoleta,0.34993,0.01394,0.54294,0.85925,0.0435,9,-25.29297,-57.60207,baja
demo_2383,demo,D00,local,San Vicente,0.34398,0.02869,0.21665,0.81806,0.31324,9,-25.30917,-57.60835,media
demo_2384,demo,D00,colectora,Recoleta,0.25047,0.01069,0.81718,0.84843,0.63226,9,-25.29287,-57.6081,baja
demo_2385,demo,D10,local,Carmelitas,0.17368,0.00244,2.43679,0.80915,0.74905,9,-25.285,-57.57409,baja
demo_2386,demo,D10,local,Sajonia,0.15934,0.00215,4.82731,0.67648,0.38929,9,-25.29191,-57.64187,baja
demo_2387,demo,D00,colectora,Trinidad,0.13604,0.01705,0.23009,0.76268,0.32136,9,-25.25985,-57.59401,baja
demo_2388,demo,D10,arterial,Las Mercedes,0.1115,0.00408,4.37321,0.78297,0.64376,9,-25.29435,-57.62491,media
demo_2389,demo,D00,colectora,Trinidad,0.76866,0.05028,0.67181,0.81199,0.09211,2,-25.26196,-57.59443,media
demo_2390,demo,D00,colectora,Villa Morra,0.34469,0.00356,0.35911,0.69726,0.45104,2,-25.29153,-57.5779,baja
demo_2391,demo,D20,local,San Vicente,0.29771,0.017,0.86058,0.79672,0.55942,9,-25.30978,-57.60454,media
demo_2392,demo,D00,arterial,Trinidad,0.2861,0.0058,0.66327,0.74864,0.3121,9,-25.25959,-57.59865,media
demo_2393,demo,D00,colectora,Recoleta,0.19203,0.00732,0.80102,0.80407,0.19519,9,-25.29184,-57.60989,baja
demo_2394,demo,D10,local,Carmelitas,0.16787,0.01579,5.42688,0.78734,0.17325,9,-25.28846,-57.57172,baja
demo_2395,demo,D00,local,Barrio Obrero,0.16214,0.01073,1.28795,0.8045,0.21738,9,-25.31335,-57.62389,baja
demo_2396,demo,D00,local,Centro,0.1551,0.00818,0.81184,0.7439,0.31873,9,-25.28465,-57.64117,baja
demo_2397,demo,D00,colectora,Carmelitas,0.13551,0.02063,0.91996,0.71863,0.33621,9,-25.28435,-57.57771,media
demo_2398,demo,D20,local,Las Mercedes,0.12205,0.02468,0.84533,0.78311,0.55424,9,-25.29157,-57.62503,media
demo_2399,demo,D00,local,Mburucuyá,0.10742,0.00848,0.71135,0.74952,0.30516,9,-25.27824,-57.57497,baja
demo_2400,demo,D00,local,Mburucuyá,0.55542,0.06117,0.17276,0.70249,0.48191,2,-25.27203,-57.57532,media
demo_2401,demo,D00,local,Villa Morra,0.13648,0.04215,0.11725,0.70022,0.46248,2,-25.2925,-57.57213,media
demo_2402,demo,D00,arterial,Mburucuyá,0.13966,0.10642,0.86926,0.17495,0.3632,2,-25.28479,-57.58007,alta
demo_2403,demo,D00,colectora,Sajonia,0.10969,0.02535,0.47254,0.88403,0.55808,2,-25.2931,-57.65272,baja
demo_2404,demo,D00,local,Mburucuyá,0.48637,0.00493,0.3619,0.80108,0.35563,3,-25.27786,-57.57592,baja
demo_2405,demo,D20,colectora,Recoleta,0.37527,0.02384,0.59668,0.76435,0.53189,3,-25.29657,-57.60795,media
demo_2406,demo,D00,local,Centro,0.27301,0.0236,0.61335,0.76468,0.53274,3,-25.28485,-57.64272,media
demo_2407,demo,D20,colectora,Centro,0.3776,0.07957,1.08833,0.86479,0.23832,1,-25.28258,-57.63995,media
demo_2408,demo,D20,arterial,Barrio Obrero,0.72029,0.18881,2.50645,0.84393,0.62641,1,-25.31428,-57.62812,alta
demo_2409,demo,D10,colectora,San Vicente,0.39736,0.01154,5.54596,0.85512,0.87299,6,-25.31432,-57.60552,baja
demo_2410,demo,D20,arterial,Barrio Obrero,0.26454,0.05253,1.20434,0.71117,0.56889,6,-25.31561,-57.62598,alta
demo_2411,demo,D20,colectora,Recoleta,0.17236,0.03109,0.97039,0.69748,0.56784,6,-25.29121,-57.60882,media
demo_2412,demo,D10,colectora,San Vicente,0.16138,0.00781,5.32686,0.80016,0.68155,6,-25.30915,-57.60491,baja
demo_2413,demo,D10,arterial,Villa Morra,0.12802,0.0059,5.2709,0.80059,0.65984,6,-25.28989,-57.57856,media
demo_2414,demo,D20,arterial,Trinidad,0.11087,0.02171,0.90731,0.68817,0.57568,6,-25.25851,-57.59079,alta
demo_2415,demo,D20,colectora,Recoleta,0.4766,0.11359,2.27824,0.88835,0.74564,1,-25.28791,-57.60979,alta
demo_2416,demo,D20,colectora,Las Mercedes,0.77212,0.27469,2.31927,0.82793,0.60058,2,-25.29461,-57.6197,alta
demo_2417,demo,D40,local,Recoleta,0.56523,0.00666,1.6221,0.86008,0.85167,2,-25.29344,-57.60744,media
demo_2418,demo,D20,local,Mburucuyá,0.82304,0.54,1.85185,0.72911,0.5,1,-25.2802,-57.58563,alta
demo_2419,demo,D20,colectora,Las Mercedes,0.6498,0.04188,2.24202,0.71077,0.48238,3,-25.29609,-57.62359,media
demo_2420,demo,D20,colectora,Mburucuyá,0.18059,0.02817,1.77782,0.70569,0.44376,3,-25.2806,-57.57911,media
demo_2421,demo,D40,local,Las Mercedes,0.17179,0.00353,1.71217,0.88363,0.58247,3,-25.29229,-57.62187,media
demo_2422,demo,D00,arterial,Mburucuyá,0.31656,0.0728,0.41111,0.78138,0.43896,1,-25.27668,-57.57931,media
demo_2423,demo,D00,arterial,Barrio Obrero,0.18276,0.02094,1.18567,0.93356,0.27117,3,-25.31505,-57.62457,media
demo_2424,demo,D00,arterial,Barrio Obrero,0.15419,0.03697,1.84992,0.92932,0.22533,3,-25.31423,-57.62514,media
demo_2425,demo,D00,colectora,Las Mercedes,0.11355,0.02047,0.93876,0.92617,0.29136,3,-25.29105,-57.62277,media
demo_2426,demo,D00,arterial,Recoleta,0.1753,0.02476,0.69066,0.89361,0.54829,1,-25.29646,-57.60893,media
demo_2427,demo,D10,local,Recoleta,0.11156,0.01235,4.01389,0.88991,0.342,1,-25.29227,-57.61116,baja
demo_2428,demo,D20,local,Carmelitas,0.49044,0.08363,1.94713,0.89588,0.54707,2,-25.28226,-57.57387,alta
demo_2429,demo,D20,colectora,Centro,0.16833,0.04138,1.04336,0.90017,0.45816,2,-25.28077,-57.64088,media
demo_2430,demo,D10,local,Barrio Obrero,0.13131,0.0333,5.15626,0.82399,0.47545,2,-25.31343,-57.62305,media
demo_2431,demo,D00,arterial,Villa Morra,0.11269,0.00733,0.45868,0.93678,0.72526,2,-25.2936,-57.5792,baja
demo_2432,demo,D00,local,San Vicente,0.63031,0.02161,0.27855,0.76242,0.32173,2,-25.31025,-57.60033,media
demo_2433,demo,D00,colectora,Sajonia,0.10034,0.03319,0.23915,0.80546,0.31628,2,-25.29477,-57.646,media
demo_2434,demo,D20,arterial,Las Mercedes,0.29759,0.06216,1.19642,0.88596,0.86364,9,-25.30005,-57.6271,alta
demo_2435,demo,D10,local,Sajonia,0.22783,0.0115,5.51434,0.95653,0.12591,9,-25.29109,-57.65021,baja
demo_2436,demo,D20,local,Recoleta,0.21366,0.03708,1.95463,0.93113,0.86539,9,-25.28934,-57.60925,media
demo_2437,demo,D20,colectora,Las Mercedes,0.19693,0.05253,1.35115,0.75148,0.4861,9,-25.29591,-57.61816,media
demo_2438,demo,D20,arterial,Sajonia,0.1871,0.07812,1.05331,0.72957,0.47623,9,-25.29487,-57.64528,alta
demo_2439,demo,D20,local,Sajonia,0.17629,0.25359,1.84639,0.8147,0.65662,9,-25.29665,-57.65149,alta
demo_2440,demo,D20,local,Recoleta,0.14752,0.02888,2.47185,0.94596,0.45481,9,-25.28817,-57.61356,media
demo_2441,demo,D10,arterial,Villa Morra,0.11362,0.01715,3.68757,0.9578,0.12592,9,-25.29701,-57.58033,media
demo_2442,demo,D20,local,Recoleta,0.10191,0.17645,2.80086,0.8745,0.6485,9,-25.2897,-57.61633,alta
demo_2443,demo,D00,local,Centro,0.65216,0.3895,0.43239,0.52545,0.73157,1,-25.28537,-57.63524,media
demo_2444,demo,D20,local,Barrio Obrero,0.67375,0.04829,2.31381,0.75571,0.2493,1,-25.31071,-57.62621,media
demo_2445,demo,D20,local,Barrio Obrero,0.24179,0.42557,2.32603,0.78613,0.49807,3,-25.31367,-57.62465,alta
demo_2446,demo,D10,colectora,Mburucuyá,0.21696,0.05518,7.76352,0.05399,0.67259,3,-25.27939,-57.57811,media
demo_2447,demo,D10,local,Carmelitas,0.10075,0.03793,6.23053,0.58875,0.75693,3,-25.28855,-57.57331,media
demo_2448,demo,D20,colectora,Centro,0.34205,0.17269,1.48593,0.82675,0.25979,3,-25.2789,-57.64043,alta
demo_2449,demo,D00,arterial,Sajonia,0.26197,0.13219,1.12829,0.81964,0.31933,3,-25.29384,-57.65019,alta
demo_2450,demo,D20,arterial,Trinidad,0.10972,0.20375,2.07391,0.83346,0.34732,3,-25.2634,-57.5954,alta
demo_2451,demo,D00,arterial,Recoleta,0.10062,0.01172,0.36386,0.74017,0.37938,1,-25.29167,-57.61178,baja
demo_2452,demo,D00,colectora,Recoleta,0.22629,0.0151,0.80732,0.87166,0.81426,5,-25.28947,-57.60802,baja
demo_2453,demo,D00,arterial,Centro,0.17869,0.01083,0.90361,0.77241,0.73557,5,-25.28086,-57.63608,media
demo_2454,demo,D00,colectora,Recoleta,0.17444,0.01243,0.84005,0.88114,0.82654,5,-25.29014,-57.60612,baja
demo_2455,demo,D00,local,Las Mercedes,0.16002,0.00754,0.81246,0.89207,0.82623,5,-25.29139,-57.62056,baja
demo_2456,demo,D00,local,Mburucuyá,0.13501,0.02013,0.8307,0.85999,0.80077,5,-25.27944,-57.58324,baja
demo_2457,demo,D20,colectora,Villa Morra,0.54455,0.1578,1.1621,0.81539,0.39641,8,-25.29115,-57.57777,alta
demo_2458,demo,D20,arterial,Carmelitas,0.53282,0.10694,0.91352,0.82808,0.84156,8,-25.28696,-57.57257,alta
demo_2459,demo,D40,colectora,Centro,0.49254,0.01189,0.88571,0.94207,0.46302,8,-25.28759,-57.6299,media
demo_2460,demo,D40,local,Barrio Obrero,0.26349,0.00111,1.46544,0.72496,0.82565,8,-25.31658,-57.62873,media
demo_2461,demo,D20,colectora,Mburucuyá,0.23525,0.0543,1.03925,0.88531,0.88123,8,-25.28009,-57.57794,media
demo_2462,demo,D40,local,Carmelitas,0.15488,0.00833,0.933,0.93342,0.45931,8,-25.2882,-57.57136,media
demo_2463,demo,D40,arterial,Trinidad,0.12449,0.02304,1.63428,0.9406,0.50766,8,-25.25975,-57.59469,alta
demo_2464,demo,D40,local,Trinidad,0.11933,0.00181,1.50507,0.72516,0.82154,8,-25.26473,-57.59388,baja
demo_2465,demo,D10,colectora,Trinidad,0.23802,0.02749,9.46969,0.82697,0.2564,3,-25.26071,-57.59332,media
demo_2466,demo,D10,local,Sajonia,0.19015,0.0076,6.64036,0.83273,0.38965,3,-25.29163,-57.64616,baja
demo_2467,demo,D10,colectora,Villa Morra,0.18053,0.00437,6.61226,0.82438,0.0861,3,-25.29728,-57.57779,baja
demo_2468,demo,D20,local,Villa Morra,0.69966,0.32026,2.52806,0.82204,0.54864,2,-25.29522,-57.5763,alta
demo_2469,demo,D40,arterial,San Vicente,0.12376,0.0055,2.46172,0.97622,0.20332,2,-25.30983,-57.60814,alta
demo_2470,demo,D00,local,San Vicente,0.4203,0.0328,0.40727,0.85811,0.35647,10,-25.30762,-57.60506,media
demo_2471,demo,D00,colectora,Villa Morra,0.28553,0.0048,0.5189,0.8667,0.15942,10,-25.2925,-57.57351,baja
demo_2472,demo,D10,arterial,Recoleta,0.2527,0.01274,8.03381,0.81735,0.16207,10,-25.2972,-57.60368,media
demo_2473,demo,D00,arterial,Trinidad,0.21677,0.00161,0.56081,0.73044,0.22768,10,-25.25949,-57.59164,media
demo_2474,demo,D00,local,Barrio Obrero,0.16239,0.01274,0.63156,0.88797,0.13926,10,-25.3122,-57.624,baja
demo_2475,demo,D10,local,Recoleta,0.14682,0.01627,2.87445,0.91902,0.18895,10,-25.29365,-57.60689,baja
demo_2476,demo,D10,colectora,Las Mercedes,0.14495,0.00339,4.51598,0.89354,0.23497,10,-25.29126,-57.62424,baja
demo_2477,demo,D00,arterial,Carmelitas,0.13257,0.04633,0.60226,0.86133,0.38085,10,-25.28393,-57.57762,media
demo_2478,demo,D10,local,Las Mercedes,0.12533,0.01771,10.04792,0.81319,0.2109,10,-25.29834,-57.61786,baja
demo_2479,demo,D00,arterial,Recoleta,0.11333,0.02597,0.53201,0.85017,0.05877,10,-25.2938,-57.60997,media
demo_2480,demo,D20,local,Trinidad,0.25842,0.01322,1.96628,0.80582,0.71594,2,-25.26188,-57.59874,media
demo_2481,demo,D20,local,Las Mercedes,0.25581,0.02954,1.37104,0.92312,0.87804,2,-25.29336,-57.62143,media
demo_2482,demo,D00,local,Recoleta,0.72729,0.02451,0.24919,0.48875,0.44053,3,-25.29003,-57.61206,media
demo_2483,demo,D00,local,Carmelitas,0.56689,0.03495,1.39845,0.35027,0.88946,3,-25.28508,-57.57583,media
demo_2484,demo,D00,arterial,Barrio Obrero,0.55795,0.02213,0.17217,0.82073,0.36391,3,-25.31315,-57.62399,media
demo_2485,demo,D40,local,Trinidad,0.56724,0.00982,2.73498,0.71863,0.35754,10,-25.26342,-57.60091,media
demo_2486,demo,D20,arterial,San Vicente,0.55592,0.23144,3.24208,0.852,0.56689,10,-25.31476,-57.60526,alta
demo_2487,demo,D40,local,San Vicente,0.44751,0.00319,1.6589,0.72907,0.68746,10,-25.31219,-57.60685,media
demo_2488,demo,D40,local,Mburucuyá,0.35815,0.01328,2.42046,0.69518,0.78052,10,-25.2769,-57.58214,media
demo_2489,demo,D40,arterial,Mburucuyá,0.34429,0.00541,3.04347,0.67919,0.60051,10,-25.28196,-57.58402,alta
demo_2490,demo,D40,local,Carmelitas,0.34417,0.02248,2.41714,0.80354,0.65138,10,-25.28294,-57.57926,alta
demo_2491,demo,D40,local,Trinidad,0.26568,0.00578,1.99388,0.80342,0.59124,10,-25.26297,-57.59399,media
demo_2492,demo,D40,colectora,Mburucuyá,0.21575,0.00891,2.51813,0.70473,0.79911,10,-25.27698,-57.5808,media
demo_2493,demo,D40,arterial,Las Mercedes,0.13732,0.00742,2.39301,0.67648,0.59259,10,-25.28636,-57.62286,alta
demo_2494,demo,D40,arterial,Trinidad,0.12375,0.00469,1.98568,0.6801,0.72547,10,-25.25921,-57.59363,alta
demo_2495,demo,D00,local,Mburucuyá,0.79025,0.16771,0.2906,0.60825,0.88962,4,-25.27885,-57.5783,media
demo_2496,demo,D10,colectora,San Vicente,0.38618,0.00846,13.2548,0.45841,0.50147,4,-25.30763,-57.60659,baja
demo_2497,demo,D10,local,Mburucuyá,0.37797,0.00781,4.88702,0.51774,0.79409,4,-25.27591,-57.56987,baja
demo_2498,demo,D10,arterial,San Vicente,0.13114,0.0214,4.42475,0.5309,0.84615,4,-25.31081,-57.60665,media
demo_2499,demo,D40,local,Trinidad,0.13017,0.00439,3.15402,0.59191,0.47421,1,-25.25082,-57.59622,baja
demo_2500,demo,D20,arterial,Trinidad,0.71118,0.22484,1.16935,0.78049,0.74199,3,-25.25661,-57.58715,alta
demo_2501,demo,D10,colectora,Recoleta,0.22008,0.01994,7.60994,0.70595,0.36176,3,-25.29116,-57.61114,baja
demo_2502,demo,D20,local,Centro,0.12344,0.01848,1.96008,0.57628,0.30428,3,-25.28111,-57.63235,media
demo_2503,demo,D20,local,Sajonia,0.7979,0.34672,2.66264,0.81856,0.48518,1,-25.29283,-57.64312,alta
demo_2504,demo,D40,colectora,Mburucuyá,0.87477,0.05288,0.40014,0.81797,0.38145,2,-25.27916,-57.58073,alta
demo_2505,demo,D00,colectora,San Vicente,0.14979,0.00174,0.94377,0.26868,0.05226,2,-25.3122,-57.60805,baja
demo_2506,demo,D40,arterial,Trinidad,0.61574,0.00262,1.54005,0.83789,0.62519,2,-25.25308,-57.59173,alta
demo_2507,demo,D40,arterial,Centro,0.15862,0.00128,2.38016,0.69554,0.3346,2,-25.28258,-57.63609,alta
demo_2508,demo,D00,local,Barrio Obrero,0.37121,0.18118,0.23145,0.5554,0.78498,4,-25.31498,-57.62794,media
demo_2509,demo,D40,local,Trinidad,0.2561,0.00652,1.07861,0.11379,0.86991,4,-25.25961,-57.58997,baja
demo_2510,demo,D00,arterial,Trinidad,0.11306,0.18374,0.22358,0.54598,0.83424,4,-25.25785,-57.60022,alta
demo_2511,demo,D00,colectora,Carmelitas,0.10478,0.11404,0.29835,0.68991,0.77495,4,-25.28545,-57.57488,media
demo_2512,demo,D00,colectora,San Vicente,0.16846,0.07755,0.38929,0.76661,0.28779,1,-25.31016,-57.60536,media
demo_2513,demo,D20,colectora,Sajonia,0.50176,0.11395,0.75315,0.80552,0.14648,5,-25.2944,-57.64742,alta
demo_2514,demo,D20,colectora,San Vicente,0.23672,0.25777,1.54659,0.79573,0.31582,5,-25.31284,-57.60743,alta
demo_2515,demo,D20,local,Mburucuyá,0.17761,0.21028,1.92315,0.8333,0.58655,5,-25.28232,-57.57933,alta
demo_2516,demo,D20,local,Carmelitas,0.12632,0.11705,2.14985,0.88333,0.74868,5,-25.28466,-57.57001,alta
demo_2517,demo,D20,local,Recoleta,0.1052,0.07182,2.42599,0.91397,0.78979,5,-25.29444,-57.60893,baja
demo_2518,demo,D10,local,Centro,0.46853,0.00839,6.86143,0.69319,0.83809,3,-25.28052,-57.63743,baja
demo_2519,demo,D10,local,Sajonia,0.34642,0.01212,6.8535,0.69189,0.85229,3,-25.29462,-57.65024,baja
demo_2520,demo,D10,colectora,San Vicente,0.11578,0.00414,4.66901,0.70157,0.14392,3,-25.3134,-57.60671,baja
demo_2521,demo,D20,local,Recoleta,0.15521,0.09314,1.22418,0.80039,0.1693,1,-25.29052,-57.60192,alta
demo_2522,demo,D00,local,San Vicente,0.62429,0.07265,0.07265,0.5,0.4782,4,-25.30949,-57.60333,media
demo_2523,demo,D10,colectora,Carmelitas,0.36926,0.03064,6.91725,0.20443,0.76342,4,-25.28471,-57.5733,media
demo_2524,demo,D00,local,Villa Morra,0.30083,0.05773,0.08138,0.57888,0.48708,4,-25.29997,-57.57613,media
demo_2525,demo,D00,arterial,Trinidad,0.15561,0.05164,0.07275,0.42126,0.46869,4,-25.26116,-57.59393,media
demo_2526,demo,D10,arterial,San Vicente,0.24536,0.00893,6.26792,0.66936,0.12565,1,-25.31433,-57.60606,media
demo_2527,demo,D20,colectora,Las Mercedes,0.74785,0.2804,1.43861,0.77837,0.60463,1,-25.29427,-57.62118,alta
demo_2528,demo,D00,local,San Vicente,0.51048,0.01111,0.26605,0.76288,0.4433,4,-25.31192,-57.60581,baja
demo_2529,demo,D00,local,Villa Morra,0.44175,0.00259,0.39901,0.70445,0.28842,4,-25.29254,-57.5789,baja
demo_2530,demo,D10,arterial,Recoleta,0.43359,0.00994,3.72551,0.93294,0.10209,4,-25.29218,-57.60777,media
demo_2531,demo,D00,local,Mburucuyá,0.27042,0.03046,0.25156,0.82428,0.45684,4,-25.27848,-57.57726,media
demo_2532,demo,D00,local,Centro,0.27421,0.00937,0.39574,0.7928,0.55508,3,-25.28023,-57.63398,baja
demo_2533,demo,D00,local,Barrio Obrero,0.17734,0.00507,1.06323,0.72592,0.61406,3,-25.31516,-57.61955,baja
demo_2534,demo,D00,colectora,Las Mercedes,0.12654,0.01076,0.76869,0.79653,0.41439,3,-25.28882,-57.6236,baja
demo_2535,demo,D00,local,Villa Morra,0.28288,0.00759,0.23864,0.73833,0.39702,3,-25.29192,-57.57989,baja
demo_2536,demo,D00,arterial,Barrio Obrero,0.16162,0.00655,0.48646,0.94172,0.50926,3,-25.31957,-57.62479,baja
demo_2537,demo,D00,colectora,San Vicente,0.10017,0.0103,0.80523,0.94346,0.52789,3,-25.30732,-57.60319,baja
demo_2538,demo,D10,local,San Vicente,0.21227,0.00317,4.8685,0.76769,0.1669,1,-25.3067,-57.60355,baja
demo_2539,demo,D40,local,San Vicente,0.40633,0.03036,2.42248,0.71865,0.64345,5,-25.31162,-57.60756,alta
demo_2540,demo,D40,colectora,Trinidad,0.24145,0.04055,1.88585,0.88332,0.14064,5,-25.25334,-57.58974,alta
demo_2541,demo,D40,colectora,Sajonia,0.22243,0.05911,1.4202,0.89787,0.14487,5,-25.29719,-57.64805,alta
demo_2542,demo,D40,colectora,Barrio Obrero,0.17409,0.01294,2.56822,0.6883,0.34538,5,-25.31372,-57.62308,media
demo_2543,demo,D40,local,Las Mercedes,0.111,0.1188,2.11431,0.79419,0.74908,5,-25.29506,-57.62411,alta
demo_2544,demo,D00,local,Las Mercedes,0.63665,0.02921,0.68193,0.89652,0.26151,5,-25.29279,-57.62461,media
demo_2545,demo,D10,local,Centro,0.40801,0.02924,11.77648,0.76604,0.39433,5,-25.28616,-57.63791,media
demo_2546,demo,D10,colectora,Recoleta,0.3409,0.01796,13.15128,0.76818,0.38112,5,-25.29067,-57.6076,baja
demo_2547,demo,D00,colectora,Centro,0.28464,0.01811,0.58751,0.86913,0.05157,5,-25.28518,-57.6353,baja
demo_2548,demo,D00,colectora,Mburucuyá,0.1098,0.01195,0.91971,0.83981,0.05241,5,-25.27577,-57.58409,baja
demo_2549,demo,D20,local,Trinidad,0.56256,0.1981,1.47049,0.81648,0.56028,7,-25.26096,-57.59535,alta
demo_2550,demo,D00,local,Mburucuyá,0.3062,0.01882,0.88851,0.79566,0.89497,7,-25.27787,-57.58033,baja
demo_2551,demo,D20,arterial,Villa Morra,0.22795,0.28168,1.96087,0.80905,0.6284,7,-25.29663,-57.57786,alta
demo_2552,demo,D00,local,Mburucuyá,0.20647,0.03385,0.78436,0.73301,0.91853,7,-25.28283,-57.57841,media
demo_2553,demo,D20,local,Trinidad,0.155,0.06109,0.49877,0.79743,0.91272,7,-25.25822,-57.59355,media
demo_2554,demo,D00,local,Barrio Obrero,0.10984,0.03171,0.89029,0.81687,0.91453,7,-25.31107,-57.62625,media
demo_2555,demo,D00,local,Recoleta,0.10558,0.01099,0.95816,0.65594,0.9487,7,-25.29062,-57.60545,baja
demo_2556,demo,D10,local,San Vicente,0.37883,0.1662,6.00635,0.40072,0.49956,3,-25.31244,-57.60739,media
demo_2557,demo,D10,local,Mburucuyá,0.20755,0.17609,5.67886,0.36689,0.5,3,-25.28141,-57.57871,media
demo_2558,demo,D10,colectora,Barrio Obrero,0.10255,0.29332,3.40928,0.30926,0.5,3,-25.31073,-57.62492,media
demo_2559,demo,D10,local,Carmelitas,0.42438,0.06067,8.93322,0.72884,0.6286,2,-25.28828,-57.57629,media
demo_2560,demo,D10,local,Carmelitas,0.1457,0.03975,7.20507,0.72013,0.53834,2,-25.28437,-57.5712,media
demo_2561,demo,D40,local,Sajonia,0.78741,0.00205,1.13512,0.15457,0.46319,2,-25.28827,-57.6439,media
demo_2562,demo,D40,local,Barrio Obrero,0.44577,0.00027,0.70719,0.15635,0.42538,2,-25.31912,-57.62583,media
demo_2563,demo,D00,colectora,Recoleta,0.12218,0.00552,0.42285,0.86593,0.57327,1,-25.29056,-57.60484,baja
demo_2564,demo,D40,arterial,Las Mercedes,0.10867,0.02237,4.72883,0.96534,0.63351,1,-25.29547,-57.62103,alta
demo_2565,demo,D40,colectora,Sajonia,0.60836,0.00502,1.2367,0.75429,0.50682,2,-25.29215,-57.65164,media
demo_2566,demo,D00,local,Mburucuyá,0.39905,0.00079,0.49277,0.72245,0.38142,2,-25.27547,-57.57536,baja
demo_2567,demo,D00,colectora,Las Mercedes,0.59394,0.00444,0.40676,0.7851,0.40516,1,-25.28491,-57.62119,baja
demo_2568,demo,D40,local,Mburucuyá,0.46863,0.00216,1.86388,0.64288,0.08752,4,-25.27576,-57.57681,media
demo_2569,demo,D40,arterial,Barrio Obrero,0.29673,0.0034,1.81124,0.66108,0.48902,4,-25.31455,-57.62492,alta
demo_2570,demo,D40,arterial,Las Mercedes,0.25769,0.00211,1.76048,0.66325,0.48212,4,-25.29336,-57.62541,alta
demo_2571,demo,D20,colectora,Recoleta,0.1738,0.01706,1.08895,0.75028,0.42235,4,-25.29382,-57.61071,media
demo_2572,demo,D00,local,Recoleta,0.31985,0.00969,1.00922,0.80001,0.26768,2,-25.2964,-57.61267,baja
demo_2573,demo,D40,arterial,Recoleta,0.10156,0.00826,0.95862,0.79951,0.27111,2,-25.28804,-57.61265,alta
demo_2574,demo,D00,local,Barrio Obrero,0.3254,0.00967,0.23101,0.77032,0.46406,1,-25.32187,-57.63122,baja
demo_2575,demo,D00,colectora,Barrio Obrero,0.60345,0.04523,0.69579,0.83456,0.18758,1,-25.31322,-57.62239,media
demo_2576,demo,D40,arterial,Trinidad,0.84061,0.01095,0.44305,0.46413,0.42943,3,-25.25797,-57.59071,alta
demo_2577,demo,D40,local,Barrio Obrero,0.13164,0.00178,1.1863,0.52043,0.41361,3,-25.31028,-57.6268,baja
demo_2578,demo,D40,local,Las Mercedes,0.12658,0.00794,0.49702,0.45485,0.4351,3,-25.29329,-57.62387,baja
demo_2579,demo,D20,colectora,Carmelitas,0.60813,0.19656,1.44858,0.81582,0.42382,1,-25.28193,-57.57185,alta
demo_2580,demo,D00,local,Mburucuyá,0.82209,0.11568,0.31842,0.35394,0.24801,4,-25.27631,-57.57589,media
demo_2581,demo,D20,local,Las Mercedes,0.80159,0.49816,1.04261,0.65074,0.63375,4,-25.29073,-57.62346,alta
demo_2582,demo,D20,colectora,Villa Morra,0.76972,0.04108,1.40025,0.2009,0.53354,4,-25.29419,-57.57557,media
demo_2583,demo,D40,colectora,Carmelitas,0.10268,0.00184,1.50297,0.98248,0.97365,4,-25.28448,-57.56991,baja
demo_2584,demo,D00,arterial,Centro,0.27905,0.01619,0.39183,0.8983,0.41847,4,-25.28769,-57.63776,media
demo_2585,demo,D00,local,Trinidad,0.27247,0.04649,1.5365,0.91303,0.63903,4,-25.2569,-57.59499,media
demo_2586,demo,D00,arterial,Villa Morra,0.16884,0.03131,0.98685,0.91094,0.6021,4,-25.29218,-57.57988,media
demo_2587,demo,D00,local,Centro,0.16859,0.02785,0.67794,0.89866,0.38963,4,-25.28537,-57.63516,media
demo_2588,demo,D40,local,Trinidad,0.27469,0.01108,4.36184,0.46233,0.52998,2,-25.25773,-57.60215,media
demo_2589,demo,D40,local,Trinidad,0.12249,0.00194,1.29218,0.52618,0.50954,2,-25.25622,-57.59668,baja
demo_2590,demo,D20,colectora,Mburucuyá,0.29828,0.12582,1.5209,0.74007,0.56237,3,-25.27925,-57.58014,alta
demo_2591,demo,D40,arterial,Recoleta,0.25939,0.10317,1.39881,0.74288,0.53227,3,-25.29698,-57.61272,alta
demo_2592,demo,D40,colectora,Barrio Obrero,0.15795,0.02111,1.43914,0.75714,0.43602,3,-25.31079,-57.62436,alta
demo_2593,demo,D10,colectora,Sajonia,0.35478,0.00848,4.82464,0.71596,0.10113,9,-25.29466,-57.65108,baja
demo_2594,demo,D00,colectora,Barrio Obrero,0.3486,0.02062,0.26124,0.75321,0.19024,9,-25.31471,-57.62749,media
demo_2595,demo,D00,local,Villa Morra,0.25952,0.00831,0.23511,0.80241,0.17788,9,-25.29829,-57.57731,baja
demo_2596,demo,D10,arterial,Barrio Obrero,0.22632,0.01489,9.07287,0.62232,0.19023,9,-25.32019,-57.62586,media
demo_2597,demo,D10,local,Trinidad,0.17711,0.01231,3.56691,0.72332,0.10479,9,-25.26005,-57.59153,baja
demo_2598,demo,D00,colectora,Villa Morra,0.11799,0.01521,0.23817,0.77144,0.18272,9,-25.29449,-57.57455,baja
demo_2599,demo,D10,arterial,Mburucuyá,0.11488,0.00745,6.82941,0.63213,0.11676,9,-25.28031,-57.58184,media
demo_2600,demo,D10,arterial,Barrio Obrero,0.10998,0.00625,6.87839,0.67562,0.10391,9,-25.31669,-57.62609,media
demo_2601,demo,D10,arterial,Villa Morra,0.10305,0.01053,2.58247,0.83672,0.08244,9,-25.2918,-57.57829,media
demo_2602,demo,D10,local,Las Mercedes,0.61603,0.01099,4.16874,0.88362,0.10715,9,-25.29136,-57.62468,baja
demo_2603,demo,D10,local,Trinidad,0.60358,0.00665,5.30471,0.69367,0.20214,9,-25.25456,-57.5927,baja
demo_2604,demo,D20,arterial,San Vicente,0.53826,0.04805,0.62947,0.84281,0.50333,9,-25.30988,-57.61179,alta
demo_2605,demo,D10,colectora,San Vicente,0.42152,0.00416,4.88053,0.73469,0.34534,9,-25.31298,-57.60449,baja
demo_2606,demo,D10,arterial,Centro,0.41383,0.00279,4.76301,0.67197,0.36296,9,-25.28152,-57.63778,media
demo_2607,demo,D10,local,Centro,0.40128,0.00433,4.02387,0.74177,0.74947,9,-25.27996,-57.63974,baja
demo_2608,demo,D10,arterial,Trinidad,0.40099,0.0041,4.04949,0.59135,0.27116,9,-25.25228,-57.59667,media
demo_2609,demo,D20,arterial,Trinidad,0.25778,0.02795,1.13297,0.61257,0.60739,9,-25.26029,-57.59303,alta
demo_2610,demo,D10,colectora,Trinidad,0.24418,0.00379,6.25644,0.62722,0.49378,9,-25.25621,-57.59484,baja
demo_2611,demo,D00,colectora,San Vicente,0.54218,0.02161,1.21815,0.79038,0.17312,2,-25.31325,-57.6091,media
demo_2612,demo,D00,local,Barrio Obrero,0.20398,0.03277,1.25739,0.7749,0.19363,2,-25.31421,-57.62778,media
demo_2613,demo,D20,local,Sajonia,0.78793,0.06439,1.4988,0.89637,0.84226,4,-25.29669,-57.64521,media
demo_2614,demo,D40,local,Las Mercedes,0.46703,0.00792,2.21438,0.60389,0.1434,4,-25.28982,-57.62125,media
demo_2615,demo,D20,local,Carmelitas,0.32525,0.03392,5.1304,0.9592,0.32197,4,-25.28599,-57.57523,media
demo_2616,demo,D40,local,Barrio Obrero,0.17867,0.00202,1.21836,0.59996,0.17889,4,-25.31647,-57.62593,media
demo_2617,demo,D10,arterial,Carmelitas,0.37543,0.00935,6.18965,0.83805,0.37855,2,-25.27918,-57.57639,media
demo_2618,demo,D00,local,San Vicente,0.11032,0.12187,1.66147,0.74501,0.76708,2,-25.30884,-57.60284,media
demo_2619,demo,D20,local,Barrio Obrero,0.7883,0.24851,1.83709,0.1839,0.66217,7,-25.32091,-57.62734,alta
demo_2620,demo,D20,arterial,Sajonia,0.31529,0.03441,0.86265,0.49074,0.91295,7,-25.29579,-57.64724,alta
demo_2621,demo,D00,local,Villa Morra,0.28582,0.0076,0.67474,0.05308,0.25805,7,-25.29363,-57.58117,baja
demo_2622,demo,D00,local,Mburucuyá,0.23785,0.00557,0.47573,0.05548,0.26662,7,-25.27977,-57.5782,baja
demo_2623,demo,D00,local,Villa Morra,0.13827,0.0066,1.8995,0.9701,0.20421,7,-25.29524,-57.57736,baja
demo_2624,demo,D20,local,Recoleta,0.11188,0.05267,0.61486,0.4704,0.90984,7,-25.292,-57.60906,baja
demo_2625,demo,D00,colectora,Centro,0.10625,0.01089,0.96143,0.05335,0.24171,7,-25.2813,-57.63233,baja
demo_2626,demo,D10,colectora,Sajonia,0.30964,0.00688,7.97627,0.74289,0.72525,1,-25.289,-57.64337,baja
demo_2627,demo,D10,local,Recoleta,0.50082,0.01695,7.15903,0.1921,0.17754,5,-25.29509,-57.60388,baja
demo_2628,demo,D10,arterial,Centro,0.42452,0.09657,3.35178,0.76328,0.28447,5,-25.28375,-57.63337,alta
demo_2629,demo,D10,colectora,San Vicente,0.37432,0.00662,9.36438,0.65725,0.87546,5,-25.30889,-57.60835,baja
demo_2630,demo,D10,colectora,San Vicente,0.30212,0.00941,8.21746,0.66113,0.86066,5,-25.30721,-57.60463,baja
demo_2631,demo,D10,colectora,Villa Morra,0.11876,0.06286,5.25867,0.79666,0.29448,5,-25.29127,-57.5817,media
demo_2632,demo,D20,colectora,Barrio Obrero,0.6146,0.08052,0.39755,0.74957,0.47969,2,-25.32053,-57.62126,alta
demo_2633,demo,D00,arterial,Trinidad,0.27514,0.01418,0.37214,0.87836,0.51493,2,-25.26056,-57.59355,media
demo_2634,demo,D00,local,Las Mercedes,0.74278,0.00998,0.46564,0.89156,0.07005,1,-25.2963,-57.62242,baja
demo_2635,demo,D10,local,Villa Morra,0.64589,0.00554,3.49334,0.8862,0.19294,5,-25.29305,-57.57219,baja
demo_2636,demo,D20,local,Mburucuyá,0.45686,0.02536,0.42146,0.7544,0.6005,5,-25.2764,-57.57365,media
demo_2637,demo,D10,local,Trinidad,0.27437,0.01635,9.24476,0.66449,0.80558,5,-25.26331,-57.59491,baja
demo_2638,demo,D20,colectora,Las Mercedes,0.17032,0.03961,0.29293,0.81197,0.60212,5,-25.29953,-57.62135,media
demo_2639,demo,D10,local,San Vicente,0.10049,0.00876,9.38404,0.65841,0.41873,5,-25.31662,-57.60505,baja
demo_2640,demo,D10,arterial,Las Mercedes,0.17364,0.00678,4.87259,0.59417,0.5612,3,-25.29419,-57.62593,media
demo_2641,demo,D10,arterial,Carmelitas,0.16421,0.00576,7.54755,0.61869,0.3609,3,-25.28205,-57.5753,media
demo_2642,demo,D20,arterial,Carmelitas,0.12607,0.02578,1.45763,0.83263,0.59357,3,-25.2875,-57.57938,alta
demo_2643,demo,D00,colectora,Mburucuyá,0.7845,0.10788,0.64658,0.79522,0.21882,4,-25.28408,-57.58345,media
demo_2644,demo,D00,local,Sajonia,0.64275,0.00726,0.19033,0.90236,0.35067,4,-25.29438,-57.64644,baja
demo_2645,demo,D00,arterial,Centro,0.30214,0.00151,0.24207,0.56934,0.38922,4,-25.28432,-57.636,media
demo_2646,demo,D00,colectora,Mburucuyá,0.13954,0.03727,0.65573,0.88058,0.16394,4,-25.27868,-57.57839,media
demo_2647,demo,D00,local,Sajonia,0.61111,0.09339,0.09359,0.50052,0.45234,2,-25.29008,-57.65046,media
demo_2648,demo,D00,arterial,Carmelitas,0.17709,0.06144,0.07704,0.44652,0.43933,2,-25.28729,-57.57336,media
demo_2649,demo,D00,local,Trinidad,0.70266,0.00901,0.60898,0.13498,0.67716,6,-25.25831,-57.59389,baja
demo_2650,demo,D00,arterial,Las Mercedes,0.69053,0.11975,0.17444,0.58573,0.45713,6,-25.2961,-57.6248,alta
demo_2651,demo,D00,colectora,Sajonia,0.43919,0.07616,0.10547,0.57452,0.43587,6,-25.29537,-57.64582,media
demo_2652,demo,D00,local,Sajonia,0.35375,0.00551,0.89338,0.1823,0.58966,6,-25.29724,-57.64721,baja
demo_2653,demo,D00,colectora,Recoleta,0.26422,0.00384,0.71785,0.17969,0.59557,6,-25.29319,-57.60506,baja
demo_2654,demo,D00,colectora,Sajonia,0.20634,0.07911,0.30396,0.7377,0.92241,6,-25.29507,-57.64925,media
demo_2655,demo,D00,local,Recoleta,0.11747,0.00991,0.68177,0.81545,0.24758,1,-25.29087,-57.60527,baja
demo_2656,demo,D10,arterial,Centro,0.40363,0.01101,8.27656,0.71629,0.42621,5,-25.28306,-57.63482,media
demo_2657,demo,D00,local,Mburucuyá,0.38635,0.01863,0.55881,0.82473,0.22664,5,-25.28172,-57.5795,baja
demo_2658,demo,D00,local,Barrio Obrero,0.25739,0.01089,0.43289,0.92052,0.37715,5,-25.31914,-57.62418,baja
demo_2659,demo,D10,colectora,Recoleta,0.16918,0.02141,12.37395,0.71685,0.31342,5,-25.28541,-57.61056,media
demo_2660,demo,D10,colectora,San Vicente,0.12407,0.00664,4.86057,0.65455,0.43662,5,-25.31172,-57.60913,baja
demo_2661,demo,D20,arterial,Carmelitas,0.75244,0.09197,1.09472,0.81885,0.15865,4,-25.28838,-57.57202,alta
demo_2662,demo,D20,local,Carmelitas,0.44064,0.02902,1.03653,0.63524,0.70407,4,-25.28164,-57.57471,media
demo_2663,demo,D20,colectora,Mburucuyá,0.28792,0.04489,1.33287,0.63345,0.71358,4,-25.28398,-57.57805,media
demo_2664,demo,D20,arterial,Sajonia,0.17965,0.01032,2.51719,0.52776,0.29229,4,-25.2921,-57.64351,media
demo_2665,demo,D00,colectora,Carmelitas,0.6107,0.00718,0.56639,0.94229,0.16758,21,-25.28208,-57.57436,baja
demo_2666,demo,D00,colectora,Recoleta,0.55006,0.02286,0.18649,0.82188,0.45405,21,-25.29373,-57.61215,media
demo_2667,demo,D00,arterial,Mburucuyá,0.46505,0.09339,1.26608,0.73481,0.18141,21,-25.2753,-57.57557,alta
demo_2668,demo,D00,local,Centro,0.22805,0.0024,0.26137,0.67043,0.39491,21,-25.27218,-57.63487,baja
demo_2669,demo,D00,arterial,San Vicente,0.22311,0.00579,0.19476,0.73781,0.4418,21,-25.31359,-57.60682,media
demo_2670,demo,D00,colectora,Trinidad,0.20845,0.0035,0.3287,0.66786,0.39826,21,-25.2576,-57.59495,baja
demo_2671,demo,D00,local,Mburucuyá,0.18771,0.0058,0.37008,0.65284,0.39555,21,-25.282,-57.5779,baja
demo_2672,demo,D00,colectora,Trinidad,0.18711,0.01579,0.2661,0.87514,0.45439,21,-25.26057,-57.58879,baja
demo_2673,demo,D10,local,Villa Morra,0.16954,0.00653,6.31682,0.85043,0.32378,21,-25.29379,-57.57858,baja
demo_2674,demo,D00,arterial,Villa Morra,0.15673,0.0019,0.6752,0.60654,0.37986,21,-25.2921,-57.57176,media
demo_2675,demo,D10,arterial,Trinidad,0.15555,0.01369,7.39193,0.84806,0.38455,21,-25.26031,-57.59518,media
demo_2676,demo,D00,local,Trinidad,0.14635,0.00064,0.55772,0.61458,0.37213,21,-25.25981,-57.59815,baja
demo_2677,demo,D00,local,Centro,0.14295,0.0028,0.8006,0.60019,0.38577,21,-25.28193,-57.63623,baja
demo_2678,demo,D00,arterial,San Vicente,0.13715,0.00423,0.82916,0.83209,0.08842,21,-25.30808,-57.60285,media
demo_2679,demo,D00,local,San Vicente,0.11532,0.03546,1.28881,0.6932,0.22957,21,-25.31065,-57.60618,media
demo_2680,demo,D00,arterial,Trinidad,0.11247,0.01841,1.03255,0.80198,0.06926,21,-25.26213,-57.59662,media
demo_2681,demo,D00,arterial,Centro,0.11247,0.0096,0.36817,0.918,0.45832,21,-25.2821,-57.62774,media
demo_2682,demo,D00,colectora,Barrio Obrero,0.10791,0.05802,1.05814,0.73068,0.20223,21,-25.31954,-57.63,media
demo_2683,demo,D00,local,Barrio Obrero,0.10662,0.00137,0.37332,0.60711,0.43094,21,-25.31356,-57.62751,baja
demo_2684,demo,D00,local,Sajonia,0.10544,0.00116,0.36703,0.6801,0.44121,21,-25.29414,-57.64476,baja
demo_2685,demo,D00,local,Las Mercedes,0.10296,0.00099,0.49219,0.61793,0.4296,21,-25.29401,-57.62282,baja
demo_2686,demo,D20,local,Villa Morra,0.31966,0.56855,1.73845,0.71406,0.50037,1,-25.29565,-57.57955,alta
demo_2687,demo,D20,local,Las Mercedes,0.57596,0.26055,2.78923,0.76664,0.56474,2,-25.29155,-57.62729,alta
demo_2688,demo,D40,colectora,Mburucuyá,0.13441,0.12411,1.83428,0.8604,0.26428,2,-25.27928,-57.5759,alta
demo_2689,demo,D10,local,San Vicente,0.23664,0.00712,3.59053,0.13943,0.92004,3,-25.31106,-57.60985,baja
demo_2690,demo,D00,local,Mburucuyá,0.16553,0.07631,0.82293,0.16149,0.83629,3,-25.27929,-57.57848,media
demo_2691,demo,D00,colectora,Barrio Obrero,0.12874,0.01972,0.61514,0.23148,0.9022,3,-25.31641,-57.62186,baja
demo_2692,demo,D00,arterial,Villa Morra,0.62178,0.02714,0.67507,0.89177,0.16801,5,-25.29465,-57.58169,media
demo_2693,demo,D00,colectora,Recoleta,0.55557,0.013,0.32606,0.73049,0.43673,5,-25.29065,-57.60554,baja
demo_2694,demo,D10,colectora,Villa Morra,0.23595,0.03673,9.41409,0.70142,0.36507,5,-25.29363,-57.57863,media
demo_2695,demo,D00,local,Carmelitas,0.17227,0.00173,0.44813,0.73366,0.27191,5,-25.2815,-57.57561,baja
demo_2696,demo,D10,arterial,Sajonia,0.10128,0.01933,9.10036,0.70738,0.29204,5,-25.29666,-57.64838,media
demo_2697,demo,D00,local,Barrio Obrero,0.31234,0.02566,0.76434,0.77132,0.30951,2,-25.31631,-57.62891,media
demo_2698,demo,D20,colectora,Centro,0.19238,0.03742,1.13976,0.77575,0.27791,2,-25.28272,-57.63474,media
demo_2699,demo,D00,local,Sajonia,0.48265,0.03497,0.76608,0.88928,0.18979,12,-25.29458,-57.64716,media
demo_2700,demo,D00,colectora,Villa Morra,0.36351,0.01434,0.2034,0.86585,0.41437,12,-25.29528,-57.57533,baja
demo_2701,demo,D10,arterial,Recoleta,0.30078,0.02735,10.73973,0.73107,0.29235,12,-25.29194,-57.60599,media
demo_2702,demo,D00,local,Mburucuyá,0.26426,0.022,0.12033,0.78619,0.41044,12,-25.27943,-57.57935,media
demo_2703,demo,D00,local,Sajonia,0.20489,0.0071,0.73149,0.77975,0.20036,12,-25.29179,-57.6485,baja
demo_2704,demo,D10,local,Recoleta,0.16052,0.01782,8.43235,0.72644,0.37849,12,-25.29285,-57.61187,baja
demo_2705,demo,D10,local,Recoleta,0.15963,0.017,12.63894,0.73942,0.26415,12,-25.29296,-57.60725,baja
demo_2706,demo,D00,local,Carmelitas,0.14379,0.00317,0.26844,0.66071,0.40034,12,-25.2877,-57.57458,baja
demo_2707,demo,D10,arterial,Sajonia,0.1374,0.00802,3.97633,0.89289,0.30902,12,-25.29202,-57.64947,media
demo_2708,demo,D00,colectora,Villa Morra,0.11372,0.00491,0.21938,0.63916,0.4008,12,-25.28954,-57.5797,baja
demo_2709,demo,D20,arterial,Recoleta,0.11016,0.03669,0.79958,0.89177,0.18636,12,-25.29074,-57.61004,alta
demo_2710,demo,D00,colectora,Recoleta,0.10112,0.00906,0.64632,0.83872,0.2321,12,-25.294,-57.61034,baja
demo_2711,demo,D00,colectora,San Vicente,0.73441,0.07444,0.63252,0.78218,0.11283,1,-25.31435,-57.61034,media
demo_2712,demo,D10,arterial,Sajonia,0.46831,0.10503,9.3388,0.57184,0.49681,1,-25.29684,-57.65319,alta
demo_2713,demo,D40,arterial,Las Mercedes,0.43159,0.00239,1.03799,0.78657,0.46601,9,-25.29273,-57.62501,alta
demo_2714,demo,D40,local,Sajonia,0.41115,0.00222,1.22539,0.97872,0.50924,9,-25.29869,-57.64737,media
demo_2715,demo,D40,local,Trinidad,0.21605,0.00074,1.63358,0.65106,0.29535,9,-25.25163,-57.5939,media
demo_2716,demo,D40,arterial,Carmelitas,0.15482,0.00357,1.11032,0.78314,0.46509,9,-25.28607,-57.57672,alta
demo_2717,demo,D40,arterial,Las Mercedes,0.15013,0.00682,1.29577,0.87261,0.53021,9,-25.29056,-57.62203,alta
demo_2718,demo,D20,local,Centro,0.13257,0.08319,1.0206,0.85673,0.54777,9,-25.27946,-57.63671,alta
demo_2719,demo,D40,colectora,Villa Morra,0.12773,0.00475,1.50339,0.79048,0.4501,9,-25.29652,-57.57437,media
demo_2720,demo,D40,local,Carmelitas,0.12552,0.00104,2.01828,0.77364,0.39285,9,-25.28319,-57.57471,media
demo_2721,demo,D20,colectora,Barrio Obrero,0.11612,0.02142,1.68716,0.94344,0.90493,9,-25.31823,-57.62062,baja
demo_2722,demo,D10,local,Sajonia,0.13577,0.04126,4.48202,0.12809,0.21502,3,-25.29239,-57.64922,media
demo_2723,demo,D40,colectora,Villa Morra,0.12741,0.07579,0.89614,0.14877,0.52153,3,-25.29729,-57.57739,alta
demo_2724,demo,D10,arterial,Villa Morra,0.10633,0.05785,3.09527,0.10943,0.2118,3,-25.29984,-57.58142,media
demo_2725,demo,D00,colectora,Trinidad,0.38917,0.01104,0.51618,0.80094,0.56678,1,-25.2599,-57.594,baja
demo_2726,demo,D40,local,Recoleta,0.89271,0.00772,0.89954,0.29558,0.46224,2,-25.29105,-57.61041,media
demo_2727,demo,D40,arterial,Sajonia,0.55868,0.00098,0.49975,0.2981,0.40017,2,-25.2924,-57.65299,alta
demo_2728,demo,D20,arterial,Centro,0.37118,0.10705,1.59152,0.86202,0.20682,7,-25.28242,-57.63532,alta
demo_2729,demo,D40,local,Barrio Obrero,0.35226,0.01255,1.31764,0.82324,0.34301,7,-25.31751,-57.62492,media
demo_2730,demo,D40,local,Mburucuyá,0.312,0.02368,1.14255,0.80907,0.35054,7,-25.27766,-57.5791,alta
demo_2731,demo,D40,colectora,Recoleta,0.28767,0.00902,1.51378,0.80977,0.34418,7,-25.29539,-57.60363,media
demo_2732,demo,D00,local,Mburucuyá,0.21575,0.01442,0.79514,0.69597,0.67656,7,-25.28256,-57.58329,baja
demo_2733,demo,D40,local,Carmelitas,0.20678,0.01459,1.23711,0.79335,0.36044,7,-25.28635,-57.5684,media
demo_2734,demo,D10,colectora,Villa Morra,0.15353,0.01959,6.09254,0.74942,0.61777,7,-25.29492,-57.57197,baja
demo_2735,demo,D20,local,Las Mercedes,0.35731,0.14212,1.42376,0.80942,0.44226,7,-25.29229,-57.63089,alta
demo_2736,demo,D10,colectora,San Vicente,0.32548,0.10548,3.33187,0.87368,0.3004,7,-25.31017,-57.60792,media
demo_2737,demo,D00,colectora,Carmelitas,0.31518,0.00406,0.28903,0.9152,0.97012,7,-25.28481,-57.57026,baja
demo_2738,demo,D10,arterial,Barrio Obrero,0.20024,0.16779,2.30497,0.82937,0.31094,7,-25.31448,-57.62602,alta
demo_2739,demo,D10,colectora,Las Mercedes,0.19643,0.05484,2.33512,0.89187,0.18282,7,-25.29526,-57.62955,media
demo_2740,demo,D20,local,Barrio Obrero,0.14224,0.18753,1.89434,0.80976,0.3391,7,-25.31647,-57.62607,alta
demo_2741,demo,D10,arterial,Mburucuyá,0.11936,0.00268,1.43439,0.79474,0.03101,7,-25.27947,-57.57613,baja
demo_2742,demo,D00,local,Las Mercedes,0.49417,0.03608,0.41999,0.55215,0.15894,10,-25.29451,-57.61799,media
demo_2743,demo,D00,colectora,Trinidad,0.38812,0.23488,0.71366,0.47929,0.75522,10,-25.2555,-57.59621,media
demo_2744,demo,D10,colectora,Trinidad,0.32022,0.0181,6.02176,0.35629,0.43652,10,-25.25916,-57.58979,baja
demo_2745,demo,D00,local,Sajonia,0.24061,0.00441,0.35184,0.20695,0.38757,10,-25.29451,-57.64456,baja
demo_2746,demo,D00,local,Sajonia,0.17112,0.00741,0.36226,0.19234,0.39012,10,-25.28891,-57.65086,baja
demo_2747,demo,D00,local,Sajonia,0.15607,0.05193,0.45118,0.63645,0.85857,10,-25.29446,-57.64576,media
demo_2748,demo,D00,colectora,Trinidad,0.14214,0.01046,0.36614,0.49486,0.1908,10,-25.25947,-57.59252,baja
demo_2749,demo,D00,arterial,Carmelitas,0.14121,0.08143,0.41295,0.47328,0.19778,10,-25.29076,-57.57403,alta
demo_2750,demo,D00,colectora,Las Mercedes,0.13833,0.00358,0.48928,0.75706,0.05103,10,-25.29385,-57.62392,baja
demo_2751,demo,D10,local,Carmelitas,0.12186,0.01195,6.17127,0.35092,0.4532,10,-25.28775,-57.57156,baja
demo_2752,demo,D20,local,Mburucuyá,0.65196,0.04854,1.61235,0.59427,0.60005,3,-25.28036,-57.57631,media
demo_2753,demo,D20,local,Barrio Obrero,0.24934,0.04374,3.45775,0.94376,0.56559,3,-25.31426,-57.62613,media
demo_2754,demo,D20,colectora,Las Mercedes,0.13965,0.06941,5.67126,0.94468,0.66496,3,-25.30028,-57.61994,media
demo_2755,demo,D00,arterial,Barrio Obrero,0.46033,0.1101,1.30028,0.77381,0.81082,5,-25.31975,-57.62094,alta
demo_2756,demo,D10,local,San Vicente,0.28596,0.01279,4.451,0.69437,0.88072,5,-25.31041,-57.60906,baja
demo_2757,demo,D00,local,Centro,0.1552,0.01155,0.4843,0.7847,0.51941,5,-25.28491,-57.63447,baja
demo_2758,demo,D00,local,Villa Morra,0.14229,0.05019,1.26218,0.81004,0.87415,5,-25.29698,-57.57747,media
demo_2759,demo,D10,local,Villa Morra,0.13391,0.00754,3.40092,0.69609,0.83726,5,-25.28944,-57.57946,baja
demo_2760,demo,D20,local,Carmelitas,0.28618,0.10223,1.14063,0.84949,0.6721,2,-25.28909,-57.57054,alta
demo_2761,demo,D20,colectora,Centro,0.11012,0.11436,1.7191,0.87104,0.74203,2,-25.28233,-57.64094,alta
demo_2762,demo,D00,colectora,Centro,0.14994,0.01895,0.62276,0.90806,0.65115,1,-25.28686,-57.63643,baja
demo_2763,demo,D20,arterial,Recoleta,0.72474,0.32591,2.29463,0.8112,0.45709,7,-25.2924,-57.60022,alta
demo_2764,demo,D10,arterial,Mburucuyá,0.34662,0.00217,4.87738,0.66846,0.47613,7,-25.28206,-57.58144,media
demo_2765,demo,D10,colectora,Las Mercedes,0.24038,0.00624,4.75576,0.87493,0.47527,7,-25.29221,-57.62213,baja
demo_2766,demo,D10,arterial,Las Mercedes,0.23944,0.00363,4.62203,0.75583,0.47657,7,-25.29117,-57.62846,baja
demo_2767,demo,D10,colectora,Recoleta,0.17975,0.00162,4.95844,0.63082,0.47547,7,-25.29369,-57.61162,baja
demo_2768,demo,D20,arterial,Carmelitas,0.14192,0.14041,0.99224,0.81191,0.26639,7,-25.28051,-57.57054,alta
demo_2769,demo,D20,colectora,Sajonia,0.12614,0.13507,0.97801,0.81388,0.69104,7,-25.2921,-57.64634,alta
demo_2770,demo,D00,colectora,Villa Morra,0.12534,0.05491,0.56498,0.8391,0.48921,1,-25.29181,-57.57961,media
demo_2771,demo,D00,local,San Vicente,0.1291,0.0316,0.70243,0.89077,0.5382,4,-25.31317,-57.61039,media
demo_2772,demo,D00,arterial,Trinidad,0.12172,0.02066,0.60868,0.87699,0.52116,4,-25.25678,-57.59072,media
demo_2773,demo,D20,colectora,Centro,0.1169,0.00885,1.12915,0.74343,0.4135,4,-25.28802,-57.63471,baja
demo_2774,demo,D20,colectora,Sajonia,0.11194,0.01318,0.91584,0.72745,0.41744,4,-25.29689,-57.64868,media
demo_2775,demo,D00,colectora,Las Mercedes,0.61042,0.01052,0.25696,0.89786,0.37246,1,-25.29134,-57.62359,baja
demo_2776,demo,D10,local,Recoleta,0.51456,0.04437,3.56175,0.79623,0.80114,1,-25.29181,-57.61208,media
demo_2777,demo,D00,arterial,San Vicente,0.56833,0.02454,0.52765,0.82434,0.17851,5,-25.31315,-57.61088,media
demo_2778,demo,D10,arterial,San Vicente,0.35023,0.0044,3.73561,0.92996,0.06488,5,-25.305,-57.60319,media
demo_2779,demo,D00,local,San Vicente,0.1676,0.02622,0.83138,0.81592,0.07383,5,-25.31613,-57.60382,media
demo_2780,demo,D00,colectora,Trinidad,0.14882,0.00653,0.97028,0.77007,0.10817,5,-25.25683,-57.59531,baja
demo_2781,demo,D00,arterial,Trinidad,0.11593,0.03544,0.58325,0.84027,0.16431,5,-25.25745,-57.59947,media
demo_2782,demo,D20,arterial,Recoleta,0.85569,0.36055,2.6044,0.81396,0.51468,1,-25.29433,-57.61051,alta
demo_2783,demo,D00,local,Villa Morra,0.61461,0.08544,0.1514,0.62407,0.45714,1,-25.29336,-57.57739,media
demo_2784,demo,D00,arterial,Las Mercedes,0.77134,0.00835,0.51011,0.88644,0.22325,1,-25.29429,-57.62301,media
demo_2785,demo,D00,arterial,Centro,0.59845,0.02172,0.3362,0.86813,0.17336,2,-25.28987,-57.63375,media
demo_2786,demo,D00,local,Sajonia,0.18788,0.03253,0.52089,0.83508,0.09434,2,-25.29751,-57.6478,media
demo_2787,demo,D20,colectora,Recoleta,0.63411,0.17173,3.42266,0.8377,0.61233,2,-25.28932,-57.60179,alta
demo_2788,demo,D00,colectora,San Vicente,0.29781,0.01693,0.26471,0.80141,0.53275,2,-25.31159,-57.60575,baja
demo_2789,demo,D10,arterial,Centro,0.11033,0.00262,4.62813,0.84252,0.59813,1,-25.2815,-57.63705,baja
demo_2790,demo,D40,colectora,Carmelitas,0.39237,0.0052,1.09766,0.82907,0.19209,1,-25.28523,-57.57282,media
demo_2791,demo,D00,local,Barrio Obrero,0.70767,0.00438,0.36481,0.69325,0.23871,2,-25.31465,-57.62843,baja
demo_2792,demo,D10,local,Sajonia,0.4499,0.02994,2.548,0.83916,0.13899,2,-25.29494,-57.64631,media
demo_2793,demo,D10,arterial,Carmelitas,0.38853,0.00251,4.25739,0.77508,0.55999,4,-25.28806,-57.5722,media
demo_2794,demo,D10,arterial,Carmelitas,0.19517,0.00453,5.90809,0.83067,0.47473,4,-25.28259,-57.57222,media
demo_2795,demo,D10,colectora,San Vicente,0.14162,0.02466,9.31437,0.83576,0.30853,4,-25.31499,-57.6045,media
demo_2796,demo,D10,local,Recoleta,0.13368,0.02047,10.17216,0.84421,0.23313,4,-25.29223,-57.6116,media
demo_2797,demo,D20,colectora,Mburucuyá,0.60257,0.14136,1.59259,0.85052,0.69666,2,-25.28107,-57.57832,alta
demo_2798,demo,D10,local,Mburucuyá,0.32537,0.00855,5.45523,0.95321,0.89201,2,-25.27421,-57.57927,baja
demo_2799,demo,D10,arterial,Recoleta,0.28197,0.01841,5.69293,0.6284,0.23842,1,-25.29393,-57.61092,media
demo_2800,demo,D10,arterial,Trinidad,0.15943,0.01175,5.46613,0.95146,0.29591,2,-25.25898,-57.59603,media
demo_2801,demo,D10,local,Mburucuyá,0.1212,0.01665,3.91146,0.95164,0.29103,2,-25.27777,-57.58111,baja
demo_2802,demo,D10,local,Carmelitas,0.33331,0.02575,12.4658,0.82343,0.28722,6,-25.284,-57.56862,media
demo_2803,demo,D00,local,Sajonia,0.28858,0.01015,0.27761,0.70277,0.44666,6,-25.29059,-57.64476,baja
demo_2804,demo,D00,arterial,Trinidad,0.22361,0.00702,0.30843,0.72149,0.45016,6,-25.25781,-57.59557,media
demo_2805,demo,D10,colectora,Trinidad,0.16002,0.01468,14.67167,0.82196,0.33451,6,-25.25644,-57.59945,baja
demo_2806,demo,D10,local,Las Mercedes,0.15895,0.02533,12.13289,0.81587,0.27821,6,-25.28754,-57.62304,media
demo_2807,demo,D00,colectora,Barrio Obrero,0.15603,0.00502,0.35884,0.73946,0.45345,6,-25.31945,-57.62767,baja
demo_2808,demo,D00,local,Sajonia,0.44607,0.01615,0.51885,0.91137,0.36892,2,-25.29221,-57.64933,baja
demo_2809,demo,D00,colectora,Barrio Obrero,0.22841,0.02706,0.86295,0.91104,0.3997,2,-25.31238,-57.62405,media
demo_2810,demo,D20,local,Barrio Obrero,0.36949,0.2577,1.87398,0.80301,0.34893,4,-25.32198,-57.6253,alta
demo_2811,demo,D20,arterial,San Vicente,0.16703,0.10074,0.92934,0.78904,0.15299,4,-25.30752,-57.60434,alta
demo_2812,demo,D00,arterial,Trinidad,0.1509,0.00274,0.51625,0.65876,0.36106,4,-25.25597,-57.5965,media
demo_2813,demo,D20,colectora,Trinidad,0.13107,0.15205,1.17373,0.79087,0.21148,4,-25.26419,-57.59641,alta
demo_2814,demo,D00,colectora,Carmelitas,0.64894,0.01183,0.34001,0.75753,0.48619,3,-25.28178,-57.57112,baja
demo_2815,demo,D00,arterial,Recoleta,0.18524,0.01217,3.00844,0.70223,0.14493,3,-25.29254,-57.6154,media
demo_2816,demo,D00,local,Barrio Obrero,0.13741,0.00815,0.27668,0.76662,0.47868,3,-25.31329,-57.61548,baja
demo_2817,demo,D00,arterial,Recoleta,0.56532,0.01707,0.59181,0.78331,0.57164,3,-25.28976,-57.61013,media
demo_2818,demo,D00,arterial,Trinidad,0.34057,0.06095,0.59666,0.8381,0.60835,3,-25.2618,-57.59646,media
demo_2819,demo,D00,local,Centro,0.14254,0.01381,0.90334,0.93732,0.65981,3,-25.28243,-57.64094,baja
demo_2820,demo,D00,colectora,Villa Morra,0.47449,0.00934,0.25586,0.69276,0.42037,1,-25.29319,-57.57735,baja
demo_2821,demo,D40,local,Carmelitas,0.18766,0.00342,2.46103,0.71947,0.21737,2,-25.28745,-57.57327,baja
demo_2822,demo,D40,colectora,San Vicente,0.14141,0.00555,3.49106,0.71938,0.23956,2,-25.30908,-57.60827,baja
demo_2823,demo,D40,arterial,Recoleta,0.65321,0.0076,2.42487,0.61134,0.51707,3,-25.29523,-57.60728,alta
demo_2824,demo,D40,colectora,San Vicente,0.47275,0.01256,2.8334,0.69141,0.42259,3,-25.30857,-57.60754,media
demo_2825,demo,D40,colectora,Recoleta,0.17214,0.0023,2.10816,0.6894,0.48024,3,-25.28633,-57.60717,media
demo_2826,demo,D40,colectora,Barrio Obrero,0.33664,0.00523,1.01637,0.78086,0.66317,3,-25.3161,-57.62374,media
demo_2827,demo,D40,arterial,San Vicente,0.17119,0.00664,1.86664,0.73586,0.76135,3,-25.31222,-57.60625,alta
demo_2828,demo,D40,arterial,Mburucuyá,0.15558,0.01459,1.85942,0.80291,0.87949,3,-25.28078,-57.58368,alta
demo_2829,demo,D20,local,Sajonia,0.42352,0.01118,1.2705,0.77308,0.6529,1,-25.29468,-57.64737,media
demo_2830,demo,D00,local,Carmelitas,0.61148,0.05292,0.38717,0.81515,0.41876,8,-25.28752,-57.5749,media
demo_2831,demo,D00,arterial,Recoleta,0.19296,0.08397,1.03539,0.84235,0.84933,8,-25.29166,-57.60357,alta
demo_2832,demo,D10,arterial,Mburucuyá,0.16033,0.00363,3.69857,0.61954,0.39414,8,-25.28199,-57.57977,media
demo_2833,demo,D10,colectora,Barrio Obrero,0.15117,0.00256,4.329,0.6236,0.39491,8,-25.31598,-57.62373,baja
demo_2834,demo,D00,local,Mburucuyá,0.151,0.00716,0.64855,0.94719,0.72682,8,-25.28259,-57.57981,baja
demo_2835,demo,D10,colectora,Villa Morra,0.14157,0.00404,4.22042,0.95547,0.90145,8,-25.29348,-57.57864,baja
demo_2836,demo,D00,colectora,Centro,0.14007,0.12956,0.98586,0.8054,0.81686,8,-25.28457,-57.63935,media
demo_2837,demo,D00,colectora,Barrio Obrero,0.10074,0.01053,0.9697,0.94789,0.74289,8,-25.31852,-57.62762,baja
demo_2838,demo,D10,colectora,Barrio Obrero,0.22662,0.00596,6.38762,0.65739,0.79274,2,-25.31856,-57.62569,baja
demo_2839,demo,D10,colectora,Sajonia,0.1617,0.00656,5.19649,0.73439,0.42068,2,-25.29233,-57.64699,baja
demo_2840,demo,D20,colectora,Sajonia,0.70325,0.16566,0.81184,0.75768,0.81616,1,-25.29813,-57.64734,alta
demo_2841,demo,D00,local,Villa Morra,0.25682,0.01384,0.30892,0.85411,0.81306,2,-25.29256,-57.57361,baja
demo_2842,demo,D00,colectora,Barrio Obrero,0.10842,0.00807,0.43488,0.89309,0.81509,2,-25.31585,-57.62649,baja
demo_2843,demo,D10,local,San Vicente,0.52419,0.08954,11.12626,0.40369,0.50043,2,-25.30934,-57.60512,media
demo_2844,demo,D10,arterial,Carmelitas,0.15449,0.00781,5.06728,0.41147,0.90019,2,-25.28386,-57.57385,baja
demo_2845,demo,D10,colectora,Trinidad,0.46224,0.18461,5.41506,0.79032,0.50009,1,-25.26204,-57.59281,media
demo_2846,demo,D00,colectora,Recoleta,0.42058,0.00382,0.33824,0.4591,0.52719,1,-25.29102,-57.60888,baja
demo_2847,demo,D00,colectora,Recoleta,0.78298,0.02237,0.68037,0.85292,0.10225,6,-25.29207,-57.60822,media
demo_2848,demo,D10,arterial,Las Mercedes,0.66708,0.00966,2.55535,0.83339,0.60632,6,-25.29438,-57.6243,media
demo_2849,demo,D10,local,Las Mercedes,0.35192,0.01313,9.32468,0.75249,0.17495,6,-25.29656,-57.62125,baja
demo_2850,demo,D20,colectora,Las Mercedes,0.11862,0.02415,0.6168,0.75871,0.3919,6,-25.28822,-57.6206,media
demo_2851,demo,D00,arterial,Villa Morra,0.11797,0.00149,0.44737,0.62013,0.26113,6,-25.29106,-57.57541,media
demo_2852,demo,D00,arterial,Las Mercedes,0.10504,0.02572,1.09337,0.64955,0.08405,6,-25.29466,-57.62557,media
demo_2853,demo,D00,colectora,San Vicente,0.3264,0.18206,0.68962,0.65366,0.82283,2,-25.3108,-57.60954,media
demo_2854,demo,D00,arterial,Sajonia,0.14351,0.05742,0.23594,0.72817,0.56483,2,-25.29322,-57.64814,media
demo_2855,demo,D40,local,Sajonia,0.63384,0.00275,1.88015,0.74169,0.4655,3,-25.29553,-57.64921,media
demo_2856,demo,D20,local,Villa Morra,0.59429,0.33531,2.29764,0.80899,0.52207,3,-25.2951,-57.58113,alta
demo_2857,demo,D20,local,Sajonia,0.11653,0.0722,1.66939,0.89587,0.78662,3,-25.29608,-57.64824,media
demo_2858,demo,D20,colectora,Villa Morra,0.3949,0.03555,1.2872,0.78577,0.35084,1,-25.29634,-57.57577,media
demo_2859,demo,D40,arterial,Centro,0.84544,0.11778,0.27719,0.50591,0.38721,3,-25.28473,-57.63872,alta
demo_2860,demo,D00,arterial,Sajonia,0.27719,0.00731,0.55377,0.05893,0.23763,3,-25.29177,-57.64718,media
demo_2861,demo,D00,local,Recoleta,0.19805,0.01125,0.86088,0.05716,0.25623,3,-25.29564,-57.61092,baja
demo_2862,demo,D00,local,Recoleta,0.2384,0.03294,0.69733,0.86652,0.65268,3,-25.2889,-57.60821,media
demo_2863,demo,D00,arterial,Sajonia,0.11,0.01529,0.7801,0.76446,0.5848,3,-25.29233,-57.64961,media
demo_2864,demo,D00,colectora,San Vicente,0.10656,0.03903,0.63777,0.84623,0.63446,3,-25.30491,-57.60663,media
demo_2865,demo,D00,local,Barrio Obrero,0.12342,0.00407,0.35717,0.9456,0.80824,1,-25.31415,-57.62648,baja
demo_2866,demo,D10,local,San Vicente,0.60296,0.00738,4.22215,0.78597,0.61629,2,-25.3128,-57.6126,baja
demo_2867,demo,D10,colectora,Sajonia,0.15932,0.01064,3.80511,0.79054,0.60446,2,-25.29578,-57.64181,baja
demo_2868,demo,D10,colectora,Barrio Obrero,0.70691,0.01694,5.90256,0.20068,0.47525,10,-25.31921,-57.62948,baja
demo_2869,demo,D10,local,Villa Morra,0.34121,0.2067,4.81566,0.89641,0.49885,10,-25.29528,-57.57321,media
demo_2870,demo,D00,colectora,Carmelitas,0.33554,0.00946,0.29333,0.08987,0.26492,10,-25.28211,-57.57133,baja
demo_2871,demo,D00,local,Las Mercedes,0.30962,0.00544,0.23751,0.07569,0.25879,10,-25.2936,-57.62457,baja
demo_2872,demo,D00,local,Villa Morra,0.16359,0.04703,0.12136,0.54128,0.27059,10,-25.29335,-57.57964,media
demo_2873,demo,D20,arterial,Villa Morra,0.14948,0.19549,4.93138,0.90045,0.49918,10,-25.29478,-57.57998,alta
demo_2874,demo,D00,colectora,Carmelitas,0.14211,0.01892,0.14262,0.67586,0.26466,10,-25.29254,-57.57102,baja
demo_2875,demo,D00,colectora,Sajonia,0.12752,0.03595,0.20239,0.643,0.28058,10,-25.28659,-57.64975,media
demo_2876,demo,D00,arterial,Trinidad,0.1093,0.01035,0.35946,0.08486,0.2543,10,-25.26219,-57.59444,media
demo_2877,demo,D00,arterial,Mburucuyá,0.10877,0.04963,0.30875,0.65155,0.3051,10,-25.27628,-57.57916,media
demo_2878,demo,D20,colectora,Carmelitas,0.84602,0.67194,1.48823,0.65118,0.5,2,-25.28312,-57.57145,alta
demo_2879,demo,D10,arterial,Sajonia,0.1412,0.13107,7.44234,0.8279,0.49921,2,-25.29497,-57.64589,alta
demo_2880,demo,D00,colectora,Centro,0.43687,0.01648,0.74864,0.77472,0.05554,2,-25.28746,-57.63153,baja
demo_2881,demo,D00,colectora,Las Mercedes,0.15898,0.00228,0.45073,0.65501,0.29745,2,-25.29875,-57.62254,baja
demo_2882,demo,D20,local,Trinidad,0.69875,0.10483,1.06093,0.84283,0.83325,1,-25.2552,-57.59414,alta
demo_2883,demo,D20,colectora,Las Mercedes,0.35986,0.12251,1.61625,0.86228,0.77733,3,-25.29388,-57.62484,alta
demo_2884,demo,D20,colectora,Recoleta,0.18787,0.0824,2.20432,0.90333,0.78622,3,-25.29521,-57.61147,alta
demo_2885,demo,D40,arterial,Recoleta,0.13262,0.01562,1.62678,0.83033,0.32676,3,-25.29617,-57.61092,alta
demo_2886,demo,D10,arterial,Barrio Obrero,0.10418,0.00679,0.60717,0.93045,0.10418,1,-25.3162,-57.62713,baja
demo_2887,demo,D10,colectora,Recoleta,0.54888,0.01476,7.09908,0.75785,0.22924,5,-25.29298,-57.61001,baja
demo_2888,demo,D20,local,Trinidad,0.17206,0.11022,0.91839,0.82657,0.51423,5,-25.2614,-57.59499,alta
demo_2889,demo,D00,local,San Vicente,0.14128,0.08227,0.78805,0.83845,0.50167,5,-25.30767,-57.6023,media
demo_2890,demo,D00,local,Recoleta,0.13374,0.08506,1.62387,0.78281,0.81236,5,-25.28938,-57.6116,media
demo_2891,demo,D20,local,Villa Morra,0.10427,0.01475,0.91654,0.70778,0.51286,5,-25.29647,-57.57785,baja
demo_2892,demo,D00,arterial,Sajonia,0.45486,0.00494,1.06171,0.81462,0.39697,1,-25.2917,-57.64683,media
demo_2893,demo,D10,arterial,Sajonia,0.59356,0.04729,7.49411,0.72651,0.43757,1,-25.29212,-57.64269,media
demo_2894,demo,D00,local,Las Mercedes,0.7977,0.07386,0.68476,0.79175,0.14919,1,-25.2882,-57.6242,media
demo_2895,demo,D00,colectora,Carmelitas,0.60545,0.09159,0.34837,0.25667,0.46043,2,-25.28374,-57.57092,media
demo_2896,demo,D00,colectora,Sajonia,0.26625,0.01672,0.23766,0.86734,0.46298,2,-25.29104,-57.64553,baja
demo_2897,demo,D20,arterial,Centro,0.79371,0.16188,0.96304,0.79501,0.80258,2,-25.27828,-57.63609,alta
demo_2898,demo,D10,colectora,Trinidad,0.11402,0.00284,2.32014,0.42459,0.04071,2,-25.25707,-57.59023,baja
demo_2899,demo,D40,arterial,Recoleta,0.29564,0.0019,1.86215,0.76116,0.50911,2,-25.29251,-57.61083,alta
demo_2900,demo,D40,arterial,Mburucuyá,0.13027,0.00117,1.22941,0.81498,0.49077,2,-25.28473,-57.57452,alta
demo_2901,demo,D10,local,San Vicente,0.49206,0.16092,2.83139,0.7793,0.38382,1,-25.30783,-57.60573,media
demo_2902,demo,D10,arterial,Trinidad,0.45596,0.01667,8.48242,0.70719,0.43914,2,-25.26365,-57.59735,media
demo_2903,demo,D10,colectora,Las Mercedes,0.18532,0.02844,11.54437,0.91861,0.45315,2,-25.29065,-57.62161,media
demo_2904,demo,D00,colectora,Sajonia,0.2117,0.0497,0.61728,0.85812,0.47206,4,-25.29243,-57.65433,media
demo_2905,demo,D00,colectora,Centro,0.13823,0.03529,0.40118,0.85171,0.50637,4,-25.2806,-57.6314,media
demo_2906,demo,D00,local,Recoleta,0.1135,0.05866,1.28937,0.8737,0.13759,4,-25.28868,-57.61279,media
demo_2907,demo,D40,colectora,Centro,0.11121,0.00188,1.39715,0.71118,0.53891,4,-25.28734,-57.64638,media
demo_2908,demo,D20,local,Trinidad,0.7575,0.2196,0.54553,0.46481,0.82651,1,-25.25926,-57.59416,alta
demo_2909,demo,D00,local,Carmelitas,0.24967,0.0711,0.80791,0.80265,0.1916,2,-25.28485,-57.57693,media
demo_2910,demo,D00,colectora,Trinidad,0.10734,0.03582,0.76906,0.84979,0.15656,2,-25.25377,-57.59196,media
demo_2911,demo,D20,local,Mburucuyá,0.74731,0.18247,3.06121,0.86934,0.62187,1,-25.28542,-57.58454,alta
demo_2912,demo,D20,local,Trinidad,0.54485,0.1954,1.21162,0.79921,0.3194,3,-25.26213,-57.59849,alta
demo_2913,demo,D10,arterial,Sajonia,0.21176,0.00569,5.25811,0.75582,0.18111,3,-25.2944,-57.6451,media
demo_2914,demo,D20,colectora,Centro,0.14303,0.08068,2.64044,0.9126,0.27421,3,-25.28266,-57.63596,alta
demo_2915,demo,D20,local,Trinidad,0.38544,0.05338,1.19061,0.79327,0.35323,4,-25.25401,-57.59047,media
demo_2916,demo,D40,colectora,Centro,0.19879,0.00111,1.61493,0.59844,0.43576,4,-25.28646,-57.63401,media
demo_2917,demo,D20,local,Villa Morra,0.16797,0.03665,1.23076,0.78315,0.37069,4,-25.29786,-57.57608,media
demo_2918,demo,D40,local,Trinidad,0.10053,0.00192,1.60954,0.59726,0.4414,4,-25.25997,-57.59165,baja
demo_2919,demo,D00,colectora,Carmelitas,0.20627,0.05334,0.43997,0.81869,0.42674,1,-25.2847,-57.57645,media
demo_2920,demo,D20,local,Mburucuyá,0.84769,0.09139,1.25192,0.34786,0.57698,4,-25.28519,-57.58406,alta
demo_2921,demo,D00,local,Sajonia,0.73194,0.27664,0.37064,0.56804,0.16201,4,-25.29546,-57.64805,media
demo_2922,demo,D20,local,Barrio Obrero,0.64598,0.31768,1.3828,0.76034,0.66785,4,-25.31455,-57.62427,alta
demo_2923,demo,D10,colectora,Mburucuyá,0.34804,0.00991,4.89207,0.66273,0.28595,4,-25.27611,-57.57956,baja
demo_2924,demo,D00,local,Carmelitas,0.46973,0.02165,0.58776,0.80247,0.52743,1,-25.29,-57.57386,media
demo_2925,demo,D00,arterial,Carmelitas,0.23918,0.02332,0.24867,0.81032,0.10153,1,-25.27951,-57.57298,media
demo_2926,demo,D40,arterial,Villa Morra,0.49733,0.00424,2.06942,0.90154,0.87438,10,-25.29516,-57.56968,alta
demo_2927,demo,D20,local,Centro,0.47981,0.16829,1.72498,0.84336,0.2694,10,-25.28535,-57.63203,alta
demo_2928,demo,D40,local,Carmelitas,0.31462,0.00158,1.14451,0.95792,0.94904,10,-25.2827,-57.57395,media
demo_2929,demo,D40,colectora,San Vicente,0.29458,0.00674,2.47278,0.97354,0.51642,10,-25.3074,-57.61165,media
demo_2930,demo,D40,colectora,Recoleta,0.25935,0.02366,2.18607,0.85703,0.74245,10,-25.2943,-57.61136,alta
demo_2931,demo,D40,arterial,Recoleta,0.22111,0.00611,1.87623,0.90361,0.87769,10,-25.29082,-57.60664,alta
demo_2932,demo,D20,arterial,Villa Morra,0.21077,0.2602,2.80053,0.84759,0.4311,10,-25.29725,-57.57807,alta
demo_2933,demo,D40,local,Barrio Obrero,0.20016,0.01256,2.23756,0.848,0.77812,10,-25.32325,-57.628,media
demo_2934,demo,D40,arterial,Las Mercedes,0.16908,0.00832,1.86155,0.84375,0.76699,10,-25.28989,-57.62722,alta
demo_2935,demo,D40,arterial,Centro,0.15447,0.01512,2.42196,0.84883,0.74215,10,-25.28155,-57.63691,alta
